id,department,regulation,academicYear,version,lastUpdated,year,semester,section,day,period,startTime,endTime,subjectName,subjectCode,faculty,room,building,credits,classType,laboratory,elective,batch,remarks
20a93918-5327-4f85-a651-1f5ba573eac0,CSE,2021,2026-2027,1.2,2026-07-19T06:43:29.540140Z,1,1,A,Monday,1,08:45,09:35,Engineering Chemistry,CY3151,Dr. S. Kumar,C117,IT Block,3,Lecture,,,All,
2c3953e8-6b4e-4fd8-a0e3-ce542e0983d2,CSE,2021,2026-2027,1.2,2026-07-19T06:43:29.540140Z,1,1,A,Monday,2,09:35,10:25,Matrices and Calculus,MA3151,Dr. R. Karthik,C164,IT Block,4,Lecture,,,All,
b96805e3-b4ea-4c35-8c1a-fd160e79870e,CSE,2021,2026-2027,1.2,2026-07-19T06:43:29.540140Z,1,1,A,Monday,3,10:45,11:35,Engineering Chemistry,CY3151,Dr. S. Kumar,C301,IT Block,3,Lecture,,,All,
8ab5e596-87ae-42d0-9d83-88071f413a0a,CSE,2021,2026-2027,1.2,2026-07-19T06:43:29.540140Z,1,1,A,Monday,4,11:35,12:25,Engineering Chemistry,CY3151,Dr. S. Kumar,C358,IT Block,3,Lecture,,,All,
a84b3bd4-da7e-4e0e-8ef1-9c53f73e7b08,CSE,2021,2026-2027,1.2,2026-07-19T06:43:29.540140Z,1,1,A,Monday,5,13:15,14:05,Professional English - I,HS3152,Dr. M. Karthik,C330,IT Block,3,Lecture,,,All,
bc4ad4d5-78dd-49e3-8e23-ce420454ee6e,CSE,2021,2026-2027,1.2,2026-07-19T06:43:29.540140Z,1,1,A,Monday,6,14:05,14:55,Professional English - I,HS3152,Dr. M. Karthik,C136,IT Block,3,Lecture,,,All,
1267db33-6414-4cc4-a2d4-da7d4ebd128c,CSE,2021,2026-2027,1.2,2026-07-19T06:43:29.540140Z,1,1,A,Monday,7,14:55,15:45,Matrices and Calculus,MA3151,Dr. R. Karthik,C308,IT Block,4,Lecture,,,All,
2c2e60db-ae10-4335-bad7-3497995b4307,CSE,2021,2026-2027,1.2,2026-07-19T06:43:29.540140Z,1,1,A,Tuesday,1,08:45,09:35,Professional English - I,HS3152,Dr. M. Karthik,C151,IT Block,3,Lecture,,,All,
7906c63c-1433-42a9-b424-9377d5b8408a,CSE,2021,2026-2027,1.2,2026-07-19T06:43:29.540140Z,1,1,A,Tuesday,2,09:35,10:25,Professional English - I,HS3152,Dr. M. Karthik,C389,IT Block,3,Lecture,,,All,
939520da-66b9-4440-b5de-dc21848c59ba,CSE,2021,2026-2027,1.2,2026-07-19T06:43:29.540140Z,1,1,A,Tuesday,3,10:45,11:35,Engineering Chemistry,CY3151,Dr. S. Kumar,C187,IT Block,3,Lecture,,,All,
a6ee8517-89c5-4a0a-ab6b-1d900ec04733,CSE,2021,2026-2027,1.2,2026-07-19T06:43:29.540140Z,1,1,A,Tuesday,4,11:35,12:25,Problem Solving and Python Programming,GE3151,Prof. A. Karthik,C271,IT Block,3,Lecture,,,All,
6fb9f483-6717-4305-b6f6-16a183c19e71,CSE,2021,2026-2027,1.2,2026-07-19T06:43:29.540140Z,1,1,A,Tuesday,5,13:15,14:05,Problem Solving and Python Programming Laboratory,GE3171,Prof. V. Natarajan,Lab-7,IT Block,2,Lab,Lab-7,,All,
5bdde6b5-f368-4d31-a5f4-8bbb36d7ed8d,CSE,2021,2026-2027,1.2,2026-07-19T06:43:29.540140Z,1,1,A,Tuesday,6,14:05,14:55,Problem Solving and Python Programming Laboratory,GE3171,Prof. V. Natarajan,Lab-7,IT Block,2,Lab,Lab-7,,All,
6a5b1da5-a805-44b3-93b1-4d2f39f27a88,CSE,2021,2026-2027,1.2,2026-07-19T06:43:29.540140Z,1,1,A,Tuesday,7,14:55,15:45,Problem Solving and Python Programming Laboratory,GE3171,Prof. V. Natarajan,Lab-7,IT Block,2,Lab,Lab-7,,All,
510cd34c-a900-4e8a-8a57-2fd563673f03,CSE,2021,2026-2027,1.2,2026-07-19T06:43:29.540140Z,1,1,A,Wednesday,1,08:45,09:35,Matrices and Calculus,MA3151,Dr. R. Karthik,C139,IT Block,4,Lecture,,,All,
6b140eae-7acb-4939-b3af-1a39421a5ead,CSE,2021,2026-2027,1.2,2026-07-19T06:43:29.540140Z,1,1,A,Wednesday,2,09:35,10:25,Heritage of Tamils,GE3152,Dr. M. Balaji,C297,IT Block,1,Lecture,,,All,
4d02b976-0f2b-4231-a432-2bc456ab1f8c,CSE,2021,2026-2027,1.2,2026-07-19T06:43:29.540140Z,1,1,A,Wednesday,3,10:45,11:35,Heritage of Tamils,GE3152,Dr. M. Balaji,C109,IT Block,1,Lecture,,,All,
ac8e6ca5-fb6e-4f89-9100-0a335973aed0,CSE,2021,2026-2027,1.2,2026-07-19T06:43:29.540140Z,1,1,A,Wednesday,4,11:35,12:25,Engineering Physics,PH3151,Prof. G. Srinivasan,C139,IT Block,3,Lecture,,,All,
d1c0c006-f446-41d2-8f92-45f9da4d54d4,CSE,2021,2026-2027,1.2,2026-07-19T06:43:29.540140Z,1,1,A,Wednesday,5,13:15,14:05,Matrices and Calculus,MA3151,Dr. R. Karthik,C194,IT Block,4,Lecture,,,All,
accaf4ec-74e5-40aa-91a6-95497551ff1d,CSE,2021,2026-2027,1.2,2026-07-19T06:43:29.540140Z,1,1,A,Wednesday,6,14:05,14:55,Problem Solving and Python Programming,GE3151,Prof. A. Karthik,C118,IT Block,3,Lecture,,,All,
b580426c-4cf4-42e2-864e-cdb24b5eaba9,CSE,2021,2026-2027,1.2,2026-07-19T06:43:29.540140Z,1,1,A,Wednesday,7,14:55,15:45,Problem Solving and Python Programming,GE3151,Prof. A. Karthik,C151,IT Block,3,Lecture,,,All,
1e435122-fe7c-4335-b245-4a68f7f19342,CSE,2021,2026-2027,1.2,2026-07-19T06:43:29.540140Z,1,1,A,Thursday,1,08:45,09:35,Engineering Physics,PH3151,Prof. G. Srinivasan,C335,IT Block,3,Lecture,,,All,
23427eee-7a33-4055-ac7b-4fcc48de1167,CSE,2021,2026-2027,1.2,2026-07-19T06:43:29.540140Z,1,1,A,Thursday,2,09:35,10:25,Engineering Chemistry,CY3151,Dr. S. Kumar,C128,IT Block,3,Lecture,,,All,
b7c9a8be-5ade-4acc-8571-e4b60afcfa63,CSE,2021,2026-2027,1.2,2026-07-19T06:43:29.540140Z,1,1,A,Thursday,3,10:45,11:35,Professional English - I,HS3152,Dr. M. Karthik,C292,IT Block,3,Lecture,,,All,
efe9baa3-21ab-49be-954c-addff8a44486,CSE,2021,2026-2027,1.2,2026-07-19T06:43:29.540140Z,1,1,A,Thursday,4,11:35,12:25,Heritage of Tamils,GE3152,Dr. M. Balaji,C384,IT Block,1,Lecture,,,All,
d20836c7-9541-4db8-a0aa-a3cf3a41b1f6,CSE,2021,2026-2027,1.2,2026-07-19T06:43:29.540140Z,1,1,A,Thursday,5,13:15,14:05,Physics and Chemistry Laboratory,BS3171,Dr. P. Sundaram,Lab-4,IT Block,2,Lab,Lab-4,,All,
961668af-316a-471d-b8a0-0a6e8fac8606,CSE,2021,2026-2027,1.2,2026-07-19T06:43:29.540140Z,1,1,A,Thursday,6,14:05,14:55,Physics and Chemistry Laboratory,BS3171,Dr. P. Sundaram,Lab-4,IT Block,2,Lab,Lab-4,,All,
30be0149-eb5a-4b2c-ab83-40da244c6f01,CSE,2021,2026-2027,1.2,2026-07-19T06:43:29.540140Z,1,1,A,Thursday,7,14:55,15:45,Physics and Chemistry Laboratory,BS3171,Dr. P. Sundaram,Lab-4,IT Block,2,Lab,Lab-4,,All,
abad60fe-ca12-452f-ba94-9b1944864d5a,CSE,2021,2026-2027,1.2,2026-07-19T06:43:29.540140Z,1,1,A,Friday,1,08:45,09:35,Heritage of Tamils,GE3152,Dr. M. Balaji,C275,IT Block,1,Lecture,,,All,
a457b9ab-4b01-4e74-8bc8-3369e9908d5b,CSE,2021,2026-2027,1.2,2026-07-19T06:43:29.540140Z,1,1,A,Friday,2,09:35,10:25,Engineering Physics,PH3151,Prof. G. Srinivasan,C377,IT Block,3,Lecture,,,All,
7a03f9a7-d477-4a89-9e51-929546e7670a,CSE,2021,2026-2027,1.2,2026-07-19T06:43:29.540140Z,1,1,A,Friday,3,10:45,11:35,Problem Solving and Python Programming,GE3151,Prof. A. Karthik,C216,IT Block,3,Lecture,,,All,
7c16a974-6b99-4bdb-8223-4a60d03439b4,CSE,2021,2026-2027,1.2,2026-07-19T06:43:29.540140Z,1,1,A,Friday,4,11:35,12:25,Engineering Physics,PH3151,Prof. G. Srinivasan,C294,IT Block,3,Lecture,,,All,
e99498a3-9218-41d6-93a5-4d92679a7db1,CSE,2021,2026-2027,1.2,2026-07-19T06:43:29.540140Z,1,1,A,Friday,5,13:15,14:05,Engineering Chemistry,CY3151,Dr. S. Kumar,C158,IT Block,3,Lecture,,,All,
698d4729-7074-4974-a499-68e42f32eac9,CSE,2021,2026-2027,1.2,2026-07-19T06:43:29.540140Z,1,1,A,Friday,6,14:05,14:55,Professional English - I,HS3152,Dr. M. Karthik,C265,IT Block,3,Lecture,,,All,
478613f8-6bfa-4ec2-bbf3-77133a72c800,CSE,2021,2026-2027,1.2,2026-07-19T06:43:29.540140Z,1,1,A,Friday,7,14:55,15:45,Matrices and Calculus,MA3151,Dr. R. Karthik,C222,IT Block,4,Lecture,,,All,
2ca72f10-e02c-4d35-9e50-f3ac737a725a,CSE,2021,2026-2027,1.2,2026-07-19T06:43:29.540140Z,1,1,A,Saturday,1,08:45,09:35,Problem Solving and Python Programming,GE3151,Prof. A. Karthik,C341,IT Block,3,Lecture,,,All,
986d866f-f157-42a6-b13d-4d35a6f0642a,CSE,2021,2026-2027,1.2,2026-07-19T06:43:29.540140Z,1,1,A,Saturday,2,09:35,10:25,Engineering Physics,PH3151,Prof. G. Srinivasan,C288,IT Block,3,Lecture,,,All,
d04526c3-1359-4783-a59f-9c85aba562a4,CSE,2021,2026-2027,1.2,2026-07-19T06:43:29.540140Z,1,1,A,Saturday,3,10:45,11:35,Heritage of Tamils,GE3152,Dr. M. Balaji,C141,IT Block,1,Lecture,,,All,
9c7b5070-fdce-40d0-aecc-cbb99d3695aa,CSE,2021,2026-2027,1.2,2026-07-19T06:43:29.540140Z,1,1,A,Saturday,4,11:35,12:25,Professional English - I,HS3152,Dr. M. Karthik,C327,IT Block,3,Lecture,,,All,
0b86e983-0841-4e44-b4df-35241a3d57cb,CSE,2021,2026-2027,1.2,2026-07-19T06:43:29.540140Z,1,1,A,Saturday,5,13:15,14:05,English Laboratory,GE3172,Dr. K. Krishnan,Lab-9,IT Block,1,Lab,Lab-9,,All,
c596ce71-0412-42b0-a5be-1bd8752e7e07,CSE,2021,2026-2027,1.2,2026-07-19T06:43:29.540140Z,1,1,A,Saturday,6,14:05,14:55,English Laboratory,GE3172,Dr. K. Krishnan,Lab-9,IT Block,1,Lab,Lab-9,,All,
0ae3ec0a-5adb-446b-8247-f000d272cf20,CSE,2021,2026-2027,1.2,2026-07-19T06:43:29.540140Z,1,1,A,Saturday,7,14:55,15:45,English Laboratory,GE3172,Dr. K. Krishnan,Lab-9,IT Block,1,Lab,Lab-9,,All,
3269addc-0340-4c8d-b2a5-7656d35c4179,CSE,2021,2026-2027,1.2,2026-07-19T06:43:29.540140Z,1,1,B,Monday,1,08:45,09:35,Engineering Physics,PH3151,Prof. A. Balaji,C258,IT Block,3,Lecture,,,All,
587439fb-01c5-47e8-94f7-01746bad3e3a,CSE,2021,2026-2027,1.2,2026-07-19T06:43:29.540140Z,1,1,B,Monday,2,09:35,10:25,Engineering Physics,PH3151,Prof. A. Balaji,C239,IT Block,3,Lecture,,,All,
c4adaec6-d67a-45f1-a72b-e384197eeb58,CSE,2021,2026-2027,1.2,2026-07-19T06:43:29.540140Z,1,1,B,Monday,3,10:45,11:35,Matrices and Calculus,MA3151,Prof. G. Venkatesh,C403,IT Block,4,Lecture,,,All,
48a706b5-408a-4c6e-9407-a2544b8af462,CSE,2021,2026-2027,1.2,2026-07-19T06:43:29.540140Z,1,1,B,Monday,4,11:35,12:25,Problem Solving and Python Programming,GE3151,Dr. P. Srinivasan,C338,IT Block,3,Lecture,,,All,
5700ca22-ce79-4f62-875d-e43a815a1b47,CSE,2021,2026-2027,1.2,2026-07-19T06:43:29.540140Z,1,1,B,Monday,5,13:15,14:05,Professional English - I,HS3152,Dr. R. Balaji,C295,IT Block,3,Lecture,,,All,
da6edb98-5fe3-4645-a380-8c0dc286bcd2,CSE,2021,2026-2027,1.2,2026-07-19T06:43:29.540140Z,1,1,B,Monday,6,14:05,14:55,Problem Solving and Python Programming,GE3151,Dr. P. Srinivasan,C405,IT Block,3,Lecture,,,All,
63e62b0e-10c3-4cb1-b79d-f591d75dd718,CSE,2021,2026-2027,1.2,2026-07-19T06:43:29.540140Z,1,1,B,Monday,7,14:55,15:45,Professional English - I,HS3152,Dr. R. Balaji,C239,IT Block,3,Lecture,,,All,
1e75cae4-bf89-4a16-a529-150544042367,CSE,2021,2026-2027,1.2,2026-07-19T06:43:29.540140Z,1,1,B,Tuesday,1,08:45,09:35,Matrices and Calculus,MA3151,Prof. G. Venkatesh,C191,IT Block,4,Lecture,,,All,
9041a86a-fa85-4768-aba9-01b2bf575b26,CSE,2021,2026-2027,1.2,2026-07-19T06:43:29.540140Z,1,1,B,Tuesday,2,09:35,10:25,Matrices and Calculus,MA3151,Prof. G. Venkatesh,C130,IT Block,4,Lecture,,,All,
9aadb77b-7184-4fdb-9feb-0d61c6e63cc5,CSE,2021,2026-2027,1.2,2026-07-19T06:43:29.540140Z,1,1,B,Tuesday,3,10:45,11:35,Problem Solving and Python Programming,GE3151,Dr. P. Srinivasan,C371,IT Block,3,Lecture,,,All,
2805d7db-e4bf-41b4-a72d-e81ade11fbac,CSE,2021,2026-2027,1.2,2026-07-19T06:43:29.540140Z,1,1,B,Tuesday,4,11:35,12:25,Professional English - I,HS3152,Dr. R. Balaji,C345,IT Block,3,Lecture,,,All,
3e22b59f-4996-4968-9ea9-6661bc393f1d,CSE,2021,2026-2027,1.2,2026-07-19T06:43:29.540140Z,1,1,B,Tuesday,5,13:15,14:05,Problem Solving and Python Programming Laboratory,GE3171,Dr. S. Venkatesh,Lab-3,IT Block,2,Lab,Lab-3,,All,
636d5a84-4594-49b2-b7c8-3b5158dd0cfb,CSE,2021,2026-2027,1.2,2026-07-19T06:43:29.540140Z,1,1,B,Tuesday,6,14:05,14:55,Problem Solving and Python Programming Laboratory,GE3171,Dr. S. Venkatesh,Lab-3,IT Block,2,Lab,Lab-3,,All,
8ead137d-eb16-4f42-a880-2da9e73ffe82,CSE,2021,2026-2027,1.2,2026-07-19T06:43:29.540140Z,1,1,B,Tuesday,7,14:55,15:45,Problem Solving and Python Programming Laboratory,GE3171,Dr. S. Venkatesh,Lab-3,IT Block,2,Lab,Lab-3,,All,
12b12b7e-687d-4640-97c2-9fee51ae2df8,CSE,2021,2026-2027,1.2,2026-07-19T06:43:29.540140Z,1,1,B,Wednesday,1,08:45,09:35,Engineering Physics,PH3151,Prof. A. Balaji,C244,IT Block,3,Lecture,,,All,
1d226f6d-fd29-466d-aebc-8905fc568edf,CSE,2021,2026-2027,1.2,2026-07-19T06:43:29.540140Z,1,1,B,Wednesday,2,09:35,10:25,Heritage of Tamils,GE3152,Dr. P. Karthik,C308,IT Block,1,Lecture,,,All,
83855d65-cc9c-4006-851f-310d8a1c36e2,CSE,2021,2026-2027,1.2,2026-07-19T06:43:29.540140Z,1,1,B,Wednesday,3,10:45,11:35,Professional English - I,HS3152,Dr. R. Balaji,C329,IT Block,3,Lecture,,,All,
11606d6a-0720-448a-80ca-f2c0c831f35f,CSE,2021,2026-2027,1.2,2026-07-19T06:43:29.540140Z,1,1,B,Wednesday,4,11:35,12:25,Professional English - I,HS3152,Dr. R. Balaji,C405,IT Block,3,Lecture,,,All,
e4ede103-5059-4c37-a829-c371dc08acc5,CSE,2021,2026-2027,1.2,2026-07-19T06:43:29.540140Z,1,1,B,Wednesday,5,13:15,14:05,Matrices and Calculus,MA3151,Prof. G. Venkatesh,C155,IT Block,4,Lecture,,,All,
241b2f81-8e13-44da-827c-7657b01533bf,CSE,2021,2026-2027,1.2,2026-07-19T06:43:29.540140Z,1,1,B,Wednesday,6,14:05,14:55,Engineering Physics,PH3151,Prof. A. Balaji,C124,IT Block,3,Lecture,,,All,
a8ebdc85-958c-47ae-9bec-86936d06adc2,CSE,2021,2026-2027,1.2,2026-07-19T06:43:29.540140Z,1,1,B,Wednesday,7,14:55,15:45,Problem Solving and Python Programming,GE3151,Dr. P. Srinivasan,C267,IT Block,3,Lecture,,,All,
2b1a2ffa-2052-4d1c-9f1f-0be47bd03eb7,CSE,2021,2026-2027,1.2,2026-07-19T06:43:29.540140Z,1,1,B,Thursday,1,08:45,09:35,Matrices and Calculus,MA3151,Prof. G. Venkatesh,C233,IT Block,4,Lecture,,,All,
a9096072-3391-4e56-bff9-4f7fc63ce557,CSE,2021,2026-2027,1.2,2026-07-19T06:43:29.540140Z,1,1,B,Thursday,2,09:35,10:25,Professional English - I,HS3152,Dr. R. Balaji,C165,IT Block,3,Lecture,,,All,
0b4c45d1-631c-40a1-bdb2-d1ad26301cd5,CSE,2021,2026-2027,1.2,2026-07-19T06:43:29.540140Z,1,1,B,Thursday,3,10:45,11:35,Problem Solving and Python Programming,GE3151,Dr. P. Srinivasan,C318,IT Block,3,Lecture,,,All,
23a380ef-dfb0-44d6-a2f4-ac806f3ff7db,CSE,2021,2026-2027,1.2,2026-07-19T06:43:29.540140Z,1,1,B,Thursday,4,11:35,12:25,Engineering Chemistry,CY3151,Prof. V. Krishnan,C332,IT Block,3,Lecture,,,All,
1eb78a84-e320-4eff-bb99-87405924fc77,CSE,2021,2026-2027,1.2,2026-07-19T06:43:29.540140Z,1,1,B,Thursday,5,13:15,14:05,Physics and Chemistry Laboratory,BS3171,Dr. P. Krishnan,Lab-4,IT Block,2,Lab,Lab-4,,All,
91e5ff2f-1046-4829-b732-450b478293cc,CSE,2021,2026-2027,1.2,2026-07-19T06:43:29.540140Z,1,1,B,Thursday,6,14:05,14:55,Physics and Chemistry Laboratory,BS3171,Dr. P. Krishnan,Lab-4,IT Block,2,Lab,Lab-4,,All,
7b3b1411-b66e-4908-96fb-f6e526d449c3,CSE,2021,2026-2027,1.2,2026-07-19T06:43:29.540140Z,1,1,B,Thursday,7,14:55,15:45,Physics and Chemistry Laboratory,BS3171,Dr. P. Krishnan,Lab-4,IT Block,2,Lab,Lab-4,,All,
a9d174d3-b9de-49e5-b959-b38604da8f77,CSE,2021,2026-2027,1.2,2026-07-19T06:43:29.540140Z,1,1,B,Friday,1,08:45,09:35,Matrices and Calculus,MA3151,Prof. G. Venkatesh,C319,IT Block,4,Lecture,,,All,
e2bff3f9-6a2d-440e-9de6-e864d30bdafd,CSE,2021,2026-2027,1.2,2026-07-19T06:43:29.540140Z,1,1,B,Friday,2,09:35,10:25,Professional English - I,HS3152,Dr. R. Balaji,C344,IT Block,3,Lecture,,,All,
34673240-97fb-44cd-9025-386dcba080c2,CSE,2021,2026-2027,1.2,2026-07-19T06:43:29.540140Z,1,1,B,Friday,3,10:45,11:35,Matrices and Calculus,MA3151,Prof. G. Venkatesh,C309,IT Block,4,Lecture,,,All,
aa6c9a72-24bc-456e-a1ee-8db86d4163d2,CSE,2021,2026-2027,1.2,2026-07-19T06:43:29.540140Z,1,1,B,Friday,4,11:35,12:25,Problem Solving and Python Programming,GE3151,Dr. P. Srinivasan,C214,IT Block,3,Lecture,,,All,
fe09ee91-7cd3-4d9b-8c1b-82c687d23435,CSE,2021,2026-2027,1.2,2026-07-19T06:43:29.540140Z,1,1,B,Friday,5,13:15,14:05,Professional English - I,HS3152,Dr. R. Balaji,C337,IT Block,3,Lecture,,,All,
28ae28ab-1c6c-415d-bce4-9b5f49c8b350,CSE,2021,2026-2027,1.2,2026-07-19T06:43:29.540140Z,1,1,B,Friday,6,14:05,14:55,Matrices and Calculus,MA3151,Prof. G. Venkatesh,C351,IT Block,4,Lecture,,,All,
dc55dc81-4150-4d45-ac19-0769e0e4e6dc,CSE,2021,2026-2027,1.2,2026-07-19T06:43:29.540140Z,1,1,B,Friday,7,14:55,15:45,Matrices and Calculus,MA3151,Prof. G. Venkatesh,C351,IT Block,4,Lecture,,,All,
3c618275-cbb9-4c3b-93f6-1800ff56333d,CSE,2021,2026-2027,1.2,2026-07-19T06:43:29.540140Z,1,1,B,Saturday,1,08:45,09:35,Engineering Physics,PH3151,Prof. A. Balaji,C150,IT Block,3,Lecture,,,All,
4b70d054-36e9-421a-bf8b-1798ca114e0e,CSE,2021,2026-2027,1.2,2026-07-19T06:43:29.540140Z,1,1,B,Saturday,2,09:35,10:25,Professional English - I,HS3152,Dr. R. Balaji,C396,IT Block,3,Lecture,,,All,
e9e38b31-ee17-442c-9252-18d585fb626c,CSE,2021,2026-2027,1.2,2026-07-19T06:43:29.540140Z,1,1,B,Saturday,3,10:45,11:35,Professional English - I,HS3152,Dr. R. Balaji,C124,IT Block,3,Lecture,,,All,
0c08f9ea-1b63-41ef-b8f2-c69d3ce6c968,CSE,2021,2026-2027,1.2,2026-07-19T06:43:29.540140Z,1,1,B,Saturday,4,11:35,12:25,Professional English - I,HS3152,Dr. R. Balaji,C348,IT Block,3,Lecture,,,All,
398b567d-f5f7-42fd-9b4c-c0a286a25421,CSE,2021,2026-2027,1.2,2026-07-19T06:43:29.540140Z,1,1,B,Saturday,5,13:15,14:05,English Laboratory,GE3172,Dr. S. Venkatesh,Lab-3,IT Block,1,Lab,Lab-3,,All,
144fa2f8-ad11-4727-893e-0c42d316430d,CSE,2021,2026-2027,1.2,2026-07-19T06:43:29.540140Z,1,1,B,Saturday,6,14:05,14:55,English Laboratory,GE3172,Dr. S. Venkatesh,Lab-3,IT Block,1,Lab,Lab-3,,All,
2f3beb9a-0e03-4da2-9671-024c2dca97bb,CSE,2021,2026-2027,1.2,2026-07-19T06:43:29.540140Z,1,1,B,Saturday,7,14:55,15:45,English Laboratory,GE3172,Dr. S. Venkatesh,Lab-3,IT Block,1,Lab,Lab-3,,All,
bf682bca-f35d-46ae-883a-6d4a194c67fc,CSE,2021,2026-2027,1.2,2026-07-19T06:43:29.540140Z,2,3,A,Monday,1,08:45,09:35,Foundations of Data Science,CS3352,Dr. M. Sundaram,C219,IT Block,3,Lecture,,,All,
dfdb4fc8-6e91-4a5c-8291-1e8f68a22518,CSE,2021,2026-2027,1.2,2026-07-19T06:43:29.540140Z,2,3,A,Monday,2,09:35,10:25,Data Structures,CS3301,Dr. K. Sundaram,C370,IT Block,3,Lecture,,,All,
7d240613-5a6e-4322-8e04-328056d1ff05,CSE,2021,2026-2027,1.2,2026-07-19T06:43:29.540140Z,2,3,A,Monday,3,10:45,11:35,Data Structures,CS3301,Dr. K. Sundaram,C194,IT Block,3,Lecture,,,All,
a6fc53ad-c0d0-4279-9299-027f8f6ba540,CSE,2021,2026-2027,1.2,2026-07-19T06:43:29.540140Z,2,3,A,Monday,4,11:35,12:25,Foundations of Data Science,CS3352,Dr. M. Sundaram,C205,IT Block,3,Lecture,,,All,
a778f3e7-8af2-4e1f-910b-18ff8ca46317,CSE,2021,2026-2027,1.2,2026-07-19T06:43:29.540140Z,2,3,A,Monday,5,13:15,14:05,Object Oriented Programming,CS3391,Dr. K. Sundaram,C382,IT Block,3,Lecture,,,All,
179f56f2-d9ae-43fe-bfdf-43805a4d6455,CSE,2021,2026-2027,1.2,2026-07-19T06:43:29.540140Z,2,3,A,Monday,6,14:05,14:55,Digital Principles and Computer Organization,CS3351,Prof. A. Rajan,C153,IT Block,4,Lecture,,,All,
2cf26a28-b0ce-4d26-81a0-17cf0bced188,CSE,2021,2026-2027,1.2,2026-07-19T06:43:29.540140Z,2,3,A,Monday,7,14:55,15:45,Digital Principles and Computer Organization,CS3351,Prof. A. Rajan,C373,IT Block,4,Lecture,,,All,
90b33e23-313c-4acb-ac36-d3a4b4221074,CSE,2021,2026-2027,1.2,2026-07-19T06:43:29.540140Z,2,3,A,Tuesday,1,08:45,09:35,Object Oriented Programming,CS3391,Dr. K. Sundaram,C313,IT Block,3,Lecture,,,All,
66290bb9-52fd-4fbd-be11-bf7bd1b1b52a,CSE,2021,2026-2027,1.2,2026-07-19T06:43:29.540140Z,2,3,A,Tuesday,2,09:35,10:25,Digital Principles and Computer Organization,CS3351,Prof. A. Rajan,C231,IT Block,4,Lecture,,,All,
f5bf0460-1caf-46a8-a1c8-d5c7cb61ca27,CSE,2021,2026-2027,1.2,2026-07-19T06:43:29.540140Z,2,3,A,Tuesday,3,10:45,11:35,Digital Principles and Computer Organization,CS3351,Prof. A. Rajan,C391,IT Block,4,Lecture,,,All,
3093da56-aa98-4293-b93c-4d330920c18b,CSE,2021,2026-2027,1.2,2026-07-19T06:43:29.540140Z,2,3,A,Tuesday,4,11:35,12:25,Digital Principles and Computer Organization,CS3351,Prof. A. Rajan,C373,IT Block,4,Lecture,,,All,
65fd4436-68aa-443c-a943-270271a4b877,CSE,2021,2026-2027,1.2,2026-07-19T06:43:29.540140Z,2,3,A,Tuesday,5,13:15,14:05,Data Structures Laboratory,CS3311,Dr. M. Krishnan,Lab-10,IT Block,2,Lab,Lab-10,,All,
e5793fac-f757-4988-9795-6f9463a4b6e0,CSE,2021,2026-2027,1.2,2026-07-19T06:43:29.540140Z,2,3,A,Tuesday,6,14:05,14:55,Data Structures Laboratory,CS3311,Dr. M. Krishnan,Lab-10,IT Block,2,Lab,Lab-10,,All,
dc102ac5-b275-4586-b0d4-95113f9fc042,CSE,2021,2026-2027,1.2,2026-07-19T06:43:29.540140Z,2,3,A,Tuesday,7,14:55,15:45,Data Structures Laboratory,CS3311,Dr. M. Krishnan,Lab-10,IT Block,2,Lab,Lab-10,,All,
b9898326-d5a7-49da-9c92-bcad716d95b5,CSE,2021,2026-2027,1.2,2026-07-19T06:43:29.540140Z,2,3,A,Wednesday,1,08:45,09:35,Digital Principles and Computer Organization,CS3351,Prof. A. Rajan,C375,IT Block,4,Lecture,,,All,
b99a2263-d56e-42bd-a31b-5969f1e9481e,CSE,2021,2026-2027,1.2,2026-07-19T06:43:29.540140Z,2,3,A,Wednesday,2,09:35,10:25,Foundations of Data Science,CS3352,Dr. M. Sundaram,C292,IT Block,3,Lecture,,,All,
7e2c5e15-520f-42a7-b2c6-9c0d8ae3d346,CSE,2021,2026-2027,1.2,2026-07-19T06:43:29.540140Z,2,3,A,Wednesday,3,10:45,11:35,Foundations of Data Science,CS3352,Dr. M. Sundaram,C349,IT Block,3,Lecture,,,All,
644d1ad5-59c2-4d60-a6dd-5fc52d3b67e5,CSE,2021,2026-2027,1.2,2026-07-19T06:43:29.540140Z,2,3,A,Wednesday,4,11:35,12:25,Digital Principles and Computer Organization,CS3351,Prof. A. Rajan,C162,IT Block,4,Lecture,,,All,
dc62587e-f729-42c9-aac0-0170e1db3ecc,CSE,2021,2026-2027,1.2,2026-07-19T06:43:29.540140Z,2,3,A,Wednesday,5,13:15,14:05,Digital Principles and Computer Organization,CS3351,Prof. A. Rajan,C363,IT Block,4,Lecture,,,All,
74fb242f-0964-4e1d-8eea-9d0d8865b368,CSE,2021,2026-2027,1.2,2026-07-19T06:43:29.540140Z,2,3,A,Wednesday,6,14:05,14:55,Foundations of Data Science,CS3352,Dr. M. Sundaram,C382,IT Block,3,Lecture,,,All,
4b05f1b9-a21c-4b76-a4c8-04ee81a36685,CSE,2021,2026-2027,1.2,2026-07-19T06:43:29.540140Z,2,3,A,Wednesday,7,14:55,15:45,Object Oriented Programming,CS3391,Dr. K. Sundaram,C324,IT Block,3,Lecture,,,All,
c1e251fa-622b-44f8-9600-e29dc8131a60,CSE,2021,2026-2027,1.2,2026-07-19T06:43:29.540140Z,2,3,A,Thursday,1,08:45,09:35,Digital Principles and Computer Organization,CS3351,Prof. A. Rajan,C267,IT Block,4,Lecture,,,All,
4f8aa97c-5ec7-4061-a687-12bd35c5e7fe,CSE,2021,2026-2027,1.2,2026-07-19T06:43:29.540140Z,2,3,A,Thursday,2,09:35,10:25,Foundations of Data Science,CS3352,Dr. M. Sundaram,C294,IT Block,3,Lecture,,,All,
ca54bbe2-051e-473c-9fcf-efbd6673f149,CSE,2021,2026-2027,1.2,2026-07-19T06:43:29.540140Z,2,3,A,Thursday,3,10:45,11:35,Object Oriented Programming,CS3391,Dr. K. Sundaram,C301,IT Block,3,Lecture,,,All,
9ca5df93-2422-469b-acc0-947cf1e6c876,CSE,2021,2026-2027,1.2,2026-07-19T06:43:29.540140Z,2,3,A,Thursday,4,11:35,12:25,Digital Principles and Computer Organization,CS3351,Prof. A. Rajan,C311,IT Block,4,Lecture,,,All,
643fe1a1-0824-4011-9e02-23f5174be3e4,CSE,2021,2026-2027,1.2,2026-07-19T06:43:29.540140Z,2,3,A,Thursday,5,13:15,14:05,Data Structures Laboratory,CS3311,Dr. M. Krishnan,Lab-4,IT Block,2,Lab,Lab-4,,All,
7dc18ed7-bf83-46a2-98ae-c7b8fa510823,CSE,2021,2026-2027,1.2,2026-07-19T06:43:29.540140Z,2,3,A,Thursday,6,14:05,14:55,Data Structures Laboratory,CS3311,Dr. M. Krishnan,Lab-4,IT Block,2,Lab,Lab-4,,All,
432a5004-5f28-4f5f-8730-d084d2653fe6,CSE,2021,2026-2027,1.2,2026-07-19T06:43:29.540140Z,2,3,A,Thursday,7,14:55,15:45,Data Structures Laboratory,CS3311,Dr. M. Krishnan,Lab-4,IT Block,2,Lab,Lab-4,,All,
87ebed03-456f-4c6f-a52e-5b829b8410ca,CSE,2021,2026-2027,1.2,2026-07-19T06:43:29.540140Z,2,3,A,Friday,1,08:45,09:35,Object Oriented Programming,CS3391,Dr. K. Sundaram,C177,IT Block,3,Lecture,,,All,
275ae515-135e-4cbf-816f-819b22bc3bf8,CSE,2021,2026-2027,1.2,2026-07-19T06:43:29.540140Z,2,3,A,Friday,2,09:35,10:25,Digital Principles and Computer Organization,CS3351,Prof. A. Rajan,C163,IT Block,4,Lecture,,,All,
60a5935e-5e0e-4160-93fd-8d49e8e51e3b,CSE,2021,2026-2027,1.2,2026-07-19T06:43:29.540140Z,2,3,A,Friday,3,10:45,11:35,Foundations of Data Science,CS3352,Dr. M. Sundaram,C294,IT Block,3,Lecture,,,All,
e016c56d-ffbd-4805-89be-1f9eb5b25749,CSE,2021,2026-2027,1.2,2026-07-19T06:43:29.540140Z,2,3,A,Friday,4,11:35,12:25,Data Structures,CS3301,Dr. K. Sundaram,C340,IT Block,3,Lecture,,,All,
5ddafd68-08bc-444b-a0a7-ac00402ef9bd,CSE,2021,2026-2027,1.2,2026-07-19T06:43:29.540140Z,2,3,A,Friday,5,13:15,14:05,Data Structures,CS3301,Dr. K. Sundaram,C328,IT Block,3,Lecture,,,All,
d6dd7306-439a-4aa3-be93-771629309629,CSE,2021,2026-2027,1.2,2026-07-19T06:43:29.540140Z,2,3,A,Friday,6,14:05,14:55,Digital Principles and Computer Organization,CS3351,Prof. A. Rajan,C399,IT Block,4,Lecture,,,All,
f6478b64-d399-4fca-9279-ba3f70380a1b,CSE,2021,2026-2027,1.2,2026-07-19T06:43:29.540140Z,2,3,A,Friday,7,14:55,15:45,Data Structures,CS3301,Dr. K. Sundaram,C277,IT Block,3,Lecture,,,All,
79a40f89-9ce0-4aaf-ac7d-96434a2d54b2,CSE,2021,2026-2027,1.2,2026-07-19T06:43:29.540140Z,2,3,A,Saturday,1,08:45,09:35,Object Oriented Programming,CS3391,Dr. K. Sundaram,C385,IT Block,3,Lecture,,,All,
dd1de726-4e10-4636-b876-c46e91bdd754,CSE,2021,2026-2027,1.2,2026-07-19T06:43:29.540140Z,2,3,A,Saturday,2,09:35,10:25,Foundations of Data Science,CS3352,Dr. M. Sundaram,C302,IT Block,3,Lecture,,,All,
d22c87ba-04c5-4133-ae23-967e46679d2e,CSE,2021,2026-2027,1.2,2026-07-19T06:43:29.540140Z,2,3,A,Saturday,3,10:45,11:35,Object Oriented Programming,CS3391,Dr. K. Sundaram,C177,IT Block,3,Lecture,,,All,
724de979-0004-45b6-836a-4622e4c744e2,CSE,2021,2026-2027,1.2,2026-07-19T06:43:29.540140Z,2,3,A,Saturday,4,11:35,12:25,Digital Principles and Computer Organization,CS3351,Prof. A. Rajan,C399,IT Block,4,Lecture,,,All,
1f40fcdd-7b97-4dba-9d37-2d6f4b24d7d1,CSE,2021,2026-2027,1.2,2026-07-19T06:43:29.540140Z,2,3,A,Saturday,5,13:15,14:05,Data Structures Laboratory,CS3311,Dr. M. Krishnan,Lab-5,IT Block,2,Lab,Lab-5,,All,
a01cb042-5af6-4723-917c-a1db954e2dce,CSE,2021,2026-2027,1.2,2026-07-19T06:43:29.540140Z,2,3,A,Saturday,6,14:05,14:55,Data Structures Laboratory,CS3311,Dr. M. Krishnan,Lab-5,IT Block,2,Lab,Lab-5,,All,
37d39f73-668b-4b31-800f-fa57227942b5,CSE,2021,2026-2027,1.2,2026-07-19T06:43:29.540140Z,2,3,A,Saturday,7,14:55,15:45,Data Structures Laboratory,CS3311,Dr. M. Krishnan,Lab-5,IT Block,2,Lab,Lab-5,,All,
3548980c-dd93-4627-981d-aaacbfb16869,CSE,2021,2026-2027,1.2,2026-07-19T06:43:29.540140Z,2,3,B,Monday,1,08:45,09:35,Digital Principles and Computer Organization,CS3351,Dr. P. Natarajan,C325,IT Block,4,Lecture,,,All,
de4e181e-454c-4d42-9abc-8b9630c1ee17,CSE,2021,2026-2027,1.2,2026-07-19T06:43:29.540140Z,2,3,B,Monday,2,09:35,10:25,Object Oriented Programming,CS3391,Dr. R. Karthik,C353,IT Block,3,Lecture,,,All,
326783d0-0c2b-418a-9627-d2f8e1f515fb,CSE,2021,2026-2027,1.2,2026-07-19T06:43:29.540140Z,2,3,B,Monday,3,10:45,11:35,Object Oriented Programming,CS3391,Dr. R. Karthik,C118,IT Block,3,Lecture,,,All,
66b0bf26-32b7-4d49-8c48-898e45d929c2,CSE,2021,2026-2027,1.2,2026-07-19T06:43:29.540140Z,2,3,B,Monday,4,11:35,12:25,Data Structures,CS3301,Dr. R. Srinivasan,C174,IT Block,3,Lecture,,,All,
2c1caf2f-dbd9-45bf-a910-5418caf3d0d5,CSE,2021,2026-2027,1.2,2026-07-19T06:43:29.540140Z,2,3,B,Monday,5,13:15,14:05,Foundations of Data Science,CS3352,Dr. R. Natarajan,C209,IT Block,3,Lecture,,,All,
65b94d2c-39ba-4f34-8031-d2c9fec7836b,CSE,2021,2026-2027,1.2,2026-07-19T06:43:29.540140Z,2,3,B,Monday,6,14:05,14:55,Object Oriented Programming,CS3391,Dr. R. Karthik,C356,IT Block,3,Lecture,,,All,
a206fa6c-ade1-40ca-a8da-9e13f84781ff,CSE,2021,2026-2027,1.2,2026-07-19T06:43:29.540140Z,2,3,B,Monday,7,14:55,15:45,Object Oriented Programming,CS3391,Dr. R. Karthik,C254,IT Block,3,Lecture,,,All,
d76377da-b2bc-426f-ba87-7eb6494adbed,CSE,2021,2026-2027,1.2,2026-07-19T06:43:29.540140Z,2,3,B,Tuesday,1,08:45,09:35,Foundations of Data Science,CS3352,Dr. R. Natarajan,C148,IT Block,3,Lecture,,,All,
8739a938-cf01-417d-841a-2298ec90c215,CSE,2021,2026-2027,1.2,2026-07-19T06:43:29.540140Z,2,3,B,Tuesday,2,09:35,10:25,Foundations of Data Science,CS3352,Dr. R. Natarajan,C142,IT Block,3,Lecture,,,All,
ff4b7a94-ae64-480c-a17c-6ffda5f389b2,CSE,2021,2026-2027,1.2,2026-07-19T06:43:29.540140Z,2,3,B,Tuesday,3,10:45,11:35,Data Structures,CS3301,Dr. R. Srinivasan,C270,IT Block,3,Lecture,,,All,
dce63043-8666-4526-bf79-59e786440c32,CSE,2021,2026-2027,1.2,2026-07-19T06:43:29.540140Z,2,3,B,Tuesday,4,11:35,12:25,Digital Principles and Computer Organization,CS3351,Dr. P. Natarajan,C315,IT Block,4,Lecture,,,All,
b7122f58-66ed-4506-a524-d31acb1d10c9,CSE,2021,2026-2027,1.2,2026-07-19T06:43:29.540140Z,2,3,B,Tuesday,5,13:15,14:05,Data Structures Laboratory,CS3311,Dr. P. Ramesh,Lab-9,IT Block,2,Lab,Lab-9,,All,
1768dbf7-b1db-4603-b52f-64fdfada7deb,CSE,2021,2026-2027,1.2,2026-07-19T06:43:29.540140Z,2,3,B,Tuesday,6,14:05,14:55,Data Structures Laboratory,CS3311,Dr. P. Ramesh,Lab-9,IT Block,2,Lab,Lab-9,,All,
91338efb-0941-4160-ba9f-72ba29d8a487,CSE,2021,2026-2027,1.2,2026-07-19T06:43:29.540140Z,2,3,B,Tuesday,7,14:55,15:45,Data Structures Laboratory,CS3311,Dr. P. Ramesh,Lab-9,IT Block,2,Lab,Lab-9,,All,
24e1b1d5-4059-4d65-92e8-26e13ba17d3b,CSE,2021,2026-2027,1.2,2026-07-19T06:43:29.540140Z,2,3,B,Wednesday,1,08:45,09:35,Object Oriented Programming,CS3391,Dr. R. Karthik,C211,IT Block,3,Lecture,,,All,
0757e34b-ff3f-4f16-811e-b56b83b0e134,CSE,2021,2026-2027,1.2,2026-07-19T06:43:29.540140Z,2,3,B,Wednesday,2,09:35,10:25,Foundations of Data Science,CS3352,Dr. R. Natarajan,C141,IT Block,3,Lecture,,,All,
c6cb50c0-d359-4c7c-8257-f5346dd57cb8,CSE,2021,2026-2027,1.2,2026-07-19T06:43:29.540140Z,2,3,B,Wednesday,3,10:45,11:35,Data Structures,CS3301,Dr. R. Srinivasan,C151,IT Block,3,Lecture,,,All,
542195c8-058d-4b69-92a0-288b60006720,CSE,2021,2026-2027,1.2,2026-07-19T06:43:29.540140Z,2,3,B,Wednesday,4,11:35,12:25,Object Oriented Programming,CS3391,Dr. R. Karthik,C281,IT Block,3,Lecture,,,All,
ba428abd-a632-4b1e-950b-22275bf61d47,CSE,2021,2026-2027,1.2,2026-07-19T06:43:29.540140Z,2,3,B,Wednesday,5,13:15,14:05,Data Structures,CS3301,Dr. R. Srinivasan,C125,IT Block,3,Lecture,,,All,
00e7077b-95c6-406f-a725-3c53f8511876,CSE,2021,2026-2027,1.2,2026-07-19T06:43:29.540140Z,2,3,B,Wednesday,6,14:05,14:55,Object Oriented Programming,CS3391,Dr. R. Karthik,C276,IT Block,3,Lecture,,,All,
4dcad21b-d0f6-43ef-a21b-f19f43549334,CSE,2021,2026-2027,1.2,2026-07-19T06:43:29.540140Z,2,3,B,Wednesday,7,14:55,15:45,Object Oriented Programming,CS3391,Dr. R. Karthik,C239,IT Block,3,Lecture,,,All,
761b3467-c218-4d3e-bfef-b31fd64d9d8b,CSE,2021,2026-2027,1.2,2026-07-19T06:43:29.540140Z,2,3,B,Thursday,1,08:45,09:35,Digital Principles and Computer Organization,CS3351,Dr. P. Natarajan,C381,IT Block,4,Lecture,,,All,
f6fbed0e-9775-4496-ac09-e287c13c1488,CSE,2021,2026-2027,1.2,2026-07-19T06:43:29.540140Z,2,3,B,Thursday,2,09:35,10:25,Digital Principles and Computer Organization,CS3351,Dr. P. Natarajan,C319,IT Block,4,Lecture,,,All,
49f87f22-fee3-474b-92bc-fa43cec31021,CSE,2021,2026-2027,1.2,2026-07-19T06:43:29.540140Z,2,3,B,Thursday,3,10:45,11:35,Digital Principles and Computer Organization,CS3351,Dr. P. Natarajan,C341,IT Block,4,Lecture,,,All,
f9935307-dc44-449c-b15d-8956e9253c82,CSE,2021,2026-2027,1.2,2026-07-19T06:43:29.540140Z,2,3,B,Thursday,4,11:35,12:25,Foundations of Data Science,CS3352,Dr. R. Natarajan,C158,IT Block,3,Lecture,,,All,
ef24d628-789f-4944-9599-8b51f0ab54b6,CSE,2021,2026-2027,1.2,2026-07-19T06:43:29.540140Z,2,3,B,Thursday,5,13:15,14:05,Data Structures Laboratory,CS3311,Dr. P. Ramesh,Lab-2,IT Block,2,Lab,Lab-2,,All,
9d403ce4-2bef-407f-8aa1-55610f884c34,CSE,2021,2026-2027,1.2,2026-07-19T06:43:29.540140Z,2,3,B,Thursday,6,14:05,14:55,Data Structures Laboratory,CS3311,Dr. P. Ramesh,Lab-2,IT Block,2,Lab,Lab-2,,All,
6d482853-2c61-4fb5-8d43-a4b4153be449,CSE,2021,2026-2027,1.2,2026-07-19T06:43:29.540140Z,2,3,B,Thursday,7,14:55,15:45,Data Structures Laboratory,CS3311,Dr. P. Ramesh,Lab-2,IT Block,2,Lab,Lab-2,,All,
113274ff-3bb6-44bd-bb07-36fbe44d30c3,CSE,2021,2026-2027,1.2,2026-07-19T06:43:29.540140Z,2,3,B,Friday,1,08:45,09:35,Foundations of Data Science,CS3352,Dr. R. Natarajan,C341,IT Block,3,Lecture,,,All,
1f789f79-7d00-4cba-b49b-43646f3c6696,CSE,2021,2026-2027,1.2,2026-07-19T06:43:29.540140Z,2,3,B,Friday,2,09:35,10:25,Foundations of Data Science,CS3352,Dr. R. Natarajan,C172,IT Block,3,Lecture,,,All,
4f9dd0cc-f220-462b-87e5-eb9aacf2533d,CSE,2021,2026-2027,1.2,2026-07-19T06:43:29.540140Z,2,3,B,Friday,3,10:45,11:35,Object Oriented Programming,CS3391,Dr. R. Karthik,C123,IT Block,3,Lecture,,,All,
ddc69cd1-a156-4cba-839a-804073d0bf1f,CSE,2021,2026-2027,1.2,2026-07-19T06:43:29.540140Z,2,3,B,Friday,4,11:35,12:25,Object Oriented Programming,CS3391,Dr. R. Karthik,C201,IT Block,3,Lecture,,,All,
f88d1213-a2c4-41ed-b6e6-840e7a80adcf,CSE,2021,2026-2027,1.2,2026-07-19T06:43:29.540140Z,2,3,B,Friday,5,13:15,14:05,Object Oriented Programming,CS3391,Dr. R. Karthik,C193,IT Block,3,Lecture,,,All,
081d507c-c25b-49d7-834e-57bc5d95c765,CSE,2021,2026-2027,1.2,2026-07-19T06:43:29.540140Z,2,3,B,Friday,6,14:05,14:55,Foundations of Data Science,CS3352,Dr. R. Natarajan,C338,IT Block,3,Lecture,,,All,
9b6fc95b-5283-4af6-be66-df6e37457c7c,CSE,2021,2026-2027,1.2,2026-07-19T06:43:29.540140Z,2,3,B,Friday,7,14:55,15:45,Object Oriented Programming,CS3391,Dr. R. Karthik,C190,IT Block,3,Lecture,,,All,
da0b4fe9-5519-4e30-bb89-4de0dd60258f,CSE,2021,2026-2027,1.2,2026-07-19T06:43:29.540140Z,2,3,B,Saturday,1,08:45,09:35,Object Oriented Programming,CS3391,Dr. R. Karthik,C337,IT Block,3,Lecture,,,All,
9a6cc541-c94d-4110-9ee0-065f62984ecf,CSE,2021,2026-2027,1.2,2026-07-19T06:43:29.540140Z,2,3,B,Saturday,2,09:35,10:25,Object Oriented Programming,CS3391,Dr. R. Karthik,C246,IT Block,3,Lecture,,,All,
9367c574-e1b9-48d7-bef4-c2ad185306f4,CSE,2021,2026-2027,1.2,2026-07-19T06:43:29.540140Z,2,3,B,Saturday,3,10:45,11:35,Digital Principles and Computer Organization,CS3351,Dr. P. Natarajan,C376,IT Block,4,Lecture,,,All,
9556a9d3-22b9-4886-bb0d-47cb1f3be900,CSE,2021,2026-2027,1.2,2026-07-19T06:43:29.540140Z,2,3,B,Saturday,4,11:35,12:25,Digital Principles and Computer Organization,CS3351,Dr. P. Natarajan,C295,IT Block,4,Lecture,,,All,
b87996e8-03a7-4528-a73d-e8493e6ad7fc,CSE,2021,2026-2027,1.2,2026-07-19T06:43:29.540140Z,2,3,B,Saturday,5,13:15,14:05,Data Structures Laboratory,CS3311,Dr. P. Ramesh,Lab-9,IT Block,2,Lab,Lab-9,,All,
63aa9e4a-35cc-4f5d-96b0-34f9a0401adb,CSE,2021,2026-2027,1.2,2026-07-19T06:43:29.540140Z,2,3,B,Saturday,6,14:05,14:55,Data Structures Laboratory,CS3311,Dr. P. Ramesh,Lab-9,IT Block,2,Lab,Lab-9,,All,
030a5873-9b91-42c4-82e7-102e7cd38878,CSE,2021,2026-2027,1.2,2026-07-19T06:43:29.540140Z,2,3,B,Saturday,7,14:55,15:45,Data Structures Laboratory,CS3311,Dr. P. Ramesh,Lab-9,IT Block,2,Lab,Lab-9,,All,
f7845482-1e80-4076-a47e-a42b9f63b24f,CSE,2021,2026-2027,1.2,2026-07-19T06:43:29.540140Z,3,5,A,Monday,1,08:45,09:35,Cryptography and Cyber Security,CB3491,Dr. R. Sundaram,C280,IT Block,3,Lecture,,,All,
1163f6ef-73d0-47fe-8129-cdb9de8814f2,CSE,2021,2026-2027,1.2,2026-07-19T06:43:29.540140Z,3,5,A,Monday,2,09:35,10:25,Distributed Computing,CS3551,Dr. K. Karthik,C380,IT Block,3,Lecture,,,All,
0a108516-690f-4b21-827a-3c801387d1f8,CSE,2021,2026-2027,1.2,2026-07-19T06:43:29.540140Z,3,5,A,Monday,3,10:45,11:35,Compiler Design,CS3501,Dr. S. Sundaram,C102,IT Block,4,Lecture,,,All,
4be7f249-e186-434f-ad81-ed04092e6575,CSE,2021,2026-2027,1.2,2026-07-19T06:43:29.540140Z,3,5,A,Monday,4,11:35,12:25,Cryptography and Cyber Security,CB3491,Dr. R. Sundaram,C101,IT Block,3,Lecture,,,All,
79189890-462d-4233-b210-5e414604307e,CSE,2021,2026-2027,1.2,2026-07-19T06:43:29.540140Z,3,5,A,Monday,5,13:15,14:05,Cryptography and Cyber Security,CB3491,Dr. R. Sundaram,C185,IT Block,3,Lecture,,,All,
f243f9b8-239d-4a77-92c2-6a0f96591834,CSE,2021,2026-2027,1.2,2026-07-19T06:43:29.540140Z,3,5,A,Monday,6,14:05,14:55,Cryptography and Cyber Security,CB3491,Dr. R. Sundaram,C225,IT Block,3,Lecture,,,All,
5adeb06c-6e99-4a07-958a-74ae81a2e893,CSE,2021,2026-2027,1.2,2026-07-19T06:43:29.540140Z,3,5,A,Monday,7,14:55,15:45,Compiler Design,CS3501,Dr. S. Sundaram,C191,IT Block,4,Lecture,,,All,
3d2f68cf-3518-44e3-9b99-a945df8bedfa,CSE,2021,2026-2027,1.2,2026-07-19T06:43:29.540140Z,3,5,A,Tuesday,1,08:45,09:35,Distributed Computing,CS3551,Dr. K. Karthik,C404,IT Block,3,Lecture,,,All,
226aa54f-5c78-482c-8f48-5cd71d20dfcf,CSE,2021,2026-2027,1.2,2026-07-19T06:43:29.540140Z,3,5,A,Tuesday,2,09:35,10:25,Computer Networks,CS3591,Dr. M. Natarajan,C174,IT Block,4,Lecture,,,All,
d0ed7a1a-f7ae-4692-9aaf-9afa535de93f,CSE,2021,2026-2027,1.2,2026-07-19T06:43:29.540140Z,3,5,A,Tuesday,3,10:45,11:35,Cryptography and Cyber Security,CB3491,Dr. R. Sundaram,C254,IT Block,3,Lecture,,,All,
d065be65-26d3-45dc-83d8-2a9a12912132,CSE,2021,2026-2027,1.2,2026-07-19T06:43:29.540140Z,3,5,A,Tuesday,4,11:35,12:25,Distributed Computing,CS3551,Dr. K. Karthik,C356,IT Block,3,Lecture,,,All,
1c4fff60-0767-422f-938f-1922762963f9,CSE,2021,2026-2027,1.2,2026-07-19T06:43:29.540140Z,3,5,A,Tuesday,5,13:15,14:05,Compiler Design Laboratory,CS3511,Dr. S. Ramesh,Lab-9,IT Block,2,Lab,Lab-9,,All,
96b20466-47fd-47e4-88dc-d736859984ba,CSE,2021,2026-2027,1.2,2026-07-19T06:43:29.540140Z,3,5,A,Tuesday,6,14:05,14:55,Compiler Design Laboratory,CS3511,Dr. S. Ramesh,Lab-9,IT Block,2,Lab,Lab-9,,All,
b0aff50f-975c-4f7d-8221-89aff30ba8ca,CSE,2021,2026-2027,1.2,2026-07-19T06:43:29.540140Z,3,5,A,Tuesday,7,14:55,15:45,Compiler Design Laboratory,CS3511,Dr. S. Ramesh,Lab-9,IT Block,2,Lab,Lab-9,,All,
a467e53f-1b9e-42ff-b31a-d9a2b752721f,CSE,2021,2026-2027,1.2,2026-07-19T06:43:29.540140Z,3,5,A,Wednesday,1,08:45,09:35,Computer Networks,CS3591,Dr. M. Natarajan,C366,IT Block,4,Lecture,,,All,
a82f0a6e-fc65-4f5d-a84b-8e24784c2b9d,CSE,2021,2026-2027,1.2,2026-07-19T06:43:29.540140Z,3,5,A,Wednesday,2,09:35,10:25,Cryptography and Cyber Security,CB3491,Dr. R. Sundaram,C198,IT Block,3,Lecture,,,All,
8e982917-5999-4441-bd73-67e549763117,CSE,2021,2026-2027,1.2,2026-07-19T06:43:29.540140Z,3,5,A,Wednesday,3,10:45,11:35,Cryptography and Cyber Security,CB3491,Dr. R. Sundaram,C218,IT Block,3,Lecture,,,All,
3d7cea5d-48ae-47f1-b077-15e270f42125,CSE,2021,2026-2027,1.2,2026-07-19T06:43:29.540140Z,3,5,A,Wednesday,4,11:35,12:25,Distributed Computing,CS3551,Dr. K. Karthik,C208,IT Block,3,Lecture,,,All,
1e9944dd-5228-4cbd-8b4f-b1f44a3d54bc,CSE,2021,2026-2027,1.2,2026-07-19T06:43:29.540140Z,3,5,A,Wednesday,5,13:15,14:05,Cryptography and Cyber Security,CB3491,Dr. R. Sundaram,C386,IT Block,3,Lecture,,,All,
d9088022-7f18-4255-bf91-bf715b66794e,CSE,2021,2026-2027,1.2,2026-07-19T06:43:29.540140Z,3,5,A,Wednesday,6,14:05,14:55,Compiler Design,CS3501,Dr. S. Sundaram,C304,IT Block,4,Lecture,,,All,
04c8e3d7-5100-4420-9b3d-d85abc8ac28d,CSE,2021,2026-2027,1.2,2026-07-19T06:43:29.540140Z,3,5,A,Wednesday,7,14:55,15:45,Computer Networks,CS3591,Dr. M. Natarajan,C109,IT Block,4,Lecture,,,All,
2c6b458c-68aa-418a-a751-a5d855d32c84,CSE,2021,2026-2027,1.2,2026-07-19T06:43:29.540140Z,3,5,A,Thursday,1,08:45,09:35,Computer Networks,CS3591,Dr. M. Natarajan,C380,IT Block,4,Lecture,,,All,
cc0e0461-5e8d-4f28-98fb-5dd0daee9abe,CSE,2021,2026-2027,1.2,2026-07-19T06:43:29.540140Z,3,5,A,Thursday,2,09:35,10:25,Computer Networks,CS3591,Dr. M. Natarajan,C375,IT Block,4,Lecture,,,All,
f1b44734-5f56-42f6-b90f-afc7d1ae7ba2,CSE,2021,2026-2027,1.2,2026-07-19T06:43:29.540140Z,3,5,A,Thursday,3,10:45,11:35,Compiler Design,CS3501,Dr. S. Sundaram,C329,IT Block,4,Lecture,,,All,
8d772b09-905e-440a-a9a7-73f5112c5347,CSE,2021,2026-2027,1.2,2026-07-19T06:43:29.540140Z,3,5,A,Thursday,4,11:35,12:25,Distributed Computing,CS3551,Dr. K. Karthik,C146,IT Block,3,Lecture,,,All,
a3ab402d-3f5f-4c70-a2c5-718ad9e3fed7,CSE,2021,2026-2027,1.2,2026-07-19T06:43:29.540140Z,3,5,A,Thursday,5,13:15,14:05,Compiler Design Laboratory,CS3511,Dr. S. Ramesh,Lab-4,IT Block,2,Lab,Lab-4,,All,
744949cf-5906-484d-854a-d61df4341e12,CSE,2021,2026-2027,1.2,2026-07-19T06:43:29.540140Z,3,5,A,Thursday,6,14:05,14:55,Compiler Design Laboratory,CS3511,Dr. S. Ramesh,Lab-4,IT Block,2,Lab,Lab-4,,All,
d9f55256-2d74-4e8d-8fd9-fc4a2d86736a,CSE,2021,2026-2027,1.2,2026-07-19T06:43:29.540140Z,3,5,A,Thursday,7,14:55,15:45,Compiler Design Laboratory,CS3511,Dr. S. Ramesh,Lab-4,IT Block,2,Lab,Lab-4,,All,
06564e3a-8e04-4c4b-82ed-b4855a38924f,CSE,2021,2026-2027,1.2,2026-07-19T06:43:29.540140Z,3,5,A,Friday,1,08:45,09:35,Computer Networks,CS3591,Dr. M. Natarajan,C242,IT Block,4,Lecture,,,All,
ebdc6048-282d-4bf7-b7c6-578bafc94a90,CSE,2021,2026-2027,1.2,2026-07-19T06:43:29.540140Z,3,5,A,Friday,2,09:35,10:25,Distributed Computing,CS3551,Dr. K. Karthik,C358,IT Block,3,Lecture,,,All,
84a09fa7-cd82-4f21-a5ba-28ee737b7eb9,CSE,2021,2026-2027,1.2,2026-07-19T06:43:29.540140Z,3,5,A,Friday,3,10:45,11:35,Compiler Design,CS3501,Dr. S. Sundaram,C365,IT Block,4,Lecture,,,All,
c234b851-6f59-4021-abfe-e1862be3cdec,CSE,2021,2026-2027,1.2,2026-07-19T06:43:29.540140Z,3,5,A,Friday,4,11:35,12:25,Cryptography and Cyber Security,CB3491,Dr. R. Sundaram,C328,IT Block,3,Lecture,,,All,
022664fb-4f78-4776-9afe-151b1efe4262,CSE,2021,2026-2027,1.2,2026-07-19T06:43:29.540140Z,3,5,A,Friday,5,13:15,14:05,Distributed Computing,CS3551,Dr. K. Karthik,C222,IT Block,3,Lecture,,,All,
d12a1939-31ab-46ac-8b39-75973104ef41,CSE,2021,2026-2027,1.2,2026-07-19T06:43:29.540140Z,3,5,A,Friday,6,14:05,14:55,Computer Networks,CS3591,Dr. M. Natarajan,C278,IT Block,4,Lecture,,,All,
dcd2b674-d08e-44df-b4de-72729818327e,CSE,2021,2026-2027,1.2,2026-07-19T06:43:29.540140Z,3,5,A,Friday,7,14:55,15:45,Computer Networks,CS3591,Dr. M. Natarajan,C285,IT Block,4,Lecture,,,All,
5372ae7f-a82b-4fbc-8579-af66ce5ab285,CSE,2021,2026-2027,1.2,2026-07-19T06:43:29.540140Z,3,5,A,Saturday,1,08:45,09:35,Computer Networks,CS3591,Dr. M. Natarajan,C348,IT Block,4,Lecture,,,All,
e373bf1c-fd20-4faa-b20e-16cb8638f4f7,CSE,2021,2026-2027,1.2,2026-07-19T06:43:29.540140Z,3,5,A,Saturday,2,09:35,10:25,Distributed Computing,CS3551,Dr. K. Karthik,C184,IT Block,3,Lecture,,,All,
91d45f9b-175e-4cd3-a842-087ae3d8766d,CSE,2021,2026-2027,1.2,2026-07-19T06:43:29.540140Z,3,5,A,Saturday,3,10:45,11:35,Distributed Computing,CS3551,Dr. K. Karthik,C170,IT Block,3,Lecture,,,All,
3d67ce3c-9164-4057-92a1-3f24c136922c,CSE,2021,2026-2027,1.2,2026-07-19T06:43:29.540140Z,3,5,A,Saturday,4,11:35,12:25,Computer Networks,CS3591,Dr. M. Natarajan,C347,IT Block,4,Lecture,,,All,
68b753f4-2584-4bc3-977b-3838880bd4a5,CSE,2021,2026-2027,1.2,2026-07-19T06:43:29.540140Z,3,5,A,Saturday,5,13:15,14:05,Compiler Design Laboratory,CS3511,Dr. S. Ramesh,Lab-5,IT Block,2,Lab,Lab-5,,All,
b3e32cf0-70ca-4f09-89ab-57e37ec2a081,CSE,2021,2026-2027,1.2,2026-07-19T06:43:29.540140Z,3,5,A,Saturday,6,14:05,14:55,Compiler Design Laboratory,CS3511,Dr. S. Ramesh,Lab-5,IT Block,2,Lab,Lab-5,,All,
d29ba8ab-f28d-4ae9-bb7f-dcbca7f7f772,CSE,2021,2026-2027,1.2,2026-07-19T06:43:29.540140Z,3,5,A,Saturday,7,14:55,15:45,Compiler Design Laboratory,CS3511,Dr. S. Ramesh,Lab-5,IT Block,2,Lab,Lab-5,,All,
96339337-edec-4e15-9ffc-4a6aa6870146,CSE,2021,2026-2027,1.2,2026-07-19T06:43:29.540140Z,3,5,B,Monday,1,08:45,09:35,Computer Networks,CS3591,Prof. A. Srinivasan,C183,IT Block,4,Lecture,,,All,
8eea51e8-89fa-4eb9-a813-d83d99cb63f1,CSE,2021,2026-2027,1.2,2026-07-19T06:43:29.540140Z,3,5,B,Monday,2,09:35,10:25,Compiler Design,CS3501,Dr. R. Sundaram,C343,IT Block,4,Lecture,,,All,
c7cc1eba-28cd-45ee-ab75-b3d3b289cd60,CSE,2021,2026-2027,1.2,2026-07-19T06:43:29.540140Z,3,5,B,Monday,3,10:45,11:35,Cryptography and Cyber Security,CB3491,Dr. R. Krishnan,C123,IT Block,3,Lecture,,,All,
6639fa0c-1a3d-4c0e-92ad-416ed9a3fcbc,CSE,2021,2026-2027,1.2,2026-07-19T06:43:29.540140Z,3,5,B,Monday,4,11:35,12:25,Compiler Design,CS3501,Dr. R. Sundaram,C397,IT Block,4,Lecture,,,All,
8638c484-702d-418e-81eb-b55005b2e749,CSE,2021,2026-2027,1.2,2026-07-19T06:43:29.540140Z,3,5,B,Monday,5,13:15,14:05,Cryptography and Cyber Security,CB3491,Dr. R. Krishnan,C273,IT Block,3,Lecture,,,All,
9eb171c6-dc0a-4efc-894e-46571f8d9725,CSE,2021,2026-2027,1.2,2026-07-19T06:43:29.540140Z,3,5,B,Monday,6,14:05,14:55,Cryptography and Cyber Security,CB3491,Dr. R. Krishnan,C328,IT Block,3,Lecture,,,All,
79d6c8fa-140a-4f2c-bbdc-eef25dc739e0,CSE,2021,2026-2027,1.2,2026-07-19T06:43:29.540140Z,3,5,B,Monday,7,14:55,15:45,Compiler Design,CS3501,Dr. R. Sundaram,C162,IT Block,4,Lecture,,,All,
00e922ef-a815-4814-9624-b0d6e37e44bc,CSE,2021,2026-2027,1.2,2026-07-19T06:43:29.540140Z,3,5,B,Tuesday,1,08:45,09:35,Compiler Design,CS3501,Dr. R. Sundaram,C249,IT Block,4,Lecture,,,All,
41b24f70-b380-4eb9-930f-f15ce155105c,CSE,2021,2026-2027,1.2,2026-07-19T06:43:29.540140Z,3,5,B,Tuesday,2,09:35,10:25,Compiler Design,CS3501,Dr. R. Sundaram,C328,IT Block,4,Lecture,,,All,
20ba600b-8474-418c-a16a-897c6287c6d5,CSE,2021,2026-2027,1.2,2026-07-19T06:43:29.540140Z,3,5,B,Tuesday,3,10:45,11:35,Computer Networks,CS3591,Prof. A. Srinivasan,C361,IT Block,4,Lecture,,,All,
7c3d71ee-8697-4a05-9059-5dd0be455d58,CSE,2021,2026-2027,1.2,2026-07-19T06:43:29.540140Z,3,5,B,Tuesday,4,11:35,12:25,Distributed Computing,CS3551,Dr. S. Srinivasan,C400,IT Block,3,Lecture,,,All,
6fd6e00e-e4bd-472c-97f7-a88de964c7bd,CSE,2021,2026-2027,1.2,2026-07-19T06:43:29.540140Z,3,5,B,Tuesday,5,13:15,14:05,Compiler Design Laboratory,CS3511,Dr. P. Karthik,Lab-3,IT Block,2,Lab,Lab-3,,All,
9b5556f6-7d0e-4aec-adb7-1648b14dba41,CSE,2021,2026-2027,1.2,2026-07-19T06:43:29.540140Z,3,5,B,Tuesday,6,14:05,14:55,Compiler Design Laboratory,CS3511,Dr. P. Karthik,Lab-3,IT Block,2,Lab,Lab-3,,All,
b655c431-621c-49a6-9dd4-a6f765634275,CSE,2021,2026-2027,1.2,2026-07-19T06:43:29.540140Z,3,5,B,Tuesday,7,14:55,15:45,Compiler Design Laboratory,CS3511,Dr. P. Karthik,Lab-3,IT Block,2,Lab,Lab-3,,All,
40207802-7675-4210-8b5a-08d4be7bd1ba,CSE,2021,2026-2027,1.2,2026-07-19T06:43:29.540140Z,3,5,B,Wednesday,1,08:45,09:35,Compiler Design,CS3501,Dr. R. Sundaram,C142,IT Block,4,Lecture,,,All,
b8b02ec6-1cbc-4f73-838c-65cbef6f95c6,CSE,2021,2026-2027,1.2,2026-07-19T06:43:29.540140Z,3,5,B,Wednesday,2,09:35,10:25,Cryptography and Cyber Security,CB3491,Dr. R. Krishnan,C263,IT Block,3,Lecture,,,All,
bd74096e-bf10-4fca-8eeb-6b1778b20b72,CSE,2021,2026-2027,1.2,2026-07-19T06:43:29.540140Z,3,5,B,Wednesday,3,10:45,11:35,Distributed Computing,CS3551,Dr. S. Srinivasan,C353,IT Block,3,Lecture,,,All,
59eae953-18ba-48c0-82f0-e6802605671b,CSE,2021,2026-2027,1.2,2026-07-19T06:43:29.540140Z,3,5,B,Wednesday,4,11:35,12:25,Cryptography and Cyber Security,CB3491,Dr. R. Krishnan,C358,IT Block,3,Lecture,,,All,
61b8207c-cb4e-4a53-ad9a-c18a15af0165,CSE,2021,2026-2027,1.2,2026-07-19T06:43:29.540140Z,3,5,B,Wednesday,5,13:15,14:05,Distributed Computing,CS3551,Dr. S. Srinivasan,C402,IT Block,3,Lecture,,,All,
50288fab-f0de-4789-b261-b5f3e3d219b8,CSE,2021,2026-2027,1.2,2026-07-19T06:43:29.540140Z,3,5,B,Wednesday,6,14:05,14:55,Cryptography and Cyber Security,CB3491,Dr. R. Krishnan,C403,IT Block,3,Lecture,,,All,
0a1a6e77-95ca-4082-927a-be7119ebfa0f,CSE,2021,2026-2027,1.2,2026-07-19T06:43:29.540140Z,3,5,B,Wednesday,7,14:55,15:45,Cryptography and Cyber Security,CB3491,Dr. R. Krishnan,C153,IT Block,3,Lecture,,,All,
3b60d2ed-9d88-4aaf-83b4-73e02ecfcef2,CSE,2021,2026-2027,1.2,2026-07-19T06:43:29.540140Z,3,5,B,Thursday,1,08:45,09:35,Compiler Design,CS3501,Dr. R. Sundaram,C215,IT Block,4,Lecture,,,All,
177a88ee-2615-41b2-820c-34c430ea1e57,CSE,2021,2026-2027,1.2,2026-07-19T06:43:29.540140Z,3,5,B,Thursday,2,09:35,10:25,Distributed Computing,CS3551,Dr. S. Srinivasan,C158,IT Block,3,Lecture,,,All,
17d7e601-cb2f-4670-88f7-2ed3c032f150,CSE,2021,2026-2027,1.2,2026-07-19T06:43:29.540140Z,3,5,B,Thursday,3,10:45,11:35,Computer Networks,CS3591,Prof. A. Srinivasan,C105,IT Block,4,Lecture,,,All,
874d36f2-2525-48de-bf93-fd59a0a01d38,CSE,2021,2026-2027,1.2,2026-07-19T06:43:29.540140Z,3,5,B,Thursday,4,11:35,12:25,Computer Networks,CS3591,Prof. A. Srinivasan,C183,IT Block,4,Lecture,,,All,
8f23b50d-d404-496e-85f6-946cfb7764a6,CSE,2021,2026-2027,1.2,2026-07-19T06:43:29.540140Z,3,5,B,Thursday,5,13:15,14:05,Compiler Design Laboratory,CS3511,Dr. P. Karthik,Lab-9,IT Block,2,Lab,Lab-9,,All,
ea65001a-8834-4d4f-a5c6-42557c86e802,CSE,2021,2026-2027,1.2,2026-07-19T06:43:29.540140Z,3,5,B,Thursday,6,14:05,14:55,Compiler Design Laboratory,CS3511,Dr. P. Karthik,Lab-9,IT Block,2,Lab,Lab-9,,All,
425a4ae4-251d-418e-b41f-5ede67eb9aa6,CSE,2021,2026-2027,1.2,2026-07-19T06:43:29.540140Z,3,5,B,Thursday,7,14:55,15:45,Compiler Design Laboratory,CS3511,Dr. P. Karthik,Lab-9,IT Block,2,Lab,Lab-9,,All,
30211216-354c-4830-b73f-ee94ab7e5647,CSE,2021,2026-2027,1.2,2026-07-19T06:43:29.540140Z,3,5,B,Friday,1,08:45,09:35,Cryptography and Cyber Security,CB3491,Dr. R. Krishnan,C128,IT Block,3,Lecture,,,All,
616b059c-29ba-4d50-81d1-c37c5e2a68ae,CSE,2021,2026-2027,1.2,2026-07-19T06:43:29.540140Z,3,5,B,Friday,2,09:35,10:25,Computer Networks,CS3591,Prof. A. Srinivasan,C310,IT Block,4,Lecture,,,All,
c4a7abba-16c2-4985-8967-ebcd5b8b6ebb,CSE,2021,2026-2027,1.2,2026-07-19T06:43:29.540140Z,3,5,B,Friday,3,10:45,11:35,Cryptography and Cyber Security,CB3491,Dr. R. Krishnan,C392,IT Block,3,Lecture,,,All,
2b83bd25-72b4-4d41-b0c1-160f19390a62,CSE,2021,2026-2027,1.2,2026-07-19T06:43:29.540140Z,3,5,B,Friday,4,11:35,12:25,Computer Networks,CS3591,Prof. A. Srinivasan,C269,IT Block,4,Lecture,,,All,
993e4d8d-0907-4301-bddf-0d53d62f724a,CSE,2021,2026-2027,1.2,2026-07-19T06:43:29.540140Z,3,5,B,Friday,5,13:15,14:05,Distributed Computing,CS3551,Dr. S. Srinivasan,C198,IT Block,3,Lecture,,,All,
cb95daf8-087d-4c9d-8684-e346c985a379,CSE,2021,2026-2027,1.2,2026-07-19T06:43:29.540140Z,3,5,B,Friday,6,14:05,14:55,Computer Networks,CS3591,Prof. A. Srinivasan,C237,IT Block,4,Lecture,,,All,
98df9abc-4bff-4d84-b5a7-1481cf9af7b8,CSE,2021,2026-2027,1.2,2026-07-19T06:43:29.540140Z,3,5,B,Friday,7,14:55,15:45,Computer Networks,CS3591,Prof. A. Srinivasan,C318,IT Block,4,Lecture,,,All,
541f64f6-5733-4ef1-a3f6-3b14b780e5b5,CSE,2021,2026-2027,1.2,2026-07-19T06:43:29.540140Z,3,5,B,Saturday,1,08:45,09:35,Distributed Computing,CS3551,Dr. S. Srinivasan,C128,IT Block,3,Lecture,,,All,
af95682e-87d0-462c-b832-27dbf93b1c76,CSE,2021,2026-2027,1.2,2026-07-19T06:43:29.540140Z,3,5,B,Saturday,2,09:35,10:25,Cryptography and Cyber Security,CB3491,Dr. R. Krishnan,C197,IT Block,3,Lecture,,,All,
7ad87506-27f7-4dc8-b536-adf7432f4ba8,CSE,2021,2026-2027,1.2,2026-07-19T06:43:29.540140Z,3,5,B,Saturday,3,10:45,11:35,Cryptography and Cyber Security,CB3491,Dr. R. Krishnan,C155,IT Block,3,Lecture,,,All,
b831c887-51f5-4440-8014-18d831d2549e,CSE,2021,2026-2027,1.2,2026-07-19T06:43:29.540140Z,3,5,B,Saturday,4,11:35,12:25,Distributed Computing,CS3551,Dr. S. Srinivasan,C273,IT Block,3,Lecture,,,All,
95315d75-b02c-452e-8fa8-03c525bfc4f4,CSE,2021,2026-2027,1.2,2026-07-19T06:43:29.540140Z,3,5,B,Saturday,5,13:15,14:05,Compiler Design Laboratory,CS3511,Dr. P. Karthik,Lab-5,IT Block,2,Lab,Lab-5,,All,
86cad55f-58c7-4c2e-adc5-dfdaf3c67638,CSE,2021,2026-2027,1.2,2026-07-19T06:43:29.540140Z,3,5,B,Saturday,6,14:05,14:55,Compiler Design Laboratory,CS3511,Dr. P. Karthik,Lab-5,IT Block,2,Lab,Lab-5,,All,
6cd9e231-8ffd-4993-b7d2-913820805e60,CSE,2021,2026-2027,1.2,2026-07-19T06:43:29.540140Z,3,5,B,Saturday,7,14:55,15:45,Compiler Design Laboratory,CS3511,Dr. P. Karthik,Lab-5,IT Block,2,Lab,Lab-5,,All,
114ccc05-3b14-48d9-a82f-4a28ec1d3405,CSE,2021,2026-2027,1.2,2026-07-19T06:43:29.540140Z,4,7,A,Monday,1,08:45,09:35,Mini Project,CS3712,Dr. M. Srinivasan,C333,IT Block,2,Mini Project,,,All,
331432f6-7a23-41e2-ad73-c21ccf5fb761,CSE,2021,2026-2027,1.2,2026-07-19T06:43:29.540140Z,4,7,A,Monday,2,09:35,10:25,Cloud Computing,CS3792,Prof. V. Natarajan,C325,IT Block,3,Lecture,,,All,
4ab0f0de-8ace-4a26-8b80-8b62cba33236,CSE,2021,2026-2027,1.2,2026-07-19T06:43:29.540140Z,4,7,A,Monday,3,10:45,11:35,Human Values and Ethics,GE3791,Prof. A. Krishnan,C139,IT Block,2,Lecture,,,All,
f05a3da6-e27e-4549-99d0-c8a0e73e91a7,CSE,2021,2026-2027,1.2,2026-07-19T06:43:29.540140Z,4,7,A,Monday,4,11:35,12:25,Mini Project,CS3712,Dr. M. Srinivasan,C381,IT Block,2,Mini Project,,,All,
7ae96330-5919-4224-a6f6-30ad27eee914,CSE,2021,2026-2027,1.2,2026-07-19T06:43:29.540140Z,4,7,A,Monday,5,13:15,14:05,Human Computer Interaction,CS3791,Prof. A. Rajan,C232,IT Block,3,Lecture,,,All,
13c38717-6e86-4ca3-bbad-72074dc18622,CSE,2021,2026-2027,1.2,2026-07-19T06:43:29.540140Z,4,7,A,Monday,6,14:05,14:55,Cloud Computing,CS3792,Prof. V. Natarajan,C140,IT Block,3,Lecture,,,All,
560537f5-58b4-491b-bb82-68ddeabe9303,CSE,2021,2026-2027,1.2,2026-07-19T06:43:29.540140Z,4,7,A,Monday,7,14:55,15:45,Human Computer Interaction,CS3791,Prof. A. Rajan,C184,IT Block,3,Lecture,,,All,
9d3b53e7-0e44-4150-b521-52665dbe64d5,CSE,2021,2026-2027,1.2,2026-07-19T06:43:29.540140Z,4,7,A,Tuesday,1,08:45,09:35,Cloud Computing,CS3792,Prof. V. Natarajan,C356,IT Block,3,Lecture,,,All,
ff04f1b3-2862-4702-98cc-9d092a9bf18f,CSE,2021,2026-2027,1.2,2026-07-19T06:43:29.540140Z,4,7,A,Tuesday,2,09:35,10:25,Cloud Computing,CS3792,Prof. V. Natarajan,C115,IT Block,3,Lecture,,,All,
470568f9-8fa6-4f50-a6c3-676b9eacdc07,CSE,2021,2026-2027,1.2,2026-07-19T06:43:29.540140Z,4,7,A,Tuesday,3,10:45,11:35,Human Computer Interaction,CS3791,Prof. A. Rajan,C110,IT Block,3,Lecture,,,All,
a7be18a5-f409-4d27-a494-556cbb7fae5d,CSE,2021,2026-2027,1.2,2026-07-19T06:43:29.540140Z,4,7,A,Tuesday,4,11:35,12:25,Mini Project,CS3712,Dr. M. Srinivasan,C253,IT Block,2,Mini Project,,,All,
7785b4c2-1f70-46e2-ba7e-30c7785ed362,CSE,2021,2026-2027,1.2,2026-07-19T06:43:29.540140Z,4,7,A,Tuesday,5,13:15,14:05,Cloud Computing Laboratory,CS3711,Dr. K. Srinivasan,Lab-7,IT Block,2,Lab,Lab-7,,All,
217ae0d1-1023-4457-8960-2aff88e21007,CSE,2021,2026-2027,1.2,2026-07-19T06:43:29.540140Z,4,7,A,Tuesday,6,14:05,14:55,Cloud Computing Laboratory,CS3711,Dr. K. Srinivasan,Lab-7,IT Block,2,Lab,Lab-7,,All,
376e8d5d-396d-4fb2-b24f-0c3e3a09fc3f,CSE,2021,2026-2027,1.2,2026-07-19T06:43:29.540140Z,4,7,A,Tuesday,7,14:55,15:45,Cloud Computing Laboratory,CS3711,Dr. K. Srinivasan,Lab-7,IT Block,2,Lab,Lab-7,,All,
e982ee7e-0e9e-437a-88d3-3fd6b056977a,CSE,2021,2026-2027,1.2,2026-07-19T06:43:29.540140Z,4,7,A,Wednesday,1,08:45,09:35,Human Computer Interaction,CS3791,Prof. A. Rajan,C391,IT Block,3,Lecture,,,All,
2ce7736b-a006-4366-9e68-57610620bb0e,CSE,2021,2026-2027,1.2,2026-07-19T06:43:29.540140Z,4,7,A,Wednesday,2,09:35,10:25,Human Computer Interaction,CS3791,Prof. A. Rajan,C306,IT Block,3,Lecture,,,All,
c8ee72f0-33dd-470d-937a-ad5e0e0f5f55,CSE,2021,2026-2027,1.2,2026-07-19T06:43:29.540140Z,4,7,A,Wednesday,3,10:45,11:35,Human Values and Ethics,GE3791,Prof. A. Krishnan,C132,IT Block,2,Lecture,,,All,
a22f2bd9-5253-45f7-a532-8a24d1149217,CSE,2021,2026-2027,1.2,2026-07-19T06:43:29.540140Z,4,7,A,Wednesday,4,11:35,12:25,Human Values and Ethics,GE3791,Prof. A. Krishnan,C259,IT Block,2,Lecture,,,All,
d30eba1c-c339-47eb-8ed3-8202c0c8561c,CSE,2021,2026-2027,1.2,2026-07-19T06:43:29.540140Z,4,7,A,Wednesday,5,13:15,14:05,Mini Project,CS3712,Dr. M. Srinivasan,C316,IT Block,2,Mini Project,,,All,
e04039dc-cc38-4737-a699-00e52320fe8a,CSE,2021,2026-2027,1.2,2026-07-19T06:43:29.540140Z,4,7,A,Wednesday,6,14:05,14:55,Human Computer Interaction,CS3791,Prof. A. Rajan,C278,IT Block,3,Lecture,,,All,
a8780abc-d3bb-4a52-ad3b-b447b5bfa645,CSE,2021,2026-2027,1.2,2026-07-19T06:43:29.540140Z,4,7,A,Wednesday,7,14:55,15:45,Human Values and Ethics,GE3791,Prof. A. Krishnan,C101,IT Block,2,Lecture,,,All,
4f6bed36-a756-4a52-b747-a243fd53283e,CSE,2021,2026-2027,1.2,2026-07-19T06:43:29.540140Z,4,7,A,Thursday,1,08:45,09:35,Mini Project,CS3712,Dr. M. Srinivasan,C195,IT Block,2,Mini Project,,,All,
1b32a1c5-ff67-4dfa-a31e-6827ae41640a,CSE,2021,2026-2027,1.2,2026-07-19T06:43:29.540140Z,4,7,A,Thursday,2,09:35,10:25,Human Values and Ethics,GE3791,Prof. A. Krishnan,C386,IT Block,2,Lecture,,,All,
cda6361c-a207-4b29-abb5-31ee5f2ee38d,CSE,2021,2026-2027,1.2,2026-07-19T06:43:29.540140Z,4,7,A,Thursday,3,10:45,11:35,Mini Project,CS3712,Dr. M. Srinivasan,C241,IT Block,2,Mini Project,,,All,
5310e798-96af-4afd-852f-f9cbedc53d23,CSE,2021,2026-2027,1.2,2026-07-19T06:43:29.540140Z,4,7,A,Thursday,4,11:35,12:25,Human Computer Interaction,CS3791,Prof. A. Rajan,C103,IT Block,3,Lecture,,,All,
6b3e0a51-c77f-46ac-a450-0c684cefcab0,CSE,2021,2026-2027,1.2,2026-07-19T06:43:29.540140Z,4,7,A,Thursday,5,13:15,14:05,Cloud Computing Laboratory,CS3711,Dr. K. Srinivasan,Lab-1,IT Block,2,Lab,Lab-1,,All,
20570403-6d8d-4da1-9d33-096034bfa4a4,CSE,2021,2026-2027,1.2,2026-07-19T06:43:29.540140Z,4,7,A,Thursday,6,14:05,14:55,Cloud Computing Laboratory,CS3711,Dr. K. Srinivasan,Lab-1,IT Block,2,Lab,Lab-1,,All,
bbe420c4-d79f-4310-8411-7ae383a7c7ef,CSE,2021,2026-2027,1.2,2026-07-19T06:43:29.540140Z,4,7,A,Thursday,7,14:55,15:45,Cloud Computing Laboratory,CS3711,Dr. K. Srinivasan,Lab-1,IT Block,2,Lab,Lab-1,,All,
241f2a40-e687-424b-a184-e769abae2320,CSE,2021,2026-2027,1.2,2026-07-19T06:43:29.540140Z,4,7,A,Friday,1,08:45,09:35,Human Values and Ethics,GE3791,Prof. A. Krishnan,C197,IT Block,2,Lecture,,,All,
7dae3930-d78e-4e97-b618-61d298c651b3,CSE,2021,2026-2027,1.2,2026-07-19T06:43:29.540140Z,4,7,A,Friday,2,09:35,10:25,Human Computer Interaction,CS3791,Prof. A. Rajan,C337,IT Block,3,Lecture,,,All,
26e41012-6296-4ae9-b762-374d419ee23d,CSE,2021,2026-2027,1.2,2026-07-19T06:43:29.540140Z,4,7,A,Friday,3,10:45,11:35,Cloud Computing,CS3792,Prof. V. Natarajan,C186,IT Block,3,Lecture,,,All,
190820c7-705a-4467-ac03-8d9b83017002,CSE,2021,2026-2027,1.2,2026-07-19T06:43:29.540140Z,4,7,A,Friday,4,11:35,12:25,Human Values and Ethics,GE3791,Prof. A. Krishnan,C378,IT Block,2,Lecture,,,All,
bea08bd3-2b03-4cec-9840-21c1de5b0bad,CSE,2021,2026-2027,1.2,2026-07-19T06:43:29.540140Z,4,7,A,Friday,5,13:15,14:05,Cloud Computing,CS3792,Prof. V. Natarajan,C185,IT Block,3,Lecture,,,All,
24ffeb14-cb3a-40bf-8fd7-7930697c86ad,CSE,2021,2026-2027,1.2,2026-07-19T06:43:29.540140Z,4,7,A,Friday,6,14:05,14:55,Cloud Computing,CS3792,Prof. V. Natarajan,C231,IT Block,3,Lecture,,,All,
426fae66-ffc8-4de6-871b-19f0a88558bb,CSE,2021,2026-2027,1.2,2026-07-19T06:43:29.540140Z,4,7,A,Friday,7,14:55,15:45,Mini Project,CS3712,Dr. M. Srinivasan,C404,IT Block,2,Mini Project,,,All,
ae9e0aac-299e-45be-9eb6-9cd6a300942e,CSE,2021,2026-2027,1.2,2026-07-19T06:43:29.540140Z,4,7,A,Saturday,1,08:45,09:35,Mini Project,CS3712,Dr. M. Srinivasan,C230,IT Block,2,Mini Project,,,All,
48e55442-abfb-41a1-b1e6-b33579afb01f,CSE,2021,2026-2027,1.2,2026-07-19T06:43:29.540140Z,4,7,A,Saturday,2,09:35,10:25,Human Values and Ethics,GE3791,Prof. A. Krishnan,C252,IT Block,2,Lecture,,,All,
8b3b55cf-bf5f-48da-89ce-130d8b57dea0,CSE,2021,2026-2027,1.2,2026-07-19T06:43:29.540140Z,4,7,A,Saturday,3,10:45,11:35,Human Values and Ethics,GE3791,Prof. A. Krishnan,C259,IT Block,2,Lecture,,,All,
a803c0f3-126b-40f1-92a4-4f5bd109f347,CSE,2021,2026-2027,1.2,2026-07-19T06:43:29.540140Z,4,7,A,Saturday,4,11:35,12:25,Human Computer Interaction,CS3791,Prof. A. Rajan,C379,IT Block,3,Lecture,,,All,
1619a451-23c1-4fcf-a557-e22dabadcf7e,CSE,2021,2026-2027,1.2,2026-07-19T06:43:29.540140Z,4,7,A,Saturday,5,13:15,14:05,Cloud Computing Laboratory,CS3711,Dr. K. Srinivasan,Lab-7,IT Block,2,Lab,Lab-7,,All,
a0a630b3-e6a1-43f8-852d-8f4386aefaf7,CSE,2021,2026-2027,1.2,2026-07-19T06:43:29.540140Z,4,7,A,Saturday,6,14:05,14:55,Cloud Computing Laboratory,CS3711,Dr. K. Srinivasan,Lab-7,IT Block,2,Lab,Lab-7,,All,
c321940a-f205-48d5-a8f1-dd644de442a6,CSE,2021,2026-2027,1.2,2026-07-19T06:43:29.540140Z,4,7,A,Saturday,7,14:55,15:45,Cloud Computing Laboratory,CS3711,Dr. K. Srinivasan,Lab-7,IT Block,2,Lab,Lab-7,,All,
ff41418b-5180-4962-9216-2a58afee2bca,CSE,2021,2026-2027,1.2,2026-07-19T06:43:29.540140Z,4,7,B,Monday,1,08:45,09:35,Human Computer Interaction,CS3791,Dr. P. Venkatesh,C157,IT Block,3,Lecture,,,All,
16b4f4b1-4d8d-45be-8aff-b0bc83fc276f,CSE,2021,2026-2027,1.2,2026-07-19T06:43:29.540140Z,4,7,B,Monday,2,09:35,10:25,Human Values and Ethics,GE3791,Prof. G. Kumar,C136,IT Block,2,Lecture,,,All,
85968393-50a3-435e-9b1a-c81224b7b43b,CSE,2021,2026-2027,1.2,2026-07-19T06:43:29.540140Z,4,7,B,Monday,3,10:45,11:35,Human Computer Interaction,CS3791,Dr. P. Venkatesh,C124,IT Block,3,Lecture,,,All,
5641f116-826b-4c30-a7d3-f35dbc45e494,CSE,2021,2026-2027,1.2,2026-07-19T06:43:29.540140Z,4,7,B,Monday,4,11:35,12:25,Human Computer Interaction,CS3791,Dr. P. Venkatesh,C103,IT Block,3,Lecture,,,All,
5d7d5c52-e6b7-4a0e-a10d-1b5be57186ec,CSE,2021,2026-2027,1.2,2026-07-19T06:43:29.540140Z,4,7,B,Monday,5,13:15,14:05,Cloud Computing,CS3792,Dr. S. Balaji,C329,IT Block,3,Lecture,,,All,
8d86c5ec-5f24-4e4b-b3d1-5acc3a6db1ee,CSE,2021,2026-2027,1.2,2026-07-19T06:43:29.540140Z,4,7,B,Monday,6,14:05,14:55,Mini Project,CS3712,Prof. A. Krishnan,C393,IT Block,2,Mini Project,,,All,
48bdb760-fc37-449b-b00c-a66a1957b051,CSE,2021,2026-2027,1.2,2026-07-19T06:43:29.540140Z,4,7,B,Monday,7,14:55,15:45,Mini Project,CS3712,Prof. A. Krishnan,C378,IT Block,2,Mini Project,,,All,
7ff2e16d-d857-4ade-8819-babf8cdd7cb1,CSE,2021,2026-2027,1.2,2026-07-19T06:43:29.540140Z,4,7,B,Tuesday,1,08:45,09:35,Human Computer Interaction,CS3791,Dr. P. Venkatesh,C214,IT Block,3,Lecture,,,All,
b4f790e9-9022-48bc-b72d-332cfc8052c7,CSE,2021,2026-2027,1.2,2026-07-19T06:43:29.540140Z,4,7,B,Tuesday,2,09:35,10:25,Human Values and Ethics,GE3791,Prof. G. Kumar,C234,IT Block,2,Lecture,,,All,
8e4f4a38-273d-49e0-9c31-3c944f3656ae,CSE,2021,2026-2027,1.2,2026-07-19T06:43:29.540140Z,4,7,B,Tuesday,3,10:45,11:35,Human Computer Interaction,CS3791,Dr. P. Venkatesh,C107,IT Block,3,Lecture,,,All,
6b054fba-5301-4e65-a66e-4c1bd44468ff,CSE,2021,2026-2027,1.2,2026-07-19T06:43:29.540140Z,4,7,B,Tuesday,4,11:35,12:25,Cloud Computing,CS3792,Dr. S. Balaji,C329,IT Block,3,Lecture,,,All,
2e5256d8-f6e8-4de1-960c-3388eb13aec5,CSE,2021,2026-2027,1.2,2026-07-19T06:43:29.540140Z,4,7,B,Tuesday,5,13:15,14:05,Cloud Computing Laboratory,CS3711,Prof. V. Karthik,Lab-5,IT Block,2,Lab,Lab-5,,All,
5ddfcd1a-fee0-43fc-bcdc-cafef6b21b9c,CSE,2021,2026-2027,1.2,2026-07-19T06:43:29.540140Z,4,7,B,Tuesday,6,14:05,14:55,Cloud Computing Laboratory,CS3711,Prof. V. Karthik,Lab-5,IT Block,2,Lab,Lab-5,,All,
7637e8ba-db27-4a1e-9942-6c526d96c7ef,CSE,2021,2026-2027,1.2,2026-07-19T06:43:29.540140Z,4,7,B,Tuesday,7,14:55,15:45,Cloud Computing Laboratory,CS3711,Prof. V. Karthik,Lab-5,IT Block,2,Lab,Lab-5,,All,
b3fa8911-513a-4d08-ab29-7a04d8c794e5,CSE,2021,2026-2027,1.2,2026-07-19T06:43:29.540140Z,4,7,B,Wednesday,1,08:45,09:35,Cloud Computing,CS3792,Dr. S. Balaji,C247,IT Block,3,Lecture,,,All,
1813584b-0420-47e4-89a8-6d85a19e4cfc,CSE,2021,2026-2027,1.2,2026-07-19T06:43:29.540140Z,4,7,B,Wednesday,2,09:35,10:25,Human Values and Ethics,GE3791,Prof. G. Kumar,C139,IT Block,2,Lecture,,,All,
656cbd0f-03d8-4a42-b3a4-dbe1768b37f2,CSE,2021,2026-2027,1.2,2026-07-19T06:43:29.540140Z,4,7,B,Wednesday,3,10:45,11:35,Mini Project,CS3712,Prof. A. Krishnan,C301,IT Block,2,Mini Project,,,All,
d35dfb75-0b12-4ef0-b59b-3af4daff4068,CSE,2021,2026-2027,1.2,2026-07-19T06:43:29.540140Z,4,7,B,Wednesday,4,11:35,12:25,Human Computer Interaction,CS3791,Dr. P. Venkatesh,C307,IT Block,3,Lecture,,,All,
5a1d10e5-12e6-419f-b3c0-944b5c1f4336,CSE,2021,2026-2027,1.2,2026-07-19T06:43:29.540140Z,4,7,B,Wednesday,5,13:15,14:05,Human Computer Interaction,CS3791,Dr. P. Venkatesh,C290,IT Block,3,Lecture,,,All,
010dd410-6e54-4e73-b227-8fed72707d6d,CSE,2021,2026-2027,1.2,2026-07-19T06:43:29.540140Z,4,7,B,Wednesday,6,14:05,14:55,Cloud Computing,CS3792,Dr. S. Balaji,C223,IT Block,3,Lecture,,,All,
17c64199-8f60-43de-ac8b-beff61eb5a73,CSE,2021,2026-2027,1.2,2026-07-19T06:43:29.540140Z,4,7,B,Wednesday,7,14:55,15:45,Human Computer Interaction,CS3791,Dr. P. Venkatesh,C145,IT Block,3,Lecture,,,All,
02267f2f-3b67-4b3c-814f-724ee2b58c5e,CSE,2021,2026-2027,1.2,2026-07-19T06:43:29.540140Z,4,7,B,Thursday,1,08:45,09:35,Human Computer Interaction,CS3791,Dr. P. Venkatesh,C147,IT Block,3,Lecture,,,All,
de863d94-0439-4b55-91a9-9c335d6ede4e,CSE,2021,2026-2027,1.2,2026-07-19T06:43:29.540140Z,4,7,B,Thursday,2,09:35,10:25,Mini Project,CS3712,Prof. A. Krishnan,C296,IT Block,2,Mini Project,,,All,
d7659438-558f-4533-936d-03f7c681be4f,CSE,2021,2026-2027,1.2,2026-07-19T06:43:29.540140Z,4,7,B,Thursday,3,10:45,11:35,Cloud Computing,CS3792,Dr. S. Balaji,C213,IT Block,3,Lecture,,,All,
c00e8f35-b42f-4205-a4f5-a6743f0dcf05,CSE,2021,2026-2027,1.2,2026-07-19T06:43:29.540140Z,4,7,B,Thursday,4,11:35,12:25,Mini Project,CS3712,Prof. A. Krishnan,C295,IT Block,2,Mini Project,,,All,
1d421f86-d4fb-4971-a81b-9e97fd4c100e,CSE,2021,2026-2027,1.2,2026-07-19T06:43:29.540140Z,4,7,B,Thursday,5,13:15,14:05,Cloud Computing Laboratory,CS3711,Prof. V. Karthik,Lab-8,IT Block,2,Lab,Lab-8,,All,
f90a499b-20ae-45bc-b97b-d51bdfc9e3f5,CSE,2021,2026-2027,1.2,2026-07-19T06:43:29.540140Z,4,7,B,Thursday,6,14:05,14:55,Cloud Computing Laboratory,CS3711,Prof. V. Karthik,Lab-8,IT Block,2,Lab,Lab-8,,All,
27a2326a-088f-4757-80ec-53e292ce05ff,CSE,2021,2026-2027,1.2,2026-07-19T06:43:29.540140Z,4,7,B,Thursday,7,14:55,15:45,Cloud Computing Laboratory,CS3711,Prof. V. Karthik,Lab-8,IT Block,2,Lab,Lab-8,,All,
8aadf194-5532-474c-ae67-c2247e187822,CSE,2021,2026-2027,1.2,2026-07-19T06:43:29.540140Z,4,7,B,Friday,1,08:45,09:35,Cloud Computing,CS3792,Dr. S. Balaji,C348,IT Block,3,Lecture,,,All,
f0d10476-2f2f-434f-9050-fae5625db36b,CSE,2021,2026-2027,1.2,2026-07-19T06:43:29.540140Z,4,7,B,Friday,2,09:35,10:25,Human Values and Ethics,GE3791,Prof. G. Kumar,C192,IT Block,2,Lecture,,,All,
1be1458c-b042-4514-81c0-5d70a6ff742a,CSE,2021,2026-2027,1.2,2026-07-19T06:43:29.540140Z,4,7,B,Friday,3,10:45,11:35,Human Computer Interaction,CS3791,Dr. P. Venkatesh,C315,IT Block,3,Lecture,,,All,
4cace7ef-5093-4df4-8e45-6de952df2f51,CSE,2021,2026-2027,1.2,2026-07-19T06:43:29.540140Z,4,7,B,Friday,4,11:35,12:25,Human Values and Ethics,GE3791,Prof. G. Kumar,C374,IT Block,2,Lecture,,,All,
910928b7-8ce2-44c1-9f70-f4c664d35503,CSE,2021,2026-2027,1.2,2026-07-19T06:43:29.540140Z,4,7,B,Friday,5,13:15,14:05,Cloud Computing,CS3792,Dr. S. Balaji,C232,IT Block,3,Lecture,,,All,
8fd7f39e-c73f-4dfb-9a6b-60d4cf71c4a3,CSE,2021,2026-2027,1.2,2026-07-19T06:43:29.540140Z,4,7,B,Friday,6,14:05,14:55,Cloud Computing,CS3792,Dr. S. Balaji,C190,IT Block,3,Lecture,,,All,
3b105bfe-a441-44fe-a94e-758e23c9c57b,CSE,2021,2026-2027,1.2,2026-07-19T06:43:29.540140Z,4,7,B,Friday,7,14:55,15:45,Human Computer Interaction,CS3791,Dr. P. Venkatesh,C149,IT Block,3,Lecture,,,All,
c5837570-ddc2-4244-89c0-655ab7c2135d,CSE,2021,2026-2027,1.2,2026-07-19T06:43:29.540140Z,4,7,B,Saturday,1,08:45,09:35,Cloud Computing,CS3792,Dr. S. Balaji,C161,IT Block,3,Lecture,,,All,
9e0923a0-c13f-4580-95ad-f84392060c53,CSE,2021,2026-2027,1.2,2026-07-19T06:43:29.540140Z,4,7,B,Saturday,2,09:35,10:25,Cloud Computing,CS3792,Dr. S. Balaji,C110,IT Block,3,Lecture,,,All,
06b95418-406a-4106-934a-a4f77c07781b,CSE,2021,2026-2027,1.2,2026-07-19T06:43:29.540140Z,4,7,B,Saturday,3,10:45,11:35,Cloud Computing,CS3792,Dr. S. Balaji,C321,IT Block,3,Lecture,,,All,
5de2f13d-96f6-4f15-9085-1351c558ec66,CSE,2021,2026-2027,1.2,2026-07-19T06:43:29.540140Z,4,7,B,Saturday,4,11:35,12:25,Cloud Computing,CS3792,Dr. S. Balaji,C191,IT Block,3,Lecture,,,All,
ff555300-1512-4d78-8c09-c4d2453e8e2c,CSE,2021,2026-2027,1.2,2026-07-19T06:43:29.540140Z,4,7,B,Saturday,5,13:15,14:05,Cloud Computing Laboratory,CS3711,Prof. V. Karthik,Lab-9,IT Block,2,Lab,Lab-9,,All,
cc620e91-ede1-4b3d-8e12-d420fd50579b,CSE,2021,2026-2027,1.2,2026-07-19T06:43:29.540140Z,4,7,B,Saturday,6,14:05,14:55,Cloud Computing Laboratory,CS3711,Prof. V. Karthik,Lab-9,IT Block,2,Lab,Lab-9,,All,
75c77b22-d78c-4e76-aa6c-07e52ffd9418,CSE,2021,2026-2027,1.2,2026-07-19T06:43:29.540140Z,4,7,B,Saturday,7,14:55,15:45,Cloud Computing Laboratory,CS3711,Prof. V. Karthik,Lab-9,IT Block,2,Lab,Lab-9,,All,
977f4862-f631-4583-a177-39485fd7d00d,AIDS,2021,2026-2027,1.2,2026-07-19T06:43:29.540140Z,1,1,A,Monday,1,08:45,09:35,Professional English - I,HS3152,Dr. M. Krishnan,C172,IT Block,3,Lecture,,,All,
a93dd8a9-2b7c-4a1d-a64c-5e08bec7a06e,AIDS,2021,2026-2027,1.2,2026-07-19T06:43:29.540140Z,1,1,A,Monday,2,09:35,10:25,Engineering Chemistry,CY3151,Dr. S. Karthik,C132,IT Block,3,Lecture,,,All,
d308bb54-0bf5-470a-b88e-b22a51524398,AIDS,2021,2026-2027,1.2,2026-07-19T06:43:29.540140Z,1,1,A,Monday,3,10:45,11:35,Engineering Physics,PH3151,Prof. V. Karthik,C299,IT Block,3,Lecture,,,All,
59737e90-3047-4375-97e5-e4c4bd13109b,AIDS,2021,2026-2027,1.2,2026-07-19T06:43:29.540140Z,1,1,A,Monday,4,11:35,12:25,Engineering Physics,PH3151,Prof. V. Karthik,C217,IT Block,3,Lecture,,,All,
dd791142-76b0-4e40-bfd3-2c8eddefc919,AIDS,2021,2026-2027,1.2,2026-07-19T06:43:29.540140Z,1,1,A,Monday,5,13:15,14:05,Professional English - I,HS3152,Dr. M. Krishnan,C211,IT Block,3,Lecture,,,All,
11b65e70-3822-481a-beae-a78fe90a0868,AIDS,2021,2026-2027,1.2,2026-07-19T06:43:29.540140Z,1,1,A,Monday,6,14:05,14:55,Problem Solving and Python Programming,GE3151,Dr. S. Srinivasan,C312,IT Block,3,Lecture,,,All,
33c53a82-c4d4-4a6e-952d-dfb6c2b66327,AIDS,2021,2026-2027,1.2,2026-07-19T06:43:29.540140Z,1,1,A,Monday,7,14:55,15:45,Heritage of Tamils,GE3152,Dr. S. Karthik,C144,IT Block,1,Lecture,,,All,
8deec5cc-f893-4386-8030-8b39f1d6b124,AIDS,2021,2026-2027,1.2,2026-07-19T06:43:29.540140Z,1,1,A,Tuesday,1,08:45,09:35,Professional English - I,HS3152,Dr. M. Krishnan,C345,IT Block,3,Lecture,,,All,
fac83682-3860-4e2e-8560-fe5b2895f807,AIDS,2021,2026-2027,1.2,2026-07-19T06:43:29.540140Z,1,1,A,Tuesday,2,09:35,10:25,Problem Solving and Python Programming,GE3151,Dr. S. Srinivasan,C315,IT Block,3,Lecture,,,All,
e9e7b49f-acf9-4140-94c3-d7c75da8496e,AIDS,2021,2026-2027,1.2,2026-07-19T06:43:29.540140Z,1,1,A,Tuesday,3,10:45,11:35,Engineering Chemistry,CY3151,Dr. S. Karthik,C199,IT Block,3,Lecture,,,All,
e26e77ac-b91a-47d1-bed4-5c428c1f53fe,AIDS,2021,2026-2027,1.2,2026-07-19T06:43:29.540140Z,1,1,A,Tuesday,4,11:35,12:25,Professional English - I,HS3152,Dr. M. Krishnan,C348,IT Block,3,Lecture,,,All,
c3a8a648-a211-4fbf-bcc5-cc1746a76d75,AIDS,2021,2026-2027,1.2,2026-07-19T06:43:29.540140Z,1,1,A,Tuesday,5,13:15,14:05,Problem Solving and Python Programming Laboratory,GE3171,Prof. G. Srinivasan,Lab-10,IT Block,2,Lab,Lab-10,,All,
b32d8bef-a2ae-43e1-a10f-78793c0a3a49,AIDS,2021,2026-2027,1.2,2026-07-19T06:43:29.540140Z,1,1,A,Tuesday,6,14:05,14:55,Problem Solving and Python Programming Laboratory,GE3171,Prof. G. Srinivasan,Lab-10,IT Block,2,Lab,Lab-10,,All,
28cb4261-9138-4207-ba38-4847b6d73773,AIDS,2021,2026-2027,1.2,2026-07-19T06:43:29.540140Z,1,1,A,Tuesday,7,14:55,15:45,Problem Solving and Python Programming Laboratory,GE3171,Prof. G. Srinivasan,Lab-10,IT Block,2,Lab,Lab-10,,All,
fecff528-c463-4c57-90ec-ace979c35035,AIDS,2021,2026-2027,1.2,2026-07-19T06:43:29.540140Z,1,1,A,Wednesday,1,08:45,09:35,Problem Solving and Python Programming,GE3151,Dr. S. Srinivasan,C299,IT Block,3,Lecture,,,All,
c7377863-02af-4ece-9f20-757793eddba1,AIDS,2021,2026-2027,1.2,2026-07-19T06:43:29.540140Z,1,1,A,Wednesday,2,09:35,10:25,Matrices and Calculus,MA3151,Dr. P. Karthik,C358,IT Block,4,Lecture,,,All,
63f35e9d-0cd6-47ae-a95b-8eca1885b77c,AIDS,2021,2026-2027,1.2,2026-07-19T06:43:29.540140Z,1,1,A,Wednesday,3,10:45,11:35,Engineering Physics,PH3151,Prof. V. Karthik,C202,IT Block,3,Lecture,,,All,
7c8486c9-bec9-4c06-82f4-89258971a5cb,AIDS,2021,2026-2027,1.2,2026-07-19T06:43:29.540140Z,1,1,A,Wednesday,4,11:35,12:25,Heritage of Tamils,GE3152,Dr. S. Karthik,C371,IT Block,1,Lecture,,,All,
cf00dd47-abfe-4c32-9b6c-2781d14caa65,AIDS,2021,2026-2027,1.2,2026-07-19T06:43:29.540140Z,1,1,A,Wednesday,5,13:15,14:05,Heritage of Tamils,GE3152,Dr. S. Karthik,C297,IT Block,1,Lecture,,,All,
424ad499-0921-47c6-ad52-2df88197335c,AIDS,2021,2026-2027,1.2,2026-07-19T06:43:29.540140Z,1,1,A,Wednesday,6,14:05,14:55,Matrices and Calculus,MA3151,Dr. P. Karthik,C240,IT Block,4,Lecture,,,All,
e1bf4585-07ac-4ee9-b116-532595449551,AIDS,2021,2026-2027,1.2,2026-07-19T06:43:29.540140Z,1,1,A,Wednesday,7,14:55,15:45,Problem Solving and Python Programming,GE3151,Dr. S. Srinivasan,C213,IT Block,3,Lecture,,,All,
87d6f533-f3a6-4dc6-9784-4e10306241d9,AIDS,2021,2026-2027,1.2,2026-07-19T06:43:29.540140Z,1,1,A,Thursday,1,08:45,09:35,Engineering Chemistry,CY3151,Dr. S. Karthik,C380,IT Block,3,Lecture,,,All,
a25a70d4-2136-4b5b-9eca-5fa14f4974b6,AIDS,2021,2026-2027,1.2,2026-07-19T06:43:29.540140Z,1,1,A,Thursday,2,09:35,10:25,Problem Solving and Python Programming,GE3151,Dr. S. Srinivasan,C363,IT Block,3,Lecture,,,All,
0b34cdf4-10b1-46c0-8553-46181a36c09c,AIDS,2021,2026-2027,1.2,2026-07-19T06:43:29.540140Z,1,1,A,Thursday,3,10:45,11:35,Professional English - I,HS3152,Dr. M. Krishnan,C327,IT Block,3,Lecture,,,All,
ea07f0c2-0e7a-494c-b986-1a023ab86558,AIDS,2021,2026-2027,1.2,2026-07-19T06:43:29.540140Z,1,1,A,Thursday,4,11:35,12:25,Professional English - I,HS3152,Dr. M. Krishnan,C208,IT Block,3,Lecture,,,All,
b866c35c-de8e-4c73-a000-db0f7b4dbdea,AIDS,2021,2026-2027,1.2,2026-07-19T06:43:29.540140Z,1,1,A,Thursday,5,13:15,14:05,Physics and Chemistry Laboratory,BS3171,Dr. M. Ramesh,Lab-8,IT Block,2,Lab,Lab-8,,All,
c541d5c0-3fba-46cf-8365-11ccf72b3df1,AIDS,2021,2026-2027,1.2,2026-07-19T06:43:29.540140Z,1,1,A,Thursday,6,14:05,14:55,Physics and Chemistry Laboratory,BS3171,Dr. M. Ramesh,Lab-8,IT Block,2,Lab,Lab-8,,All,
6b4173a5-2d08-487d-bec3-3312db7b5062,AIDS,2021,2026-2027,1.2,2026-07-19T06:43:29.540140Z,1,1,A,Thursday,7,14:55,15:45,Physics and Chemistry Laboratory,BS3171,Dr. M. Ramesh,Lab-8,IT Block,2,Lab,Lab-8,,All,
ed667e28-36e8-4cd7-ace7-6956e1e15205,AIDS,2021,2026-2027,1.2,2026-07-19T06:43:29.540140Z,1,1,A,Friday,1,08:45,09:35,Matrices and Calculus,MA3151,Dr. P. Karthik,C335,IT Block,4,Lecture,,,All,
cbcb004d-4a59-4a12-9e2c-926f75c2bcc2,AIDS,2021,2026-2027,1.2,2026-07-19T06:43:29.540140Z,1,1,A,Friday,2,09:35,10:25,Problem Solving and Python Programming,GE3151,Dr. S. Srinivasan,C148,IT Block,3,Lecture,,,All,
6e81a46e-113f-4b24-8769-f187f7b96072,AIDS,2021,2026-2027,1.2,2026-07-19T06:43:29.540140Z,1,1,A,Friday,3,10:45,11:35,Professional English - I,HS3152,Dr. M. Krishnan,C276,IT Block,3,Lecture,,,All,
c684b82c-a814-49de-9bbb-13233556d02d,AIDS,2021,2026-2027,1.2,2026-07-19T06:43:29.540140Z,1,1,A,Friday,4,11:35,12:25,Problem Solving and Python Programming,GE3151,Dr. S. Srinivasan,C379,IT Block,3,Lecture,,,All,
b4a2def0-5df0-4744-88ea-28e06189dbe4,AIDS,2021,2026-2027,1.2,2026-07-19T06:43:29.540140Z,1,1,A,Friday,5,13:15,14:05,Engineering Physics,PH3151,Prof. V. Karthik,C270,IT Block,3,Lecture,,,All,
6cfc1434-1ea7-402e-ab91-7a816ec37f64,AIDS,2021,2026-2027,1.2,2026-07-19T06:43:29.540140Z,1,1,A,Friday,6,14:05,14:55,Heritage of Tamils,GE3152,Dr. S. Karthik,C208,IT Block,1,Lecture,,,All,
e0573bcd-8860-4c0d-81cf-12200992a7e3,AIDS,2021,2026-2027,1.2,2026-07-19T06:43:29.540140Z,1,1,A,Friday,7,14:55,15:45,Engineering Chemistry,CY3151,Dr. S. Karthik,C143,IT Block,3,Lecture,,,All,
ddaa080e-81f3-433e-9858-08e8883f6057,AIDS,2021,2026-2027,1.2,2026-07-19T06:43:29.540140Z,1,1,A,Saturday,1,08:45,09:35,Matrices and Calculus,MA3151,Dr. P. Karthik,C351,IT Block,4,Lecture,,,All,
9787b180-09c4-4498-9567-df376bda0397,AIDS,2021,2026-2027,1.2,2026-07-19T06:43:29.540140Z,1,1,A,Saturday,2,09:35,10:25,Problem Solving and Python Programming,GE3151,Dr. S. Srinivasan,C294,IT Block,3,Lecture,,,All,
19711694-bb74-4204-96a1-ad8dc0e33f8a,AIDS,2021,2026-2027,1.2,2026-07-19T06:43:29.540140Z,1,1,A,Saturday,3,10:45,11:35,Heritage of Tamils,GE3152,Dr. S. Karthik,C283,IT Block,1,Lecture,,,All,
b0808828-909d-472c-9863-d1d6a2e2ad9e,AIDS,2021,2026-2027,1.2,2026-07-19T06:43:29.540140Z,1,1,A,Saturday,4,11:35,12:25,Heritage of Tamils,GE3152,Dr. S. Karthik,C328,IT Block,1,Lecture,,,All,
ebb75696-4c21-445a-b4c5-df1252b078df,AIDS,2021,2026-2027,1.2,2026-07-19T06:43:29.540140Z,1,1,A,Saturday,5,13:15,14:05,English Laboratory,GE3172,Dr. M. Srinivasan,Lab-7,IT Block,1,Lab,Lab-7,,All,
82e76dec-a64c-4ef7-9b7d-64e9401b6820,AIDS,2021,2026-2027,1.2,2026-07-19T06:43:29.540140Z,1,1,A,Saturday,6,14:05,14:55,English Laboratory,GE3172,Dr. M. Srinivasan,Lab-7,IT Block,1,Lab,Lab-7,,All,
8732d5db-5831-4c07-859b-b976da74175d,AIDS,2021,2026-2027,1.2,2026-07-19T06:43:29.540140Z,1,1,A,Saturday,7,14:55,15:45,English Laboratory,GE3172,Dr. M. Srinivasan,Lab-7,IT Block,1,Lab,Lab-7,,All,
298a18ba-46a3-424b-abe3-aefff22a85d8,AIDS,2021,2026-2027,1.2,2026-07-19T06:43:29.540140Z,1,1,B,Monday,1,08:45,09:35,Heritage of Tamils,GE3152,Dr. P. Srinivasan,C147,IT Block,1,Lecture,,,All,
f4026089-c031-4209-889f-402e236b1836,AIDS,2021,2026-2027,1.2,2026-07-19T06:43:29.540140Z,1,1,B,Monday,2,09:35,10:25,Matrices and Calculus,MA3151,Prof. V. Rajan,C102,IT Block,4,Lecture,,,All,
002df68d-4313-4dcb-b65c-a21faea25bf3,AIDS,2021,2026-2027,1.2,2026-07-19T06:43:29.540140Z,1,1,B,Monday,3,10:45,11:35,Engineering Physics,PH3151,Dr. K. Krishnan,C310,IT Block,3,Lecture,,,All,
532e0843-4cc2-4e12-852e-add48229e22e,AIDS,2021,2026-2027,1.2,2026-07-19T06:43:29.540140Z,1,1,B,Monday,4,11:35,12:25,Professional English - I,HS3152,Dr. P. Natarajan,C248,IT Block,3,Lecture,,,All,
e5a54f10-030f-4804-82bb-7bcface1938c,AIDS,2021,2026-2027,1.2,2026-07-19T06:43:29.540140Z,1,1,B,Monday,5,13:15,14:05,Professional English - I,HS3152,Dr. P. Natarajan,C284,IT Block,3,Lecture,,,All,
e7686192-c3d7-4de0-913c-72f918c4072d,AIDS,2021,2026-2027,1.2,2026-07-19T06:43:29.540140Z,1,1,B,Monday,6,14:05,14:55,Heritage of Tamils,GE3152,Dr. P. Srinivasan,C179,IT Block,1,Lecture,,,All,
cfc6ec14-bf5e-4200-af3b-9f2e4558bf28,AIDS,2021,2026-2027,1.2,2026-07-19T06:43:29.540140Z,1,1,B,Monday,7,14:55,15:45,Engineering Chemistry,CY3151,Prof. V. Karthik,C265,IT Block,3,Lecture,,,All,
f9c800e2-2abb-4ca4-845e-62b997da32b4,AIDS,2021,2026-2027,1.2,2026-07-19T06:43:29.540140Z,1,1,B,Tuesday,1,08:45,09:35,Engineering Chemistry,CY3151,Prof. V. Karthik,C399,IT Block,3,Lecture,,,All,
2b8b21a7-d447-4d35-913d-882ca303d499,AIDS,2021,2026-2027,1.2,2026-07-19T06:43:29.540140Z,1,1,B,Tuesday,2,09:35,10:25,Heritage of Tamils,GE3152,Dr. P. Srinivasan,C203,IT Block,1,Lecture,,,All,
6d445116-9cb2-40c1-acdb-a05f8db0ff20,AIDS,2021,2026-2027,1.2,2026-07-19T06:43:29.540140Z,1,1,B,Tuesday,3,10:45,11:35,Engineering Physics,PH3151,Dr. K. Krishnan,C261,IT Block,3,Lecture,,,All,
805950d7-7955-4c2f-b264-b84b0051210b,AIDS,2021,2026-2027,1.2,2026-07-19T06:43:29.540140Z,1,1,B,Tuesday,4,11:35,12:25,Professional English - I,HS3152,Dr. P. Natarajan,C402,IT Block,3,Lecture,,,All,
5f881381-f17a-4638-911e-5a2aeb3d4902,AIDS,2021,2026-2027,1.2,2026-07-19T06:43:29.540140Z,1,1,B,Tuesday,5,13:15,14:05,Problem Solving and Python Programming Laboratory,GE3171,Dr. R. Natarajan,Lab-9,IT Block,2,Lab,Lab-9,,All,
4cf91427-af90-4ba5-95c2-c9dc376abcdd,AIDS,2021,2026-2027,1.2,2026-07-19T06:43:29.540140Z,1,1,B,Tuesday,6,14:05,14:55,Problem Solving and Python Programming Laboratory,GE3171,Dr. R. Natarajan,Lab-9,IT Block,2,Lab,Lab-9,,All,
cc59fac6-e4fa-4813-a2f2-ac2aefbfb505,AIDS,2021,2026-2027,1.2,2026-07-19T06:43:29.540140Z,1,1,B,Tuesday,7,14:55,15:45,Problem Solving and Python Programming Laboratory,GE3171,Dr. R. Natarajan,Lab-9,IT Block,2,Lab,Lab-9,,All,
c1ee6fff-f4c7-42d5-b55d-ce3da423e028,AIDS,2021,2026-2027,1.2,2026-07-19T06:43:29.540140Z,1,1,B,Wednesday,1,08:45,09:35,Engineering Chemistry,CY3151,Prof. V. Karthik,C188,IT Block,3,Lecture,,,All,
a1b1d88d-6a32-4a1d-962b-1e7a04cfb1a1,AIDS,2021,2026-2027,1.2,2026-07-19T06:43:29.540140Z,1,1,B,Wednesday,2,09:35,10:25,Engineering Chemistry,CY3151,Prof. V. Karthik,C252,IT Block,3,Lecture,,,All,
1e6e70fb-bfff-4469-bdde-5b189df3363a,AIDS,2021,2026-2027,1.2,2026-07-19T06:43:29.540140Z,1,1,B,Wednesday,3,10:45,11:35,Engineering Chemistry,CY3151,Prof. V. Karthik,C395,IT Block,3,Lecture,,,All,
09de9419-7c21-4e88-9e9d-26976d45ca3b,AIDS,2021,2026-2027,1.2,2026-07-19T06:43:29.540140Z,1,1,B,Wednesday,4,11:35,12:25,Heritage of Tamils,GE3152,Dr. P. Srinivasan,C405,IT Block,1,Lecture,,,All,
7e927857-5707-4fdd-b457-920448e8b98a,AIDS,2021,2026-2027,1.2,2026-07-19T06:43:29.540140Z,1,1,B,Wednesday,5,13:15,14:05,Heritage of Tamils,GE3152,Dr. P. Srinivasan,C361,IT Block,1,Lecture,,,All,
d6281a3c-1760-4f61-a376-f74dff8a5f4d,AIDS,2021,2026-2027,1.2,2026-07-19T06:43:29.540140Z,1,1,B,Wednesday,6,14:05,14:55,Engineering Physics,PH3151,Dr. K. Krishnan,C268,IT Block,3,Lecture,,,All,
08eadbd3-6a92-4c6e-8083-24f92356e2f6,AIDS,2021,2026-2027,1.2,2026-07-19T06:43:29.540140Z,1,1,B,Wednesday,7,14:55,15:45,Engineering Physics,PH3151,Dr. K. Krishnan,C116,IT Block,3,Lecture,,,All,
468c1d88-24f2-4713-b785-82ac3a163cf3,AIDS,2021,2026-2027,1.2,2026-07-19T06:43:29.540140Z,1,1,B,Thursday,1,08:45,09:35,Matrices and Calculus,MA3151,Prof. V. Rajan,C377,IT Block,4,Lecture,,,All,
280e944c-283a-46f7-8d34-7af46c036203,AIDS,2021,2026-2027,1.2,2026-07-19T06:43:29.540140Z,1,1,B,Thursday,2,09:35,10:25,Problem Solving and Python Programming,GE3151,Dr. M. Venkatesh,C218,IT Block,3,Lecture,,,All,
2c9d5bf9-cdb0-4d45-af56-963f6296070b,AIDS,2021,2026-2027,1.2,2026-07-19T06:43:29.540140Z,1,1,B,Thursday,3,10:45,11:35,Problem Solving and Python Programming,GE3151,Dr. M. Venkatesh,C285,IT Block,3,Lecture,,,All,
60a10945-c039-4311-a942-46ae0b93903d,AIDS,2021,2026-2027,1.2,2026-07-19T06:43:29.540140Z,1,1,B,Thursday,4,11:35,12:25,Professional English - I,HS3152,Dr. P. Natarajan,C120,IT Block,3,Lecture,,,All,
6d94f713-54f2-41bb-9e06-df5c6325d94e,AIDS,2021,2026-2027,1.2,2026-07-19T06:43:29.540140Z,1,1,B,Thursday,5,13:15,14:05,Physics and Chemistry Laboratory,BS3171,Prof. A. Kumar,Lab-1,IT Block,2,Lab,Lab-1,,All,
85aeb47c-eb97-41e0-92a1-3d919748aa99,AIDS,2021,2026-2027,1.2,2026-07-19T06:43:29.540140Z,1,1,B,Thursday,6,14:05,14:55,Physics and Chemistry Laboratory,BS3171,Prof. A. Kumar,Lab-1,IT Block,2,Lab,Lab-1,,All,
3c37c10d-5002-4d57-97e6-96f806a27483,AIDS,2021,2026-2027,1.2,2026-07-19T06:43:29.540140Z,1,1,B,Thursday,7,14:55,15:45,Physics and Chemistry Laboratory,BS3171,Prof. A. Kumar,Lab-1,IT Block,2,Lab,Lab-1,,All,
a3446907-0c99-4fbd-9a15-d6322f5fd0ad,AIDS,2021,2026-2027,1.2,2026-07-19T06:43:29.540140Z,1,1,B,Friday,1,08:45,09:35,Heritage of Tamils,GE3152,Dr. P. Srinivasan,C177,IT Block,1,Lecture,,,All,
a06e2e26-c1c6-46c9-b521-f6c59b8513e9,AIDS,2021,2026-2027,1.2,2026-07-19T06:43:29.540140Z,1,1,B,Friday,2,09:35,10:25,Engineering Chemistry,CY3151,Prof. V. Karthik,C154,IT Block,3,Lecture,,,All,
54e70fa2-da3a-47b7-9170-dfb45b5dd994,AIDS,2021,2026-2027,1.2,2026-07-19T06:43:29.540140Z,1,1,B,Friday,3,10:45,11:35,Problem Solving and Python Programming,GE3151,Dr. M. Venkatesh,C365,IT Block,3,Lecture,,,All,
8fb29d2b-f1da-4a5e-9ac1-3d8e90e652df,AIDS,2021,2026-2027,1.2,2026-07-19T06:43:29.540140Z,1,1,B,Friday,4,11:35,12:25,Matrices and Calculus,MA3151,Prof. V. Rajan,C242,IT Block,4,Lecture,,,All,
7fa9a4b5-0085-4fb1-8436-802155147d67,AIDS,2021,2026-2027,1.2,2026-07-19T06:43:29.540140Z,1,1,B,Friday,5,13:15,14:05,Engineering Chemistry,CY3151,Prof. V. Karthik,C384,IT Block,3,Lecture,,,All,
7142a278-5d81-4a68-9708-430d164d12fe,AIDS,2021,2026-2027,1.2,2026-07-19T06:43:29.540140Z,1,1,B,Friday,6,14:05,14:55,Heritage of Tamils,GE3152,Dr. P. Srinivasan,C336,IT Block,1,Lecture,,,All,
337026b4-aa35-4759-a7ce-006192681e67,AIDS,2021,2026-2027,1.2,2026-07-19T06:43:29.540140Z,1,1,B,Friday,7,14:55,15:45,Professional English - I,HS3152,Dr. P. Natarajan,C403,IT Block,3,Lecture,,,All,
159369bc-e355-4092-aee3-48612013f019,AIDS,2021,2026-2027,1.2,2026-07-19T06:43:29.540140Z,1,1,B,Saturday,1,08:45,09:35,Professional English - I,HS3152,Dr. P. Natarajan,C271,IT Block,3,Lecture,,,All,
1415e61b-f972-4e33-861c-f90d3bf1a46e,AIDS,2021,2026-2027,1.2,2026-07-19T06:43:29.540140Z,1,1,B,Saturday,2,09:35,10:25,Engineering Physics,PH3151,Dr. K. Krishnan,C204,IT Block,3,Lecture,,,All,
d2bd2dd2-5d9e-4e63-a7e9-1aeb76eaf0f5,AIDS,2021,2026-2027,1.2,2026-07-19T06:43:29.540140Z,1,1,B,Saturday,3,10:45,11:35,Heritage of Tamils,GE3152,Dr. P. Srinivasan,C230,IT Block,1,Lecture,,,All,
34164588-0e95-4cce-9e68-095863ddfbca,AIDS,2021,2026-2027,1.2,2026-07-19T06:43:29.540140Z,1,1,B,Saturday,4,11:35,12:25,Engineering Chemistry,CY3151,Prof. V. Karthik,C303,IT Block,3,Lecture,,,All,
5b424802-6b1e-4dfa-bb16-449070c9a3f7,AIDS,2021,2026-2027,1.2,2026-07-19T06:43:29.540140Z,1,1,B,Saturday,5,13:15,14:05,English Laboratory,GE3172,Dr. P. Ramesh,Lab-9,IT Block,1,Lab,Lab-9,,All,
61d1e211-2935-48d3-8626-78517f82b361,AIDS,2021,2026-2027,1.2,2026-07-19T06:43:29.540140Z,1,1,B,Saturday,6,14:05,14:55,English Laboratory,GE3172,Dr. P. Ramesh,Lab-9,IT Block,1,Lab,Lab-9,,All,
9f6fbf6d-cca5-4733-9652-780af027622a,AIDS,2021,2026-2027,1.2,2026-07-19T06:43:29.540140Z,1,1,B,Saturday,7,14:55,15:45,English Laboratory,GE3172,Dr. P. Ramesh,Lab-9,IT Block,1,Lab,Lab-9,,All,
37d8223f-045d-4a9f-b824-b6d559b6e8df,AIDS,2021,2026-2027,1.2,2026-07-19T06:43:29.540140Z,2,3,A,Monday,1,08:45,09:35,Design and Analysis of Algorithms,AD3351,Dr. S. Karthik,C379,IT Block,4,Lecture,,,All,
2c46323c-0884-4267-8a5e-a4ee828d38e4,AIDS,2021,2026-2027,1.2,2026-07-19T06:43:29.540140Z,2,3,A,Monday,2,09:35,10:25,Design and Analysis of Algorithms,AD3351,Dr. S. Karthik,C311,IT Block,4,Lecture,,,All,
35a528aa-2cf6-4d84-a0b5-34f8ad5750fd,AIDS,2021,2026-2027,1.2,2026-07-19T06:43:29.540140Z,2,3,A,Monday,3,10:45,11:35,Machine Learning,AD3301,Dr. P. Sundaram,C306,IT Block,4,Lecture,,,All,
dbf18786-daf1-43ad-a9c9-f8da3bdb5312,AIDS,2021,2026-2027,1.2,2026-07-19T06:43:29.540140Z,2,3,A,Monday,4,11:35,12:25,Operating Systems,AD3352,Dr. R. Venkatesh,C392,IT Block,3,Lecture,,,All,
812e7567-a139-447a-8dba-be09344057b5,AIDS,2021,2026-2027,1.2,2026-07-19T06:43:29.540140Z,2,3,A,Monday,5,13:15,14:05,Database Design and Management,AD3391,Prof. G. Karthik,C275,IT Block,3,Lecture,,,All,
4cc025a9-f7e1-453f-b8f5-b3de6fa9913c,AIDS,2021,2026-2027,1.2,2026-07-19T06:43:29.540140Z,2,3,A,Monday,6,14:05,14:55,Operating Systems,AD3352,Dr. R. Venkatesh,C214,IT Block,3,Lecture,,,All,
2a7eb064-a596-4e52-8755-226cee2bb8fb,AIDS,2021,2026-2027,1.2,2026-07-19T06:43:29.540140Z,2,3,A,Monday,7,14:55,15:45,Design and Analysis of Algorithms,AD3351,Dr. S. Karthik,C336,IT Block,4,Lecture,,,All,
95c8bba3-7796-442e-a54d-12a808f21a8b,AIDS,2021,2026-2027,1.2,2026-07-19T06:43:29.540140Z,2,3,A,Tuesday,1,08:45,09:35,Design and Analysis of Algorithms,AD3351,Dr. S. Karthik,C119,IT Block,4,Lecture,,,All,
e685ce5c-8e75-4845-bfcc-235986af1da5,AIDS,2021,2026-2027,1.2,2026-07-19T06:43:29.540140Z,2,3,A,Tuesday,2,09:35,10:25,Operating Systems,AD3352,Dr. R. Venkatesh,C365,IT Block,3,Lecture,,,All,
e1fa2189-0239-4328-a00e-2f39514b49f7,AIDS,2021,2026-2027,1.2,2026-07-19T06:43:29.540140Z,2,3,A,Tuesday,3,10:45,11:35,Machine Learning,AD3301,Dr. P. Sundaram,C286,IT Block,4,Lecture,,,All,
8b4e06f3-0610-4614-b128-096189dd9fa8,AIDS,2021,2026-2027,1.2,2026-07-19T06:43:29.540140Z,2,3,A,Tuesday,4,11:35,12:25,Design and Analysis of Algorithms,AD3351,Dr. S. Karthik,C286,IT Block,4,Lecture,,,All,
d43e5ee1-6323-47b5-8a0d-94f5885f0060,AIDS,2021,2026-2027,1.2,2026-07-19T06:43:29.540140Z,2,3,A,Tuesday,5,13:15,14:05,Machine Learning Laboratory,AD3311,Dr. P. Krishnan,Lab-1,IT Block,2,Lab,Lab-1,,All,
80191384-ebfb-4f8e-a9bf-06d4e6a8fc0d,AIDS,2021,2026-2027,1.2,2026-07-19T06:43:29.540140Z,2,3,A,Tuesday,6,14:05,14:55,Machine Learning Laboratory,AD3311,Dr. P. Krishnan,Lab-1,IT Block,2,Lab,Lab-1,,All,
fbb6bb84-65d6-4ec3-8d7e-b695e875f501,AIDS,2021,2026-2027,1.2,2026-07-19T06:43:29.540140Z,2,3,A,Tuesday,7,14:55,15:45,Machine Learning Laboratory,AD3311,Dr. P. Krishnan,Lab-1,IT Block,2,Lab,Lab-1,,All,
e5fefe1c-b17e-43c5-94b5-8472f1657748,AIDS,2021,2026-2027,1.2,2026-07-19T06:43:29.540140Z,2,3,A,Wednesday,1,08:45,09:35,Design and Analysis of Algorithms,AD3351,Dr. S. Karthik,C315,IT Block,4,Lecture,,,All,
09b4cc54-5a5e-48ad-9469-076b9817bf06,AIDS,2021,2026-2027,1.2,2026-07-19T06:43:29.540140Z,2,3,A,Wednesday,2,09:35,10:25,Design and Analysis of Algorithms,AD3351,Dr. S. Karthik,C184,IT Block,4,Lecture,,,All,
947ca056-a153-4b8d-b29c-c31090190903,AIDS,2021,2026-2027,1.2,2026-07-19T06:43:29.540140Z,2,3,A,Wednesday,3,10:45,11:35,Design and Analysis of Algorithms,AD3351,Dr. S. Karthik,C236,IT Block,4,Lecture,,,All,
d0f45d8b-3268-4003-b0cb-7cbd65e128c5,AIDS,2021,2026-2027,1.2,2026-07-19T06:43:29.540140Z,2,3,A,Wednesday,4,11:35,12:25,Machine Learning,AD3301,Dr. P. Sundaram,C148,IT Block,4,Lecture,,,All,
080f2bad-010d-4de7-b975-ad02dc10c82c,AIDS,2021,2026-2027,1.2,2026-07-19T06:43:29.540140Z,2,3,A,Wednesday,5,13:15,14:05,Operating Systems,AD3352,Dr. R. Venkatesh,C154,IT Block,3,Lecture,,,All,
ffb3fe55-fc87-4de0-9422-8527d2162556,AIDS,2021,2026-2027,1.2,2026-07-19T06:43:29.540140Z,2,3,A,Wednesday,6,14:05,14:55,Machine Learning,AD3301,Dr. P. Sundaram,C327,IT Block,4,Lecture,,,All,
7a6fa288-1015-461e-ae58-d5a99c1b6118,AIDS,2021,2026-2027,1.2,2026-07-19T06:43:29.540140Z,2,3,A,Wednesday,7,14:55,15:45,Operating Systems,AD3352,Dr. R. Venkatesh,C285,IT Block,3,Lecture,,,All,
aa3879ee-2a90-4cf1-8bd9-d3f90c203444,AIDS,2021,2026-2027,1.2,2026-07-19T06:43:29.540140Z,2,3,A,Thursday,1,08:45,09:35,Design and Analysis of Algorithms,AD3351,Dr. S. Karthik,C312,IT Block,4,Lecture,,,All,
1b2d3acd-03e4-468d-a7de-fcb2460f0b65,AIDS,2021,2026-2027,1.2,2026-07-19T06:43:29.540140Z,2,3,A,Thursday,2,09:35,10:25,Design and Analysis of Algorithms,AD3351,Dr. S. Karthik,C273,IT Block,4,Lecture,,,All,
22d032c8-c2aa-4c51-8664-de066b7b59e5,AIDS,2021,2026-2027,1.2,2026-07-19T06:43:29.540140Z,2,3,A,Thursday,3,10:45,11:35,Operating Systems,AD3352,Dr. R. Venkatesh,C247,IT Block,3,Lecture,,,All,
ac84e202-62f3-42b5-9e48-02b134f64273,AIDS,2021,2026-2027,1.2,2026-07-19T06:43:29.540140Z,2,3,A,Thursday,4,11:35,12:25,Machine Learning,AD3301,Dr. P. Sundaram,C373,IT Block,4,Lecture,,,All,
3a2d53a0-984b-4cbf-8e51-8b4ca0d5a92d,AIDS,2021,2026-2027,1.2,2026-07-19T06:43:29.540140Z,2,3,A,Thursday,5,13:15,14:05,Machine Learning Laboratory,AD3311,Dr. P. Krishnan,Lab-2,IT Block,2,Lab,Lab-2,,All,
01472eb4-37b2-4df8-97f0-235f888c38e7,AIDS,2021,2026-2027,1.2,2026-07-19T06:43:29.540140Z,2,3,A,Thursday,6,14:05,14:55,Machine Learning Laboratory,AD3311,Dr. P. Krishnan,Lab-2,IT Block,2,Lab,Lab-2,,All,
3bd31d48-af56-4029-a624-b44e24b88cf4,AIDS,2021,2026-2027,1.2,2026-07-19T06:43:29.540140Z,2,3,A,Thursday,7,14:55,15:45,Machine Learning Laboratory,AD3311,Dr. P. Krishnan,Lab-2,IT Block,2,Lab,Lab-2,,All,
f48cd55d-8a2f-4b74-9182-2643ef81d93d,AIDS,2021,2026-2027,1.2,2026-07-19T06:43:29.540140Z,2,3,A,Friday,1,08:45,09:35,Database Design and Management,AD3391,Prof. G. Karthik,C178,IT Block,3,Lecture,,,All,
059681ef-7f09-4b32-9ba6-2caae006aec8,AIDS,2021,2026-2027,1.2,2026-07-19T06:43:29.540140Z,2,3,A,Friday,2,09:35,10:25,Operating Systems,AD3352,Dr. R. Venkatesh,C293,IT Block,3,Lecture,,,All,
9636122b-474b-4854-b571-e861995f430e,AIDS,2021,2026-2027,1.2,2026-07-19T06:43:29.540140Z,2,3,A,Friday,3,10:45,11:35,Database Design and Management,AD3391,Prof. G. Karthik,C326,IT Block,3,Lecture,,,All,
9f8e334f-b202-4928-a675-b61c1c05d151,AIDS,2021,2026-2027,1.2,2026-07-19T06:43:29.540140Z,2,3,A,Friday,4,11:35,12:25,Machine Learning,AD3301,Dr. P. Sundaram,C326,IT Block,4,Lecture,,,All,
253f7b18-9487-403d-9df3-17c777746f72,AIDS,2021,2026-2027,1.2,2026-07-19T06:43:29.540140Z,2,3,A,Friday,5,13:15,14:05,Design and Analysis of Algorithms,AD3351,Dr. S. Karthik,C373,IT Block,4,Lecture,,,All,
8f6639fd-04a0-4b31-ba69-15766eb3f2ae,AIDS,2021,2026-2027,1.2,2026-07-19T06:43:29.540140Z,2,3,A,Friday,6,14:05,14:55,Database Design and Management,AD3391,Prof. G. Karthik,C404,IT Block,3,Lecture,,,All,
b1499475-46f2-4493-9d7f-e608df7a687b,AIDS,2021,2026-2027,1.2,2026-07-19T06:43:29.540140Z,2,3,A,Friday,7,14:55,15:45,Database Design and Management,AD3391,Prof. G. Karthik,C242,IT Block,3,Lecture,,,All,
0d76402f-de87-46ba-ac39-a8e0bcce6d33,AIDS,2021,2026-2027,1.2,2026-07-19T06:43:29.540140Z,2,3,A,Saturday,1,08:45,09:35,Database Design and Management,AD3391,Prof. G. Karthik,C214,IT Block,3,Lecture,,,All,
11eff40a-d6a6-48f4-a09e-0f405b5d35b5,AIDS,2021,2026-2027,1.2,2026-07-19T06:43:29.540140Z,2,3,A,Saturday,2,09:35,10:25,Operating Systems,AD3352,Dr. R. Venkatesh,C301,IT Block,3,Lecture,,,All,
54736e07-9578-4829-baa2-ebd6d81b6445,AIDS,2021,2026-2027,1.2,2026-07-19T06:43:29.540140Z,2,3,A,Saturday,3,10:45,11:35,Design and Analysis of Algorithms,AD3351,Dr. S. Karthik,C368,IT Block,4,Lecture,,,All,
93c77423-27f1-45a9-a7ce-085ebe3f0c4e,AIDS,2021,2026-2027,1.2,2026-07-19T06:43:29.540140Z,2,3,A,Saturday,4,11:35,12:25,Machine Learning,AD3301,Dr. P. Sundaram,C265,IT Block,4,Lecture,,,All,
bac7810f-4a13-4b6b-9467-2155821ecdc6,AIDS,2021,2026-2027,1.2,2026-07-19T06:43:29.540140Z,2,3,A,Saturday,5,13:15,14:05,Machine Learning Laboratory,AD3311,Dr. P. Krishnan,Lab-10,IT Block,2,Lab,Lab-10,,All,
6158686b-cd83-4b37-8057-c8950b60e6dd,AIDS,2021,2026-2027,1.2,2026-07-19T06:43:29.540140Z,2,3,A,Saturday,6,14:05,14:55,Machine Learning Laboratory,AD3311,Dr. P. Krishnan,Lab-10,IT Block,2,Lab,Lab-10,,All,
3425a80b-85c5-46ce-93c7-21fbf1342bcf,AIDS,2021,2026-2027,1.2,2026-07-19T06:43:29.540140Z,2,3,A,Saturday,7,14:55,15:45,Machine Learning Laboratory,AD3311,Dr. P. Krishnan,Lab-10,IT Block,2,Lab,Lab-10,,All,
bf07b46e-9df8-40d8-a118-df2eba3ca5cc,AIDS,2021,2026-2027,1.2,2026-07-19T06:43:29.540140Z,2,3,B,Monday,1,08:45,09:35,Design and Analysis of Algorithms,AD3351,Dr. S. Rajan,C265,IT Block,4,Lecture,,,All,
ec42a35a-2ac1-422d-991b-4bd81ead99ed,AIDS,2021,2026-2027,1.2,2026-07-19T06:43:29.540140Z,2,3,B,Monday,2,09:35,10:25,Machine Learning,AD3301,Dr. S. Venkatesh,C148,IT Block,4,Lecture,,,All,
56eb13d0-4ba0-4bec-b048-ae7eebcd8329,AIDS,2021,2026-2027,1.2,2026-07-19T06:43:29.540140Z,2,3,B,Monday,3,10:45,11:35,Design and Analysis of Algorithms,AD3351,Dr. S. Rajan,C277,IT Block,4,Lecture,,,All,
70aa95c0-15de-4a73-86fe-7129470cfcfa,AIDS,2021,2026-2027,1.2,2026-07-19T06:43:29.540140Z,2,3,B,Monday,4,11:35,12:25,Machine Learning,AD3301,Dr. S. Venkatesh,C394,IT Block,4,Lecture,,,All,
bbaa85df-5df2-482b-8e36-2a3c2904dcbf,AIDS,2021,2026-2027,1.2,2026-07-19T06:43:29.540140Z,2,3,B,Monday,5,13:15,14:05,Database Design and Management,AD3391,Dr. S. Kumar,C207,IT Block,3,Lecture,,,All,
94237ef9-b517-49dc-9cf7-83a279bcd5d5,AIDS,2021,2026-2027,1.2,2026-07-19T06:43:29.540140Z,2,3,B,Monday,6,14:05,14:55,Operating Systems,AD3352,Dr. K. Natarajan,C133,IT Block,3,Lecture,,,All,
a7c28e52-5056-4aed-89bd-05042bd4bff2,AIDS,2021,2026-2027,1.2,2026-07-19T06:43:29.540140Z,2,3,B,Monday,7,14:55,15:45,Machine Learning,AD3301,Dr. S. Venkatesh,C199,IT Block,4,Lecture,,,All,
3ba2fed4-bf15-4f03-bfef-f7f1d94aa838,AIDS,2021,2026-2027,1.2,2026-07-19T06:43:29.540140Z,2,3,B,Tuesday,1,08:45,09:35,Database Design and Management,AD3391,Dr. S. Kumar,C344,IT Block,3,Lecture,,,All,
0b8efa63-2bd5-4c34-b873-8fba33f84a5b,AIDS,2021,2026-2027,1.2,2026-07-19T06:43:29.540140Z,2,3,B,Tuesday,2,09:35,10:25,Design and Analysis of Algorithms,AD3351,Dr. S. Rajan,C368,IT Block,4,Lecture,,,All,
cfba7e36-b4a8-42ed-b532-1c2a3eb9d303,AIDS,2021,2026-2027,1.2,2026-07-19T06:43:29.540140Z,2,3,B,Tuesday,3,10:45,11:35,Design and Analysis of Algorithms,AD3351,Dr. S. Rajan,C350,IT Block,4,Lecture,,,All,
2c5e3f74-d7a3-4851-aeaa-c0c6b858da50,AIDS,2021,2026-2027,1.2,2026-07-19T06:43:29.540140Z,2,3,B,Tuesday,4,11:35,12:25,Design and Analysis of Algorithms,AD3351,Dr. S. Rajan,C276,IT Block,4,Lecture,,,All,
9b04d652-7483-4270-8a50-d0407251edea,AIDS,2021,2026-2027,1.2,2026-07-19T06:43:29.540140Z,2,3,B,Tuesday,5,13:15,14:05,Machine Learning Laboratory,AD3311,Dr. S. Srinivasan,Lab-4,IT Block,2,Lab,Lab-4,,All,
46df285b-7852-4004-a871-3dedf104e080,AIDS,2021,2026-2027,1.2,2026-07-19T06:43:29.540140Z,2,3,B,Tuesday,6,14:05,14:55,Machine Learning Laboratory,AD3311,Dr. S. Srinivasan,Lab-4,IT Block,2,Lab,Lab-4,,All,
a5e27e66-dad2-484b-a3d1-1c703049446e,AIDS,2021,2026-2027,1.2,2026-07-19T06:43:29.540140Z,2,3,B,Tuesday,7,14:55,15:45,Machine Learning Laboratory,AD3311,Dr. S. Srinivasan,Lab-4,IT Block,2,Lab,Lab-4,,All,
4f92ba90-2458-46e5-b92c-c821e2540602,AIDS,2021,2026-2027,1.2,2026-07-19T06:43:29.540140Z,2,3,B,Wednesday,1,08:45,09:35,Operating Systems,AD3352,Dr. K. Natarajan,C265,IT Block,3,Lecture,,,All,
64afdd41-29fe-48ac-8908-c01604ec7684,AIDS,2021,2026-2027,1.2,2026-07-19T06:43:29.540140Z,2,3,B,Wednesday,2,09:35,10:25,Design and Analysis of Algorithms,AD3351,Dr. S. Rajan,C117,IT Block,4,Lecture,,,All,
c3fa3a4e-86f5-4dc9-a237-483bc8f2b541,AIDS,2021,2026-2027,1.2,2026-07-19T06:43:29.540140Z,2,3,B,Wednesday,3,10:45,11:35,Design and Analysis of Algorithms,AD3351,Dr. S. Rajan,C368,IT Block,4,Lecture,,,All,
e99ea531-2859-4fce-b791-d9d50e84531e,AIDS,2021,2026-2027,1.2,2026-07-19T06:43:29.540140Z,2,3,B,Wednesday,4,11:35,12:25,Operating Systems,AD3352,Dr. K. Natarajan,C193,IT Block,3,Lecture,,,All,
c3837658-89a1-4266-b116-194b4f3487c4,AIDS,2021,2026-2027,1.2,2026-07-19T06:43:29.540140Z,2,3,B,Wednesday,5,13:15,14:05,Operating Systems,AD3352,Dr. K. Natarajan,C159,IT Block,3,Lecture,,,All,
7115088b-0c36-4819-9745-2da20a78f0e9,AIDS,2021,2026-2027,1.2,2026-07-19T06:43:29.540140Z,2,3,B,Wednesday,6,14:05,14:55,Machine Learning,AD3301,Dr. S. Venkatesh,C332,IT Block,4,Lecture,,,All,
682ed898-fd6f-4586-a7b5-4d8f56808479,AIDS,2021,2026-2027,1.2,2026-07-19T06:43:29.540140Z,2,3,B,Wednesday,7,14:55,15:45,Design and Analysis of Algorithms,AD3351,Dr. S. Rajan,C273,IT Block,4,Lecture,,,All,
f0bbd07d-d1f3-4991-a004-aa94338c32a5,AIDS,2021,2026-2027,1.2,2026-07-19T06:43:29.540140Z,2,3,B,Thursday,1,08:45,09:35,Design and Analysis of Algorithms,AD3351,Dr. S. Rajan,C121,IT Block,4,Lecture,,,All,
16a4a2ba-be31-4ddb-96c2-eaacf798f624,AIDS,2021,2026-2027,1.2,2026-07-19T06:43:29.540140Z,2,3,B,Thursday,2,09:35,10:25,Operating Systems,AD3352,Dr. K. Natarajan,C181,IT Block,3,Lecture,,,All,
7b857abf-9ab6-434c-b4ed-d83d0eee3f22,AIDS,2021,2026-2027,1.2,2026-07-19T06:43:29.540140Z,2,3,B,Thursday,3,10:45,11:35,Machine Learning,AD3301,Dr. S. Venkatesh,C108,IT Block,4,Lecture,,,All,
00a8c184-0adc-42a1-89e8-9f18608a7ca8,AIDS,2021,2026-2027,1.2,2026-07-19T06:43:29.540140Z,2,3,B,Thursday,4,11:35,12:25,Operating Systems,AD3352,Dr. K. Natarajan,C153,IT Block,3,Lecture,,,All,
690e319a-868c-47cb-b1c8-8d45d2728987,AIDS,2021,2026-2027,1.2,2026-07-19T06:43:29.540140Z,2,3,B,Thursday,5,13:15,14:05,Machine Learning Laboratory,AD3311,Dr. S. Srinivasan,Lab-5,IT Block,2,Lab,Lab-5,,All,
020ae132-b407-4a6d-8572-218a57716688,AIDS,2021,2026-2027,1.2,2026-07-19T06:43:29.540140Z,2,3,B,Thursday,6,14:05,14:55,Machine Learning Laboratory,AD3311,Dr. S. Srinivasan,Lab-5,IT Block,2,Lab,Lab-5,,All,
031e472f-a135-4105-b559-47001ef989ce,AIDS,2021,2026-2027,1.2,2026-07-19T06:43:29.540140Z,2,3,B,Thursday,7,14:55,15:45,Machine Learning Laboratory,AD3311,Dr. S. Srinivasan,Lab-5,IT Block,2,Lab,Lab-5,,All,
a4b505e4-33ed-4836-8339-cdb2dcbe2aaf,AIDS,2021,2026-2027,1.2,2026-07-19T06:43:29.540140Z,2,3,B,Friday,1,08:45,09:35,Design and Analysis of Algorithms,AD3351,Dr. S. Rajan,C193,IT Block,4,Lecture,,,All,
c11c37d9-9f47-4a14-8836-6f42cde17365,AIDS,2021,2026-2027,1.2,2026-07-19T06:43:29.540140Z,2,3,B,Friday,2,09:35,10:25,Database Design and Management,AD3391,Dr. S. Kumar,C346,IT Block,3,Lecture,,,All,
633f6fcd-b3eb-420b-bb3e-da0bbfd80115,AIDS,2021,2026-2027,1.2,2026-07-19T06:43:29.540140Z,2,3,B,Friday,3,10:45,11:35,Design and Analysis of Algorithms,AD3351,Dr. S. Rajan,C222,IT Block,4,Lecture,,,All,
3f6cf004-3ef1-4a5d-ba69-6b740261d78f,AIDS,2021,2026-2027,1.2,2026-07-19T06:43:29.540140Z,2,3,B,Friday,4,11:35,12:25,Database Design and Management,AD3391,Dr. S. Kumar,C376,IT Block,3,Lecture,,,All,
7b5237de-ba1f-4ff5-bc22-ecc2a29e33ac,AIDS,2021,2026-2027,1.2,2026-07-19T06:43:29.540140Z,2,3,B,Friday,5,13:15,14:05,Design and Analysis of Algorithms,AD3351,Dr. S. Rajan,C352,IT Block,4,Lecture,,,All,
3f3f1b7a-7705-4869-8213-aee3a6e7250f,AIDS,2021,2026-2027,1.2,2026-07-19T06:43:29.540140Z,2,3,B,Friday,6,14:05,14:55,Machine Learning,AD3301,Dr. S. Venkatesh,C177,IT Block,4,Lecture,,,All,
55abf743-14ee-4692-a2ee-6412bc750b3b,AIDS,2021,2026-2027,1.2,2026-07-19T06:43:29.540140Z,2,3,B,Friday,7,14:55,15:45,Design and Analysis of Algorithms,AD3351,Dr. S. Rajan,C192,IT Block,4,Lecture,,,All,
afbd81d8-1120-45ec-93f2-cccd3c92375a,AIDS,2021,2026-2027,1.2,2026-07-19T06:43:29.540140Z,2,3,B,Saturday,1,08:45,09:35,Operating Systems,AD3352,Dr. K. Natarajan,C274,IT Block,3,Lecture,,,All,
df278d94-1cb4-4dc8-a735-89ac52079b65,AIDS,2021,2026-2027,1.2,2026-07-19T06:43:29.540140Z,2,3,B,Saturday,2,09:35,10:25,Database Design and Management,AD3391,Dr. S. Kumar,C109,IT Block,3,Lecture,,,All,
5c7a4c85-68db-4e47-8d58-113dffdabc64,AIDS,2021,2026-2027,1.2,2026-07-19T06:43:29.540140Z,2,3,B,Saturday,3,10:45,11:35,Design and Analysis of Algorithms,AD3351,Dr. S. Rajan,C160,IT Block,4,Lecture,,,All,
6ed1f6d2-17aa-4d62-bf91-97310113a8ad,AIDS,2021,2026-2027,1.2,2026-07-19T06:43:29.540140Z,2,3,B,Saturday,4,11:35,12:25,Design and Analysis of Algorithms,AD3351,Dr. S. Rajan,C253,IT Block,4,Lecture,,,All,
b650cb22-f4ab-4043-a07d-f122bf01cae0,AIDS,2021,2026-2027,1.2,2026-07-19T06:43:29.540140Z,2,3,B,Saturday,5,13:15,14:05,Machine Learning Laboratory,AD3311,Dr. S. Srinivasan,Lab-5,IT Block,2,Lab,Lab-5,,All,
01fd75f9-d558-4742-bd4a-34c7190f5589,AIDS,2021,2026-2027,1.2,2026-07-19T06:43:29.540140Z,2,3,B,Saturday,6,14:05,14:55,Machine Learning Laboratory,AD3311,Dr. S. Srinivasan,Lab-5,IT Block,2,Lab,Lab-5,,All,
339fab90-29dd-44b2-8a07-72258be4d3bd,AIDS,2021,2026-2027,1.2,2026-07-19T06:43:29.540140Z,2,3,B,Saturday,7,14:55,15:45,Machine Learning Laboratory,AD3311,Dr. S. Srinivasan,Lab-5,IT Block,2,Lab,Lab-5,,All,
89f853e3-ec6a-40ab-802d-219731f81f60,AIDS,2021,2026-2027,1.2,2026-07-19T06:43:29.540140Z,3,5,A,Monday,1,08:45,09:35,Cloud Computing,AD3512,Dr. M. Karthik,C176,IT Block,3,Lecture,,,All,
7255ed45-0aae-46bb-82f7-ec39b2049c94,AIDS,2021,2026-2027,1.2,2026-07-19T06:43:29.540140Z,3,5,A,Monday,2,09:35,10:25,Data Visualization,AD3511,Prof. V. Kumar,C104,IT Block,3,Lecture,,,All,
1c691ebc-eb03-4339-847e-580f8ce05895,AIDS,2021,2026-2027,1.2,2026-07-19T06:43:29.540140Z,3,5,A,Monday,3,10:45,11:35,Natural Language Processing,AD3502,Prof. G. Sundaram,C261,IT Block,3,Lecture,,,All,
774522ea-66c0-4437-89b3-5e0f6b4fd6df,AIDS,2021,2026-2027,1.2,2026-07-19T06:43:29.540140Z,3,5,A,Monday,4,11:35,12:25,Cloud Computing,AD3512,Dr. M. Karthik,C356,IT Block,3,Lecture,,,All,
f26ed732-7e12-40e0-83c0-06a15dd355b0,AIDS,2021,2026-2027,1.2,2026-07-19T06:43:29.540140Z,3,5,A,Monday,5,13:15,14:05,Natural Language Processing,AD3502,Prof. G. Sundaram,C140,IT Block,3,Lecture,,,All,
270f2f5e-123b-424a-977b-7d4260164fca,AIDS,2021,2026-2027,1.2,2026-07-19T06:43:29.540140Z,3,5,A,Monday,6,14:05,14:55,Deep Learning,AD3501,Prof. V. Ramesh,C232,IT Block,4,Lecture,,,All,
78de6306-040c-4148-891a-b3b6fba92461,AIDS,2021,2026-2027,1.2,2026-07-19T06:43:29.540140Z,3,5,A,Monday,7,14:55,15:45,Data Visualization,AD3511,Prof. V. Kumar,C202,IT Block,3,Lecture,,,All,
019cd10b-981d-462f-a1e0-4c84d5958d3e,AIDS,2021,2026-2027,1.2,2026-07-19T06:43:29.540140Z,3,5,A,Tuesday,1,08:45,09:35,Natural Language Processing,AD3502,Prof. G. Sundaram,C138,IT Block,3,Lecture,,,All,
12c3ffd8-4e25-4771-b3cb-8ed45f707bf0,AIDS,2021,2026-2027,1.2,2026-07-19T06:43:29.540140Z,3,5,A,Tuesday,2,09:35,10:25,Natural Language Processing,AD3502,Prof. G. Sundaram,C337,IT Block,3,Lecture,,,All,
5ede06b7-52d4-47d9-880e-5134bf4fcd74,AIDS,2021,2026-2027,1.2,2026-07-19T06:43:29.540140Z,3,5,A,Tuesday,3,10:45,11:35,Data Visualization,AD3511,Prof. V. Kumar,C401,IT Block,3,Lecture,,,All,
925fe121-ccae-4dd8-8ea5-0785504b1074,AIDS,2021,2026-2027,1.2,2026-07-19T06:43:29.540140Z,3,5,A,Tuesday,4,11:35,12:25,Data Visualization,AD3511,Prof. V. Kumar,C351,IT Block,3,Lecture,,,All,
e966a741-7b0d-4aa5-a1f5-3c5c32f1b403,AIDS,2021,2026-2027,1.2,2026-07-19T06:43:29.540140Z,3,5,A,Tuesday,5,13:15,14:05,Deep Learning Laboratory,AD3511L,Prof. G. Natarajan,Lab-1,IT Block,2,Lab,Lab-1,,All,
1c956e3f-e055-4503-b66a-bc673c4f7005,AIDS,2021,2026-2027,1.2,2026-07-19T06:43:29.540140Z,3,5,A,Tuesday,6,14:05,14:55,Deep Learning Laboratory,AD3511L,Prof. G. Natarajan,Lab-1,IT Block,2,Lab,Lab-1,,All,
037e5d5b-f63a-4d23-b731-ba98a7bb183a,AIDS,2021,2026-2027,1.2,2026-07-19T06:43:29.540140Z,3,5,A,Tuesday,7,14:55,15:45,Deep Learning Laboratory,AD3511L,Prof. G. Natarajan,Lab-1,IT Block,2,Lab,Lab-1,,All,
965b2bf0-88d5-47a3-9830-75b8efd59b7e,AIDS,2021,2026-2027,1.2,2026-07-19T06:43:29.540140Z,3,5,A,Wednesday,1,08:45,09:35,Deep Learning,AD3501,Prof. V. Ramesh,C219,IT Block,4,Lecture,,,All,
7082bf74-6342-439b-a794-e2a95419e945,AIDS,2021,2026-2027,1.2,2026-07-19T06:43:29.540140Z,3,5,A,Wednesday,2,09:35,10:25,Data Visualization,AD3511,Prof. V. Kumar,C207,IT Block,3,Lecture,,,All,
005857fd-cf77-46b5-a3eb-62c9be5bdc7e,AIDS,2021,2026-2027,1.2,2026-07-19T06:43:29.540140Z,3,5,A,Wednesday,3,10:45,11:35,Cloud Computing,AD3512,Dr. M. Karthik,C121,IT Block,3,Lecture,,,All,
be9dc5d0-bfee-46b4-8104-e795e0410bbf,AIDS,2021,2026-2027,1.2,2026-07-19T06:43:29.540140Z,3,5,A,Wednesday,4,11:35,12:25,Deep Learning,AD3501,Prof. V. Ramesh,C161,IT Block,4,Lecture,,,All,
23825345-5c6a-475f-a6a0-faeee7652698,AIDS,2021,2026-2027,1.2,2026-07-19T06:43:29.540140Z,3,5,A,Wednesday,5,13:15,14:05,Cloud Computing,AD3512,Dr. M. Karthik,C117,IT Block,3,Lecture,,,All,
4bfda6a0-8a43-4404-93e0-e04ac691f18f,AIDS,2021,2026-2027,1.2,2026-07-19T06:43:29.540140Z,3,5,A,Wednesday,6,14:05,14:55,Data Visualization,AD3511,Prof. V. Kumar,C348,IT Block,3,Lecture,,,All,
eecb9f37-0aa4-4ab8-aba7-135aa67d6ecd,AIDS,2021,2026-2027,1.2,2026-07-19T06:43:29.540140Z,3,5,A,Wednesday,7,14:55,15:45,Data Visualization,AD3511,Prof. V. Kumar,C373,IT Block,3,Lecture,,,All,
ddf8e76c-2b4a-4106-87e5-d2b7fc23d02a,AIDS,2021,2026-2027,1.2,2026-07-19T06:43:29.540140Z,3,5,A,Thursday,1,08:45,09:35,Data Visualization,AD3511,Prof. V. Kumar,C116,IT Block,3,Lecture,,,All,
eda8c9a0-0d44-4683-8e8c-2518819556ad,AIDS,2021,2026-2027,1.2,2026-07-19T06:43:29.540140Z,3,5,A,Thursday,2,09:35,10:25,Deep Learning,AD3501,Prof. V. Ramesh,C190,IT Block,4,Lecture,,,All,
ce0ead55-20fd-45f8-9052-6368d5b20202,AIDS,2021,2026-2027,1.2,2026-07-19T06:43:29.540140Z,3,5,A,Thursday,3,10:45,11:35,Data Visualization,AD3511,Prof. V. Kumar,C215,IT Block,3,Lecture,,,All,
0a1d29aa-42b0-428f-8218-2d72dafed432,AIDS,2021,2026-2027,1.2,2026-07-19T06:43:29.540140Z,3,5,A,Thursday,4,11:35,12:25,Data Visualization,AD3511,Prof. V. Kumar,C374,IT Block,3,Lecture,,,All,
7462d3de-0c5d-4a24-95ff-360040629a15,AIDS,2021,2026-2027,1.2,2026-07-19T06:43:29.540140Z,3,5,A,Thursday,5,13:15,14:05,Deep Learning Laboratory,AD3511L,Prof. G. Natarajan,Lab-10,IT Block,2,Lab,Lab-10,,All,
fe3c23ab-0b9e-4553-9780-0c9e36ce0e4b,AIDS,2021,2026-2027,1.2,2026-07-19T06:43:29.540140Z,3,5,A,Thursday,6,14:05,14:55,Deep Learning Laboratory,AD3511L,Prof. G. Natarajan,Lab-10,IT Block,2,Lab,Lab-10,,All,
0b49c22e-9178-41e1-9395-015030a111e9,AIDS,2021,2026-2027,1.2,2026-07-19T06:43:29.540140Z,3,5,A,Thursday,7,14:55,15:45,Deep Learning Laboratory,AD3511L,Prof. G. Natarajan,Lab-10,IT Block,2,Lab,Lab-10,,All,
a51a4860-35e9-4529-ab10-6760d8ba0158,AIDS,2021,2026-2027,1.2,2026-07-19T06:43:29.540140Z,3,5,A,Friday,1,08:45,09:35,Deep Learning,AD3501,Prof. V. Ramesh,C165,IT Block,4,Lecture,,,All,
ad235ac8-0505-4a68-84a8-16a74fecd603,AIDS,2021,2026-2027,1.2,2026-07-19T06:43:29.540140Z,3,5,A,Friday,2,09:35,10:25,Cloud Computing,AD3512,Dr. M. Karthik,C266,IT Block,3,Lecture,,,All,
2755a091-f88a-4a7c-b7fc-81026fc8671e,AIDS,2021,2026-2027,1.2,2026-07-19T06:43:29.540140Z,3,5,A,Friday,3,10:45,11:35,Natural Language Processing,AD3502,Prof. G. Sundaram,C176,IT Block,3,Lecture,,,All,
2e8a3a15-7c8e-4686-b2c3-727e77243794,AIDS,2021,2026-2027,1.2,2026-07-19T06:43:29.540140Z,3,5,A,Friday,4,11:35,12:25,Deep Learning,AD3501,Prof. V. Ramesh,C244,IT Block,4,Lecture,,,All,
25391123-e8d0-4afb-805a-0a0318c9e8aa,AIDS,2021,2026-2027,1.2,2026-07-19T06:43:29.540140Z,3,5,A,Friday,5,13:15,14:05,Deep Learning,AD3501,Prof. V. Ramesh,C159,IT Block,4,Lecture,,,All,
2f91d5aa-81e8-4747-9ba8-48a8332e62b2,AIDS,2021,2026-2027,1.2,2026-07-19T06:43:29.540140Z,3,5,A,Friday,6,14:05,14:55,Deep Learning,AD3501,Prof. V. Ramesh,C291,IT Block,4,Lecture,,,All,
c6d945ba-a9e8-44ff-90c4-23d17a01cb44,AIDS,2021,2026-2027,1.2,2026-07-19T06:43:29.540140Z,3,5,A,Friday,7,14:55,15:45,Deep Learning,AD3501,Prof. V. Ramesh,C190,IT Block,4,Lecture,,,All,
d83b3a40-8d90-4ce1-a04b-251edb66d01d,AIDS,2021,2026-2027,1.2,2026-07-19T06:43:29.540140Z,3,5,A,Saturday,1,08:45,09:35,Natural Language Processing,AD3502,Prof. G. Sundaram,C304,IT Block,3,Lecture,,,All,
0602cd50-29dd-4972-a9ba-42ec98e009e9,AIDS,2021,2026-2027,1.2,2026-07-19T06:43:29.540140Z,3,5,A,Saturday,2,09:35,10:25,Cloud Computing,AD3512,Dr. M. Karthik,C159,IT Block,3,Lecture,,,All,
3c60dfcb-61cc-4989-9c86-663c4092b57a,AIDS,2021,2026-2027,1.2,2026-07-19T06:43:29.540140Z,3,5,A,Saturday,3,10:45,11:35,Data Visualization,AD3511,Prof. V. Kumar,C260,IT Block,3,Lecture,,,All,
b63ddd01-1769-43cd-b617-9382ba48f895,AIDS,2021,2026-2027,1.2,2026-07-19T06:43:29.540140Z,3,5,A,Saturday,4,11:35,12:25,Natural Language Processing,AD3502,Prof. G. Sundaram,C188,IT Block,3,Lecture,,,All,
fde411c1-1081-4b96-b3b7-08469fa5a8c4,AIDS,2021,2026-2027,1.2,2026-07-19T06:43:29.540140Z,3,5,A,Saturday,5,13:15,14:05,Deep Learning Laboratory,AD3511L,Prof. G. Natarajan,Lab-8,IT Block,2,Lab,Lab-8,,All,
52a7f364-f6e0-444d-a4b8-6821cb84af1b,AIDS,2021,2026-2027,1.2,2026-07-19T06:43:29.540140Z,3,5,A,Saturday,6,14:05,14:55,Deep Learning Laboratory,AD3511L,Prof. G. Natarajan,Lab-8,IT Block,2,Lab,Lab-8,,All,
bdac9455-1231-47ad-89bb-209b19e78eb6,AIDS,2021,2026-2027,1.2,2026-07-19T06:43:29.540140Z,3,5,A,Saturday,7,14:55,15:45,Deep Learning Laboratory,AD3511L,Prof. G. Natarajan,Lab-8,IT Block,2,Lab,Lab-8,,All,
cc83ddac-2bdc-4682-ba62-e7820a9d4ec8,AIDS,2021,2026-2027,1.2,2026-07-19T06:43:29.540140Z,3,5,B,Monday,1,08:45,09:35,Data Visualization,AD3511,Dr. S. Srinivasan,C303,IT Block,3,Lecture,,,All,
423dc16e-ec34-4baa-a6a5-cc881d3419a9,AIDS,2021,2026-2027,1.2,2026-07-19T06:43:29.540140Z,3,5,B,Monday,2,09:35,10:25,Data Visualization,AD3511,Dr. S. Srinivasan,C337,IT Block,3,Lecture,,,All,
7da51ffb-04f1-4c5f-8d0e-16aad05d83d0,AIDS,2021,2026-2027,1.2,2026-07-19T06:43:29.540140Z,3,5,B,Monday,3,10:45,11:35,Natural Language Processing,AD3502,Prof. G. Rajan,C138,IT Block,3,Lecture,,,All,
52832afd-cae9-44c1-aec0-29732fc4c5e7,AIDS,2021,2026-2027,1.2,2026-07-19T06:43:29.540140Z,3,5,B,Monday,4,11:35,12:25,Deep Learning,AD3501,Dr. S. Ramesh,C298,IT Block,4,Lecture,,,All,
f514bbc3-077b-44a4-983d-bc1924f821e5,AIDS,2021,2026-2027,1.2,2026-07-19T06:43:29.540140Z,3,5,B,Monday,5,13:15,14:05,Cloud Computing,AD3512,Prof. A. Srinivasan,C368,IT Block,3,Lecture,,,All,
ed817c7d-d228-43c7-a10d-e6d46da14980,AIDS,2021,2026-2027,1.2,2026-07-19T06:43:29.540140Z,3,5,B,Monday,6,14:05,14:55,Cloud Computing,AD3512,Prof. A. Srinivasan,C253,IT Block,3,Lecture,,,All,
aca4902f-8d1e-454e-b8a9-fa1f31c78cca,AIDS,2021,2026-2027,1.2,2026-07-19T06:43:29.540140Z,3,5,B,Monday,7,14:55,15:45,Natural Language Processing,AD3502,Prof. G. Rajan,C196,IT Block,3,Lecture,,,All,
387b107d-7bda-4b62-ba1f-572173c36290,AIDS,2021,2026-2027,1.2,2026-07-19T06:43:29.540140Z,3,5,B,Tuesday,1,08:45,09:35,Data Visualization,AD3511,Dr. S. Srinivasan,C232,IT Block,3,Lecture,,,All,
fa32f4bc-f7f0-489b-af14-d8f645f2551c,AIDS,2021,2026-2027,1.2,2026-07-19T06:43:29.540140Z,3,5,B,Tuesday,2,09:35,10:25,Deep Learning,AD3501,Dr. S. Ramesh,C205,IT Block,4,Lecture,,,All,
c5535e66-977a-43b4-9c19-a3ca586dd187,AIDS,2021,2026-2027,1.2,2026-07-19T06:43:29.540140Z,3,5,B,Tuesday,3,10:45,11:35,Cloud Computing,AD3512,Prof. A. Srinivasan,C238,IT Block,3,Lecture,,,All,
5db64dba-5fc8-499f-abb0-1f3dd06e935d,AIDS,2021,2026-2027,1.2,2026-07-19T06:43:29.540140Z,3,5,B,Tuesday,4,11:35,12:25,Cloud Computing,AD3512,Prof. A. Srinivasan,C267,IT Block,3,Lecture,,,All,
67a5e230-aaa1-4708-89b9-742edbd9284c,AIDS,2021,2026-2027,1.2,2026-07-19T06:43:29.540140Z,3,5,B,Tuesday,5,13:15,14:05,Deep Learning Laboratory,AD3511L,Dr. P. Balaji,Lab-4,IT Block,2,Lab,Lab-4,,All,
4520fe54-bec9-4093-8975-bcbe87bddd92,AIDS,2021,2026-2027,1.2,2026-07-19T06:43:29.540140Z,3,5,B,Tuesday,6,14:05,14:55,Deep Learning Laboratory,AD3511L,Dr. P. Balaji,Lab-4,IT Block,2,Lab,Lab-4,,All,
3d22cb67-289e-4410-9a4d-7ed518c4fe28,AIDS,2021,2026-2027,1.2,2026-07-19T06:43:29.540140Z,3,5,B,Tuesday,7,14:55,15:45,Deep Learning Laboratory,AD3511L,Dr. P. Balaji,Lab-4,IT Block,2,Lab,Lab-4,,All,
4b3d8a6a-e10d-43ca-97ee-c5556a63ecdf,AIDS,2021,2026-2027,1.2,2026-07-19T06:43:29.540140Z,3,5,B,Wednesday,1,08:45,09:35,Data Visualization,AD3511,Dr. S. Srinivasan,C389,IT Block,3,Lecture,,,All,
919a0e7b-8124-42b9-9f0d-0777a86125da,AIDS,2021,2026-2027,1.2,2026-07-19T06:43:29.540140Z,3,5,B,Wednesday,2,09:35,10:25,Deep Learning,AD3501,Dr. S. Ramesh,C273,IT Block,4,Lecture,,,All,
68ae8507-4073-43f9-a317-a68aa64666da,AIDS,2021,2026-2027,1.2,2026-07-19T06:43:29.540140Z,3,5,B,Wednesday,3,10:45,11:35,Deep Learning,AD3501,Dr. S. Ramesh,C204,IT Block,4,Lecture,,,All,
99f7cadc-b130-43a1-926a-861df64d64f5,AIDS,2021,2026-2027,1.2,2026-07-19T06:43:29.540140Z,3,5,B,Wednesday,4,11:35,12:25,Deep Learning,AD3501,Dr. S. Ramesh,C319,IT Block,4,Lecture,,,All,
0ec60bc6-5cc1-4600-b39e-88f65a55454f,AIDS,2021,2026-2027,1.2,2026-07-19T06:43:29.540140Z,3,5,B,Wednesday,5,13:15,14:05,Data Visualization,AD3511,Dr. S. Srinivasan,C299,IT Block,3,Lecture,,,All,
70524dcd-da52-4684-bb54-e3de3f7d2aeb,AIDS,2021,2026-2027,1.2,2026-07-19T06:43:29.540140Z,3,5,B,Wednesday,6,14:05,14:55,Natural Language Processing,AD3502,Prof. G. Rajan,C146,IT Block,3,Lecture,,,All,
9cf76f42-8f63-4975-acdb-0374c86945c7,AIDS,2021,2026-2027,1.2,2026-07-19T06:43:29.540140Z,3,5,B,Wednesday,7,14:55,15:45,Cloud Computing,AD3512,Prof. A. Srinivasan,C270,IT Block,3,Lecture,,,All,
7af07e42-d89f-4c58-ac85-e497d51afb59,AIDS,2021,2026-2027,1.2,2026-07-19T06:43:29.540140Z,3,5,B,Thursday,1,08:45,09:35,Data Visualization,AD3511,Dr. S. Srinivasan,C369,IT Block,3,Lecture,,,All,
28da6836-64f2-4e3c-983d-e3b5f2aa8046,AIDS,2021,2026-2027,1.2,2026-07-19T06:43:29.540140Z,3,5,B,Thursday,2,09:35,10:25,Data Visualization,AD3511,Dr. S. Srinivasan,C128,IT Block,3,Lecture,,,All,
52e3415c-a0dd-42ea-9169-3ffe6d44feb4,AIDS,2021,2026-2027,1.2,2026-07-19T06:43:29.540140Z,3,5,B,Thursday,3,10:45,11:35,Deep Learning,AD3501,Dr. S. Ramesh,C294,IT Block,4,Lecture,,,All,
0191658b-30c3-4dfd-a5ea-7849683a3c70,AIDS,2021,2026-2027,1.2,2026-07-19T06:43:29.540140Z,3,5,B,Thursday,4,11:35,12:25,Deep Learning,AD3501,Dr. S. Ramesh,C400,IT Block,4,Lecture,,,All,
62536574-1afb-4b18-8cbb-002fe08aac58,AIDS,2021,2026-2027,1.2,2026-07-19T06:43:29.540140Z,3,5,B,Thursday,5,13:15,14:05,Deep Learning Laboratory,AD3511L,Dr. P. Balaji,Lab-10,IT Block,2,Lab,Lab-10,,All,
7d35aee2-0c9e-4981-a4cf-e9e349a567ee,AIDS,2021,2026-2027,1.2,2026-07-19T06:43:29.540140Z,3,5,B,Thursday,6,14:05,14:55,Deep Learning Laboratory,AD3511L,Dr. P. Balaji,Lab-10,IT Block,2,Lab,Lab-10,,All,
a58c6b7a-5b0e-49bc-8549-0ee7b4961a49,AIDS,2021,2026-2027,1.2,2026-07-19T06:43:29.540140Z,3,5,B,Thursday,7,14:55,15:45,Deep Learning Laboratory,AD3511L,Dr. P. Balaji,Lab-10,IT Block,2,Lab,Lab-10,,All,
9cf91a1d-e3d6-4eb4-a306-7336f902b8b9,AIDS,2021,2026-2027,1.2,2026-07-19T06:43:29.540140Z,3,5,B,Friday,1,08:45,09:35,Cloud Computing,AD3512,Prof. A. Srinivasan,C255,IT Block,3,Lecture,,,All,
da88634b-4097-46d1-ac3b-1e6f30da42af,AIDS,2021,2026-2027,1.2,2026-07-19T06:43:29.540140Z,3,5,B,Friday,2,09:35,10:25,Natural Language Processing,AD3502,Prof. G. Rajan,C115,IT Block,3,Lecture,,,All,
8bb4db02-22bc-46ab-8b3e-10bdbad8c28b,AIDS,2021,2026-2027,1.2,2026-07-19T06:43:29.540140Z,3,5,B,Friday,3,10:45,11:35,Data Visualization,AD3511,Dr. S. Srinivasan,C296,IT Block,3,Lecture,,,All,
062bd90c-25d6-4490-87fb-91fa9c890d6f,AIDS,2021,2026-2027,1.2,2026-07-19T06:43:29.540140Z,3,5,B,Friday,4,11:35,12:25,Deep Learning,AD3501,Dr. S. Ramesh,C405,IT Block,4,Lecture,,,All,
1966c5f5-7d16-4b9c-8681-ff2d8b17e44f,AIDS,2021,2026-2027,1.2,2026-07-19T06:43:29.540140Z,3,5,B,Friday,5,13:15,14:05,Natural Language Processing,AD3502,Prof. G. Rajan,C294,IT Block,3,Lecture,,,All,
22a64751-668a-41d8-b0ef-23b8c2f6f46e,AIDS,2021,2026-2027,1.2,2026-07-19T06:43:29.540140Z,3,5,B,Friday,6,14:05,14:55,Data Visualization,AD3511,Dr. S. Srinivasan,C366,IT Block,3,Lecture,,,All,
a3ed8419-661d-4e22-b0e5-e731561f1a90,AIDS,2021,2026-2027,1.2,2026-07-19T06:43:29.540140Z,3,5,B,Friday,7,14:55,15:45,Cloud Computing,AD3512,Prof. A. Srinivasan,C182,IT Block,3,Lecture,,,All,
99c76151-8ce5-4673-bf42-3ac026288f4c,AIDS,2021,2026-2027,1.2,2026-07-19T06:43:29.540140Z,3,5,B,Saturday,1,08:45,09:35,Deep Learning,AD3501,Dr. S. Ramesh,C245,IT Block,4,Lecture,,,All,
f5862879-a753-4749-97c0-994334a9255b,AIDS,2021,2026-2027,1.2,2026-07-19T06:43:29.540140Z,3,5,B,Saturday,2,09:35,10:25,Natural Language Processing,AD3502,Prof. G. Rajan,C376,IT Block,3,Lecture,,,All,
ab72b95c-47e4-4296-9c16-b9133550a532,AIDS,2021,2026-2027,1.2,2026-07-19T06:43:29.540140Z,3,5,B,Saturday,3,10:45,11:35,Data Visualization,AD3511,Dr. S. Srinivasan,C276,IT Block,3,Lecture,,,All,
816399e6-296d-41bd-8f42-b8cf750d133d,AIDS,2021,2026-2027,1.2,2026-07-19T06:43:29.540140Z,3,5,B,Saturday,4,11:35,12:25,Natural Language Processing,AD3502,Prof. G. Rajan,C199,IT Block,3,Lecture,,,All,
dc02ccac-eac9-4d02-b39d-e1a10ad689ae,AIDS,2021,2026-2027,1.2,2026-07-19T06:43:29.540140Z,3,5,B,Saturday,5,13:15,14:05,Deep Learning Laboratory,AD3511L,Dr. P. Balaji,Lab-1,IT Block,2,Lab,Lab-1,,All,
16d7d1f6-dcca-47ca-9bc8-63144164dae6,AIDS,2021,2026-2027,1.2,2026-07-19T06:43:29.540140Z,3,5,B,Saturday,6,14:05,14:55,Deep Learning Laboratory,AD3511L,Dr. P. Balaji,Lab-1,IT Block,2,Lab,Lab-1,,All,
05e7b0c8-0c90-4dd8-a9fc-5b797ea5a8f6,AIDS,2021,2026-2027,1.2,2026-07-19T06:43:29.540140Z,3,5,B,Saturday,7,14:55,15:45,Deep Learning Laboratory,AD3511L,Dr. P. Balaji,Lab-1,IT Block,2,Lab,Lab-1,,All,
48cfc239-0ec7-418d-923d-8747c67abac6,AIDS,2021,2026-2027,1.2,2026-07-19T06:43:29.540140Z,4,7,A,Monday,1,08:45,09:35,Big Data Analytics,AD3711,Prof. V. Kumar,C170,IT Block,3,Lecture,,,All,
8b84d12f-d1b3-4ac6-b4f3-a4cdfe825ec0,AIDS,2021,2026-2027,1.2,2026-07-19T06:43:29.540140Z,4,7,A,Monday,2,09:35,10:25,Project Work,AD3713,Prof. G. Rajan,C348,IT Block,2,Mini Project,,,All,
afc1f684-9bdd-40f8-9a6e-6c55d204f09f,AIDS,2021,2026-2027,1.2,2026-07-19T06:43:29.540140Z,4,7,A,Monday,3,10:45,11:35,Ethics in Artificial Intelligence,AD3791,Prof. A. Kumar,C168,IT Block,2,Lecture,,,All,
6799c672-68fd-436a-98f7-160e65428f13,AIDS,2021,2026-2027,1.2,2026-07-19T06:43:29.540140Z,4,7,A,Monday,4,11:35,12:25,Ethics in Artificial Intelligence,AD3791,Prof. A. Kumar,C366,IT Block,2,Lecture,,,All,
f22e3b54-37ef-4c6b-8ab6-eab0fdf8f34e,AIDS,2021,2026-2027,1.2,2026-07-19T06:43:29.540140Z,4,7,A,Monday,5,13:15,14:05,Project Work,AD3713,Prof. G. Rajan,C179,IT Block,2,Mini Project,,,All,
383fa92a-bffd-448c-ad37-5f36235c225e,AIDS,2021,2026-2027,1.2,2026-07-19T06:43:29.540140Z,4,7,A,Monday,6,14:05,14:55,Ethics in Artificial Intelligence,AD3791,Prof. A. Kumar,C129,IT Block,2,Lecture,,,All,
d1d64a22-a427-487a-afe8-d15dd0b1e20e,AIDS,2021,2026-2027,1.2,2026-07-19T06:43:29.540140Z,4,7,A,Monday,7,14:55,15:45,Ethics in Artificial Intelligence,AD3791,Prof. A. Kumar,C183,IT Block,2,Lecture,,,All,
576c1c83-cdf8-426b-90a7-7d112e6ec8b6,AIDS,2021,2026-2027,1.2,2026-07-19T06:43:29.540140Z,4,7,A,Tuesday,1,08:45,09:35,Project Work,AD3713,Prof. G. Rajan,C203,IT Block,2,Mini Project,,,All,
149bfa1a-67d3-4c56-b7a7-ff6b38056dd3,AIDS,2021,2026-2027,1.2,2026-07-19T06:43:29.540140Z,4,7,A,Tuesday,2,09:35,10:25,Recommender Systems,AD3712,Dr. P. Balaji,C267,IT Block,3,Lecture,,,All,
830a780b-3441-4541-bc7f-57c9e0f1fa93,AIDS,2021,2026-2027,1.2,2026-07-19T06:43:29.540140Z,4,7,A,Tuesday,3,10:45,11:35,Ethics in Artificial Intelligence,AD3791,Prof. A. Kumar,C111,IT Block,2,Lecture,,,All,
e163c5c7-9719-4a9e-a34a-32ea01edcfac,AIDS,2021,2026-2027,1.2,2026-07-19T06:43:29.540140Z,4,7,A,Tuesday,4,11:35,12:25,Project Work,AD3713,Prof. G. Rajan,C287,IT Block,2,Mini Project,,,All,
0eff9c20-636e-4ed2-912f-7d3f5061ee61,AIDS,2021,2026-2027,1.2,2026-07-19T06:43:29.540140Z,4,7,A,Tuesday,5,13:15,14:05,Analytics Laboratory,AD3714,Dr. P. Sundaram,Lab-6,IT Block,2,Lab,Lab-6,,All,
6a9bd646-7aa7-4909-8d95-4682c873f38e,AIDS,2021,2026-2027,1.2,2026-07-19T06:43:29.540140Z,4,7,A,Tuesday,6,14:05,14:55,Analytics Laboratory,AD3714,Dr. P. Sundaram,Lab-6,IT Block,2,Lab,Lab-6,,All,
1003e3a9-3ebf-45c4-9662-3b3b050a4f5a,AIDS,2021,2026-2027,1.2,2026-07-19T06:43:29.540140Z,4,7,A,Tuesday,7,14:55,15:45,Analytics Laboratory,AD3714,Dr. P. Sundaram,Lab-6,IT Block,2,Lab,Lab-6,,All,
0ad0799a-85de-4e03-b298-869f10fe49cd,AIDS,2021,2026-2027,1.2,2026-07-19T06:43:29.540140Z,4,7,A,Wednesday,1,08:45,09:35,Recommender Systems,AD3712,Dr. P. Balaji,C204,IT Block,3,Lecture,,,All,
b08d2843-a269-47c6-8e85-9c0724ad63eb,AIDS,2021,2026-2027,1.2,2026-07-19T06:43:29.540140Z,4,7,A,Wednesday,2,09:35,10:25,Ethics in Artificial Intelligence,AD3791,Prof. A. Kumar,C144,IT Block,2,Lecture,,,All,
aa164824-410d-42ec-a90e-3ef320c33b05,AIDS,2021,2026-2027,1.2,2026-07-19T06:43:29.540140Z,4,7,A,Wednesday,3,10:45,11:35,Recommender Systems,AD3712,Dr. P. Balaji,C107,IT Block,3,Lecture,,,All,
c2bf17fe-c3d2-411d-a60b-6e90bcfa0409,AIDS,2021,2026-2027,1.2,2026-07-19T06:43:29.540140Z,4,7,A,Wednesday,4,11:35,12:25,Big Data Analytics,AD3711,Prof. V. Kumar,C390,IT Block,3,Lecture,,,All,
28780930-8ab0-430e-ba42-4632053e3096,AIDS,2021,2026-2027,1.2,2026-07-19T06:43:29.540140Z,4,7,A,Wednesday,5,13:15,14:05,Project Work,AD3713,Prof. G. Rajan,C338,IT Block,2,Mini Project,,,All,
d29b22b3-cfd5-4f50-975b-3cac65fc32ed,AIDS,2021,2026-2027,1.2,2026-07-19T06:43:29.540140Z,4,7,A,Wednesday,6,14:05,14:55,Big Data Analytics,AD3711,Prof. V. Kumar,C175,IT Block,3,Lecture,,,All,
f1625cba-07f4-41ad-ba6a-a638f7a7e2f7,AIDS,2021,2026-2027,1.2,2026-07-19T06:43:29.540140Z,4,7,A,Wednesday,7,14:55,15:45,Recommender Systems,AD3712,Dr. P. Balaji,C384,IT Block,3,Lecture,,,All,
1149e7a7-fe8a-490e-9b3f-4ffb9097cee2,AIDS,2021,2026-2027,1.2,2026-07-19T06:43:29.540140Z,4,7,A,Thursday,1,08:45,09:35,Recommender Systems,AD3712,Dr. P. Balaji,C205,IT Block,3,Lecture,,,All,
247fdb77-cf66-4740-85fb-8efe1ba6e7f8,AIDS,2021,2026-2027,1.2,2026-07-19T06:43:29.540140Z,4,7,A,Thursday,2,09:35,10:25,Ethics in Artificial Intelligence,AD3791,Prof. A. Kumar,C270,IT Block,2,Lecture,,,All,
6a4b4619-e96f-404b-8d2f-f423ab62cb9f,AIDS,2021,2026-2027,1.2,2026-07-19T06:43:29.540140Z,4,7,A,Thursday,3,10:45,11:35,Project Work,AD3713,Prof. G. Rajan,C118,IT Block,2,Mini Project,,,All,
b43cc22f-0500-43a0-9e09-b806ffa928ba,AIDS,2021,2026-2027,1.2,2026-07-19T06:43:29.540140Z,4,7,A,Thursday,4,11:35,12:25,Project Work,AD3713,Prof. G. Rajan,C340,IT Block,2,Mini Project,,,All,
15c474d2-c7cf-46b9-b8c1-44c2cd947b94,AIDS,2021,2026-2027,1.2,2026-07-19T06:43:29.540140Z,4,7,A,Thursday,5,13:15,14:05,Analytics Laboratory,AD3714,Dr. P. Sundaram,Lab-8,IT Block,2,Lab,Lab-8,,All,
698e21c2-70ad-49b6-98b0-4ea8d860c295,AIDS,2021,2026-2027,1.2,2026-07-19T06:43:29.540140Z,4,7,A,Thursday,6,14:05,14:55,Analytics Laboratory,AD3714,Dr. P. Sundaram,Lab-8,IT Block,2,Lab,Lab-8,,All,
2617fe73-cf18-4508-a9f1-dc780978634a,AIDS,2021,2026-2027,1.2,2026-07-19T06:43:29.540140Z,4,7,A,Thursday,7,14:55,15:45,Analytics Laboratory,AD3714,Dr. P. Sundaram,Lab-8,IT Block,2,Lab,Lab-8,,All,
8fb1d56d-66fc-41d9-b1e2-aaf8ae7f59ea,AIDS,2021,2026-2027,1.2,2026-07-19T06:43:29.540140Z,4,7,A,Friday,1,08:45,09:35,Big Data Analytics,AD3711,Prof. V. Kumar,C172,IT Block,3,Lecture,,,All,
165346a1-7d0c-44b7-a58d-29e9b36d4e95,AIDS,2021,2026-2027,1.2,2026-07-19T06:43:29.540140Z,4,7,A,Friday,2,09:35,10:25,Recommender Systems,AD3712,Dr. P. Balaji,C135,IT Block,3,Lecture,,,All,
4b0b9644-0a65-45a3-a4bc-414e80157592,AIDS,2021,2026-2027,1.2,2026-07-19T06:43:29.540140Z,4,7,A,Friday,3,10:45,11:35,Ethics in Artificial Intelligence,AD3791,Prof. A. Kumar,C278,IT Block,2,Lecture,,,All,
2eae1f75-112c-49e4-893d-5c6aad9ceb92,AIDS,2021,2026-2027,1.2,2026-07-19T06:43:29.540140Z,4,7,A,Friday,4,11:35,12:25,Project Work,AD3713,Prof. G. Rajan,C357,IT Block,2,Mini Project,,,All,
f4736089-4e79-4de5-83e3-2b27b0257ba6,AIDS,2021,2026-2027,1.2,2026-07-19T06:43:29.540140Z,4,7,A,Friday,5,13:15,14:05,Ethics in Artificial Intelligence,AD3791,Prof. A. Kumar,C338,IT Block,2,Lecture,,,All,
db474a86-360d-48e3-b6a2-d121c3a6acb2,AIDS,2021,2026-2027,1.2,2026-07-19T06:43:29.540140Z,4,7,A,Friday,6,14:05,14:55,Ethics in Artificial Intelligence,AD3791,Prof. A. Kumar,C155,IT Block,2,Lecture,,,All,
1d876316-63de-4b7d-b04e-e21981f95ac8,AIDS,2021,2026-2027,1.2,2026-07-19T06:43:29.540140Z,4,7,A,Friday,7,14:55,15:45,Big Data Analytics,AD3711,Prof. V. Kumar,C317,IT Block,3,Lecture,,,All,
f82c3c54-c8d2-4bff-a183-fdd926c1f072,AIDS,2021,2026-2027,1.2,2026-07-19T06:43:29.540140Z,4,7,A,Saturday,1,08:45,09:35,Big Data Analytics,AD3711,Prof. V. Kumar,C404,IT Block,3,Lecture,,,All,
426412ef-e63e-4ce8-ab9c-9e08f493f22d,AIDS,2021,2026-2027,1.2,2026-07-19T06:43:29.540140Z,4,7,A,Saturday,2,09:35,10:25,Recommender Systems,AD3712,Dr. P. Balaji,C165,IT Block,3,Lecture,,,All,
3a695904-6b03-44a1-b5f7-f727aad56a0b,AIDS,2021,2026-2027,1.2,2026-07-19T06:43:29.540140Z,4,7,A,Saturday,3,10:45,11:35,Recommender Systems,AD3712,Dr. P. Balaji,C195,IT Block,3,Lecture,,,All,
7834cbbe-a2ec-4fd1-846a-c388ec91fedc,AIDS,2021,2026-2027,1.2,2026-07-19T06:43:29.540140Z,4,7,A,Saturday,4,11:35,12:25,Big Data Analytics,AD3711,Prof. V. Kumar,C104,IT Block,3,Lecture,,,All,
679105b4-d1bc-4aab-b4fe-53a0bfb634da,AIDS,2021,2026-2027,1.2,2026-07-19T06:43:29.540140Z,4,7,A,Saturday,5,13:15,14:05,Analytics Laboratory,AD3714,Dr. P. Sundaram,Lab-5,IT Block,2,Lab,Lab-5,,All,
06956173-62c3-4ef3-a9ba-67173f6c0b7c,AIDS,2021,2026-2027,1.2,2026-07-19T06:43:29.540140Z,4,7,A,Saturday,6,14:05,14:55,Analytics Laboratory,AD3714,Dr. P. Sundaram,Lab-5,IT Block,2,Lab,Lab-5,,All,
bf9073dc-f698-4591-b9d4-043870d0b2c8,AIDS,2021,2026-2027,1.2,2026-07-19T06:43:29.540140Z,4,7,A,Saturday,7,14:55,15:45,Analytics Laboratory,AD3714,Dr. P. Sundaram,Lab-5,IT Block,2,Lab,Lab-5,,All,
97319386-8470-4482-8003-dc7c5ae926b6,AIDS,2021,2026-2027,1.2,2026-07-19T06:43:29.540140Z,4,7,B,Monday,1,08:45,09:35,Recommender Systems,AD3712,Dr. P. Ramesh,C369,IT Block,3,Lecture,,,All,
68d629ab-16df-4c3e-b27c-c5cbbcc5e34d,AIDS,2021,2026-2027,1.2,2026-07-19T06:43:29.540140Z,4,7,B,Monday,2,09:35,10:25,Ethics in Artificial Intelligence,AD3791,Prof. V. Kumar,C318,IT Block,2,Lecture,,,All,
9cb05acb-6451-4ce8-9fce-32724fd5168a,AIDS,2021,2026-2027,1.2,2026-07-19T06:43:29.540140Z,4,7,B,Monday,3,10:45,11:35,Big Data Analytics,AD3711,Prof. V. Karthik,C280,IT Block,3,Lecture,,,All,
2bb3d78c-90b3-477f-a534-677c4aaeaf3b,AIDS,2021,2026-2027,1.2,2026-07-19T06:43:29.540140Z,4,7,B,Monday,4,11:35,12:25,Recommender Systems,AD3712,Dr. P. Ramesh,C109,IT Block,3,Lecture,,,All,
16f962e7-edd7-4e37-836b-b3f1cfed35bc,AIDS,2021,2026-2027,1.2,2026-07-19T06:43:29.540140Z,4,7,B,Monday,5,13:15,14:05,Ethics in Artificial Intelligence,AD3791,Prof. V. Kumar,C267,IT Block,2,Lecture,,,All,
dbdb4931-3ae0-41e3-910f-f377e1dddf88,AIDS,2021,2026-2027,1.2,2026-07-19T06:43:29.540140Z,4,7,B,Monday,6,14:05,14:55,Project Work,AD3713,Dr. S. Ramesh,C202,IT Block,2,Mini Project,,,All,
fb7dcbb6-6a3f-4254-9e3d-a890b38a5fef,AIDS,2021,2026-2027,1.2,2026-07-19T06:43:29.540140Z,4,7,B,Monday,7,14:55,15:45,Ethics in Artificial Intelligence,AD3791,Prof. V. Kumar,C332,IT Block,2,Lecture,,,All,
0b6e15c1-9aff-411b-a9d1-8ad4cfb52213,AIDS,2021,2026-2027,1.2,2026-07-19T06:43:29.540140Z,4,7,B,Tuesday,1,08:45,09:35,Recommender Systems,AD3712,Dr. P. Ramesh,C123,IT Block,3,Lecture,,,All,
40ca33bb-230e-4a54-9f0d-3b356ba6e392,AIDS,2021,2026-2027,1.2,2026-07-19T06:43:29.540140Z,4,7,B,Tuesday,2,09:35,10:25,Big Data Analytics,AD3711,Prof. V. Karthik,C237,IT Block,3,Lecture,,,All,
d5d9e954-9466-4aee-9db1-652662656fd1,AIDS,2021,2026-2027,1.2,2026-07-19T06:43:29.540140Z,4,7,B,Tuesday,3,10:45,11:35,Project Work,AD3713,Dr. S. Ramesh,C256,IT Block,2,Mini Project,,,All,
36a9d966-7621-4014-aa5e-e78ca3252957,AIDS,2021,2026-2027,1.2,2026-07-19T06:43:29.540140Z,4,7,B,Tuesday,4,11:35,12:25,Project Work,AD3713,Dr. S. Ramesh,C318,IT Block,2,Mini Project,,,All,
f6cc735e-c70f-43da-9328-9dc7168936bc,AIDS,2021,2026-2027,1.2,2026-07-19T06:43:29.540140Z,4,7,B,Tuesday,5,13:15,14:05,Analytics Laboratory,AD3714,Prof. G. Karthik,Lab-7,IT Block,2,Lab,Lab-7,,All,
585a729b-e21f-437e-8615-61abed91bf43,AIDS,2021,2026-2027,1.2,2026-07-19T06:43:29.540140Z,4,7,B,Tuesday,6,14:05,14:55,Analytics Laboratory,AD3714,Prof. G. Karthik,Lab-7,IT Block,2,Lab,Lab-7,,All,
3456d3e1-4ffa-44ec-80fa-b960f0fdbfbc,AIDS,2021,2026-2027,1.2,2026-07-19T06:43:29.540140Z,4,7,B,Tuesday,7,14:55,15:45,Analytics Laboratory,AD3714,Prof. G. Karthik,Lab-7,IT Block,2,Lab,Lab-7,,All,
92216081-4961-41f2-82de-aa762ffa2868,AIDS,2021,2026-2027,1.2,2026-07-19T06:43:29.540140Z,4,7,B,Wednesday,1,08:45,09:35,Ethics in Artificial Intelligence,AD3791,Prof. V. Kumar,C289,IT Block,2,Lecture,,,All,
2c408b53-3756-4c10-973d-3935a4190834,AIDS,2021,2026-2027,1.2,2026-07-19T06:43:29.540140Z,4,7,B,Wednesday,2,09:35,10:25,Project Work,AD3713,Dr. S. Ramesh,C344,IT Block,2,Mini Project,,,All,
bb0d4587-51bb-406f-b695-bda2e8fc8708,AIDS,2021,2026-2027,1.2,2026-07-19T06:43:29.540140Z,4,7,B,Wednesday,3,10:45,11:35,Project Work,AD3713,Dr. S. Ramesh,C225,IT Block,2,Mini Project,,,All,
7d95f547-2d08-4b05-a05e-aa20132a025d,AIDS,2021,2026-2027,1.2,2026-07-19T06:43:29.540140Z,4,7,B,Wednesday,4,11:35,12:25,Ethics in Artificial Intelligence,AD3791,Prof. V. Kumar,C155,IT Block,2,Lecture,,,All,
ab6a5be0-e0b0-4a8c-a5a8-ad42a9900d84,AIDS,2021,2026-2027,1.2,2026-07-19T06:43:29.540140Z,4,7,B,Wednesday,5,13:15,14:05,Project Work,AD3713,Dr. S. Ramesh,C130,IT Block,2,Mini Project,,,All,
fcccd9e1-d1ad-4f84-893f-749998bcef27,AIDS,2021,2026-2027,1.2,2026-07-19T06:43:29.540140Z,4,7,B,Wednesday,6,14:05,14:55,Recommender Systems,AD3712,Dr. P. Ramesh,C299,IT Block,3,Lecture,,,All,
8c7896e7-7c62-4f1b-9fcb-f6778d6eb204,AIDS,2021,2026-2027,1.2,2026-07-19T06:43:29.540140Z,4,7,B,Wednesday,7,14:55,15:45,Ethics in Artificial Intelligence,AD3791,Prof. V. Kumar,C392,IT Block,2,Lecture,,,All,
074df2ca-029f-4be4-836f-49448fe9698b,AIDS,2021,2026-2027,1.2,2026-07-19T06:43:29.540140Z,4,7,B,Thursday,1,08:45,09:35,Project Work,AD3713,Dr. S. Ramesh,C271,IT Block,2,Mini Project,,,All,
00b4c684-527f-4a10-bc05-c849ee1ab043,AIDS,2021,2026-2027,1.2,2026-07-19T06:43:29.540140Z,4,7,B,Thursday,2,09:35,10:25,Big Data Analytics,AD3711,Prof. V. Karthik,C359,IT Block,3,Lecture,,,All,
9ccf6dd9-16e8-4381-b496-77085999df6c,AIDS,2021,2026-2027,1.2,2026-07-19T06:43:29.540140Z,4,7,B,Thursday,3,10:45,11:35,Project Work,AD3713,Dr. S. Ramesh,C236,IT Block,2,Mini Project,,,All,
03af4fb3-1747-4a19-802b-ea4a8db3d245,AIDS,2021,2026-2027,1.2,2026-07-19T06:43:29.540140Z,4,7,B,Thursday,4,11:35,12:25,Ethics in Artificial Intelligence,AD3791,Prof. V. Kumar,C337,IT Block,2,Lecture,,,All,
1f8ea63f-df27-4b7a-991a-4fe7306a7974,AIDS,2021,2026-2027,1.2,2026-07-19T06:43:29.540140Z,4,7,B,Thursday,5,13:15,14:05,Analytics Laboratory,AD3714,Prof. G. Karthik,Lab-7,IT Block,2,Lab,Lab-7,,All,
63f3f59d-c496-4a25-9889-7560b6326f7c,AIDS,2021,2026-2027,1.2,2026-07-19T06:43:29.540140Z,4,7,B,Thursday,6,14:05,14:55,Analytics Laboratory,AD3714,Prof. G. Karthik,Lab-7,IT Block,2,Lab,Lab-7,,All,
895149f1-52d6-4457-afc8-d63d70a30438,AIDS,2021,2026-2027,1.2,2026-07-19T06:43:29.540140Z,4,7,B,Thursday,7,14:55,15:45,Analytics Laboratory,AD3714,Prof. G. Karthik,Lab-7,IT Block,2,Lab,Lab-7,,All,
d70e278a-fd55-47b0-8950-8d6bf298418a,AIDS,2021,2026-2027,1.2,2026-07-19T06:43:29.540140Z,4,7,B,Friday,1,08:45,09:35,Ethics in Artificial Intelligence,AD3791,Prof. V. Kumar,C268,IT Block,2,Lecture,,,All,
34b9bd12-4fbd-4adf-acf5-ba6ce070f4c9,AIDS,2021,2026-2027,1.2,2026-07-19T06:43:29.540140Z,4,7,B,Friday,2,09:35,10:25,Big Data Analytics,AD3711,Prof. V. Karthik,C147,IT Block,3,Lecture,,,All,
94f60c9a-6e38-4340-bdfc-dee8f32a8756,AIDS,2021,2026-2027,1.2,2026-07-19T06:43:29.540140Z,4,7,B,Friday,3,10:45,11:35,Recommender Systems,AD3712,Dr. P. Ramesh,C372,IT Block,3,Lecture,,,All,
9efe1d5e-135c-4b98-a4a5-680e860085d8,AIDS,2021,2026-2027,1.2,2026-07-19T06:43:29.540140Z,4,7,B,Friday,4,11:35,12:25,Big Data Analytics,AD3711,Prof. V. Karthik,C393,IT Block,3,Lecture,,,All,
feabb8b5-5c4e-4bf1-b3cb-1dcf3565be8d,AIDS,2021,2026-2027,1.2,2026-07-19T06:43:29.540140Z,4,7,B,Friday,5,13:15,14:05,Big Data Analytics,AD3711,Prof. V. Karthik,C240,IT Block,3,Lecture,,,All,
8a8c35dc-b705-408a-8c07-34785869339a,AIDS,2021,2026-2027,1.2,2026-07-19T06:43:29.540140Z,4,7,B,Friday,6,14:05,14:55,Project Work,AD3713,Dr. S. Ramesh,C308,IT Block,2,Mini Project,,,All,
c44c1ad1-fbad-4d2c-a9c5-fa32f6abf516,AIDS,2021,2026-2027,1.2,2026-07-19T06:43:29.540140Z,4,7,B,Friday,7,14:55,15:45,Big Data Analytics,AD3711,Prof. V. Karthik,C177,IT Block,3,Lecture,,,All,
7bda0240-0c44-4959-bc3c-806c33176825,AIDS,2021,2026-2027,1.2,2026-07-19T06:43:29.540140Z,4,7,B,Saturday,1,08:45,09:35,Ethics in Artificial Intelligence,AD3791,Prof. V. Kumar,C266,IT Block,2,Lecture,,,All,
02df5eba-bda7-4228-97e1-e39944531f13,AIDS,2021,2026-2027,1.2,2026-07-19T06:43:29.540140Z,4,7,B,Saturday,2,09:35,10:25,Ethics in Artificial Intelligence,AD3791,Prof. V. Kumar,C117,IT Block,2,Lecture,,,All,
794ae7c0-c40c-441b-b3eb-13a3a4ff2e63,AIDS,2021,2026-2027,1.2,2026-07-19T06:43:29.540140Z,4,7,B,Saturday,3,10:45,11:35,Recommender Systems,AD3712,Dr. P. Ramesh,C120,IT Block,3,Lecture,,,All,
c59c2464-9c93-4841-83bb-3555fc0da505,AIDS,2021,2026-2027,1.2,2026-07-19T06:43:29.540140Z,4,7,B,Saturday,4,11:35,12:25,Recommender Systems,AD3712,Dr. P. Ramesh,C314,IT Block,3,Lecture,,,All,
7d7076e3-bb36-43af-89fb-565a2ec294ff,AIDS,2021,2026-2027,1.2,2026-07-19T06:43:29.540140Z,4,7,B,Saturday,5,13:15,14:05,Analytics Laboratory,AD3714,Prof. G. Karthik,Lab-4,IT Block,2,Lab,Lab-4,,All,
1d889674-da01-4397-a38c-ab4c75b5f823,AIDS,2021,2026-2027,1.2,2026-07-19T06:43:29.540140Z,4,7,B,Saturday,6,14:05,14:55,Analytics Laboratory,AD3714,Prof. G. Karthik,Lab-4,IT Block,2,Lab,Lab-4,,All,
84cfceca-e1c2-4b93-9da2-561711815042,AIDS,2021,2026-2027,1.2,2026-07-19T06:43:29.540140Z,4,7,B,Saturday,7,14:55,15:45,Analytics Laboratory,AD3714,Prof. G. Karthik,Lab-4,IT Block,2,Lab,Lab-4,,All,
b1968996-b77e-4452-82db-d27d508ece56,IT,2021,2026-2027,1.2,2026-07-19T06:43:29.540140Z,1,1,A,Monday,1,08:45,09:35,Professional English - I,HS3152,Dr. M. Natarajan,C160,IT Block,3,Lecture,,,All,
2e49fec8-4737-4ad9-9aa5-15f026bf5666,IT,2021,2026-2027,1.2,2026-07-19T06:43:29.540140Z,1,1,A,Monday,2,09:35,10:25,Heritage of Tamils,GE3152,Dr. R. Kumar,C388,IT Block,1,Lecture,,,All,
1dacf1a3-1bee-423f-ac3f-072ec5e894af,IT,2021,2026-2027,1.2,2026-07-19T06:43:29.540140Z,1,1,A,Monday,3,10:45,11:35,Problem Solving and Python Programming,GE3151,Dr. M. Venkatesh,C260,IT Block,3,Lecture,,,All,
3a8f5132-e61d-42eb-b62f-776ad7fe4692,IT,2021,2026-2027,1.2,2026-07-19T06:43:29.540140Z,1,1,A,Monday,4,11:35,12:25,Engineering Physics,PH3151,Dr. P. Rajan,C212,IT Block,3,Lecture,,,All,
1f4ea797-6a21-4933-ac45-4e079fe57380,IT,2021,2026-2027,1.2,2026-07-19T06:43:29.540140Z,1,1,A,Monday,5,13:15,14:05,Problem Solving and Python Programming,GE3151,Dr. M. Venkatesh,C136,IT Block,3,Lecture,,,All,
d09537b1-ab50-46ad-8242-1fc8194fc86a,IT,2021,2026-2027,1.2,2026-07-19T06:43:29.540140Z,1,1,A,Monday,6,14:05,14:55,Heritage of Tamils,GE3152,Dr. R. Kumar,C196,IT Block,1,Lecture,,,All,
8735c9b8-6cf8-44c8-a1e5-c11c5426fb09,IT,2021,2026-2027,1.2,2026-07-19T06:43:29.540140Z,1,1,A,Monday,7,14:55,15:45,Engineering Chemistry,CY3151,Prof. A. Natarajan,C374,IT Block,3,Lecture,,,All,
b0c1002b-5bb6-413c-9605-514a1f1ba80c,IT,2021,2026-2027,1.2,2026-07-19T06:43:29.540140Z,1,1,A,Tuesday,1,08:45,09:35,Professional English - I,HS3152,Dr. M. Natarajan,C400,IT Block,3,Lecture,,,All,
11d1972e-05c2-4fa8-a8f7-c874eb5a7a3e,IT,2021,2026-2027,1.2,2026-07-19T06:43:29.540140Z,1,1,A,Tuesday,2,09:35,10:25,Heritage of Tamils,GE3152,Dr. R. Kumar,C152,IT Block,1,Lecture,,,All,
63ab529e-1c3b-433a-add6-230db65028c2,IT,2021,2026-2027,1.2,2026-07-19T06:43:29.540140Z,1,1,A,Tuesday,3,10:45,11:35,Matrices and Calculus,MA3151,Prof. G. Kumar,C122,IT Block,4,Lecture,,,All,
9b2f268a-3cba-4462-be97-452134480809,IT,2021,2026-2027,1.2,2026-07-19T06:43:29.540140Z,1,1,A,Tuesday,4,11:35,12:25,Heritage of Tamils,GE3152,Dr. R. Kumar,C124,IT Block,1,Lecture,,,All,
6023e474-2dbd-4db0-bf19-a3ec2603dc93,IT,2021,2026-2027,1.2,2026-07-19T06:43:29.540140Z,1,1,A,Tuesday,5,13:15,14:05,Problem Solving and Python Programming Laboratory,GE3171,Prof. G. Balaji,Lab-5,IT Block,2,Lab,Lab-5,,All,
63d486ad-d4fe-445b-8a00-c4735d0f8755,IT,2021,2026-2027,1.2,2026-07-19T06:43:29.540140Z,1,1,A,Tuesday,6,14:05,14:55,Problem Solving and Python Programming Laboratory,GE3171,Prof. G. Balaji,Lab-5,IT Block,2,Lab,Lab-5,,All,
3c2fc0ef-3c5c-4ca6-a59b-48ea5b765c43,IT,2021,2026-2027,1.2,2026-07-19T06:43:29.540140Z,1,1,A,Tuesday,7,14:55,15:45,Problem Solving and Python Programming Laboratory,GE3171,Prof. G. Balaji,Lab-5,IT Block,2,Lab,Lab-5,,All,
90e4427c-9eec-4180-9f62-8049a3650c11,IT,2021,2026-2027,1.2,2026-07-19T06:43:29.540140Z,1,1,A,Wednesday,1,08:45,09:35,Engineering Physics,PH3151,Dr. P. Rajan,C322,IT Block,3,Lecture,,,All,
c4d742b2-df96-4cc2-aa1b-626a17f7be2d,IT,2021,2026-2027,1.2,2026-07-19T06:43:29.540140Z,1,1,A,Wednesday,2,09:35,10:25,Engineering Chemistry,CY3151,Prof. A. Natarajan,C146,IT Block,3,Lecture,,,All,
1687e012-0280-40d1-a495-d2ea2de88359,IT,2021,2026-2027,1.2,2026-07-19T06:43:29.540140Z,1,1,A,Wednesday,3,10:45,11:35,Matrices and Calculus,MA3151,Prof. G. Kumar,C114,IT Block,4,Lecture,,,All,
4663b8fa-a048-4ac1-96d1-7d385d8ac8e3,IT,2021,2026-2027,1.2,2026-07-19T06:43:29.540140Z,1,1,A,Wednesday,4,11:35,12:25,Engineering Chemistry,CY3151,Prof. A. Natarajan,C348,IT Block,3,Lecture,,,All,
1bd814e6-654f-4fa7-a1cf-0b5d4dc2b284,IT,2021,2026-2027,1.2,2026-07-19T06:43:29.540140Z,1,1,A,Wednesday,5,13:15,14:05,Problem Solving and Python Programming,GE3151,Dr. M. Venkatesh,C385,IT Block,3,Lecture,,,All,
7be8a86a-104e-4b20-b882-ffa3080117bc,IT,2021,2026-2027,1.2,2026-07-19T06:43:29.540140Z,1,1,A,Wednesday,6,14:05,14:55,Heritage of Tamils,GE3152,Dr. R. Kumar,C332,IT Block,1,Lecture,,,All,
b089a97c-f4a2-47b2-9b5c-baee266c369f,IT,2021,2026-2027,1.2,2026-07-19T06:43:29.540140Z,1,1,A,Wednesday,7,14:55,15:45,Engineering Physics,PH3151,Dr. P. Rajan,C107,IT Block,3,Lecture,,,All,
b41737c0-5968-48e7-b46b-a200ea25a557,IT,2021,2026-2027,1.2,2026-07-19T06:43:29.540140Z,1,1,A,Thursday,1,08:45,09:35,Matrices and Calculus,MA3151,Prof. G. Kumar,C209,IT Block,4,Lecture,,,All,
1f3ce722-5327-4141-ab74-98b80e0d2e61,IT,2021,2026-2027,1.2,2026-07-19T06:43:29.540140Z,1,1,A,Thursday,2,09:35,10:25,Engineering Physics,PH3151,Dr. P. Rajan,C401,IT Block,3,Lecture,,,All,
15037b93-d3b7-4f24-8763-61d5e54028bd,IT,2021,2026-2027,1.2,2026-07-19T06:43:29.540140Z,1,1,A,Thursday,3,10:45,11:35,Engineering Chemistry,CY3151,Prof. A. Natarajan,C262,IT Block,3,Lecture,,,All,
df7100ba-3ac6-484e-9602-187521c3078f,IT,2021,2026-2027,1.2,2026-07-19T06:43:29.540140Z,1,1,A,Thursday,4,11:35,12:25,Problem Solving and Python Programming,GE3151,Dr. M. Venkatesh,C341,IT Block,3,Lecture,,,All,
3d85ccb2-9ada-4c06-8720-7b1b527138a9,IT,2021,2026-2027,1.2,2026-07-19T06:43:29.540140Z,1,1,A,Thursday,5,13:15,14:05,Physics and Chemistry Laboratory,BS3171,Prof. G. Krishnan,Lab-6,IT Block,2,Lab,Lab-6,,All,
b73fc4b7-19bd-4d2f-9572-7917deb83115,IT,2021,2026-2027,1.2,2026-07-19T06:43:29.540140Z,1,1,A,Thursday,6,14:05,14:55,Physics and Chemistry Laboratory,BS3171,Prof. G. Krishnan,Lab-6,IT Block,2,Lab,Lab-6,,All,
7c93a1d3-bd2e-4f94-8ed7-85a7dcaeb6c7,IT,2021,2026-2027,1.2,2026-07-19T06:43:29.540140Z,1,1,A,Thursday,7,14:55,15:45,Physics and Chemistry Laboratory,BS3171,Prof. G. Krishnan,Lab-6,IT Block,2,Lab,Lab-6,,All,
20e79255-d337-428b-ac37-7bab48ad39ec,IT,2021,2026-2027,1.2,2026-07-19T06:43:29.540140Z,1,1,A,Friday,1,08:45,09:35,Engineering Chemistry,CY3151,Prof. A. Natarajan,C358,IT Block,3,Lecture,,,All,
d1309107-7ed1-41f6-90f9-e9c3adccf333,IT,2021,2026-2027,1.2,2026-07-19T06:43:29.540140Z,1,1,A,Friday,2,09:35,10:25,Matrices and Calculus,MA3151,Prof. G. Kumar,C342,IT Block,4,Lecture,,,All,
1d23e022-4eda-44f4-9576-3bb289c03710,IT,2021,2026-2027,1.2,2026-07-19T06:43:29.540140Z,1,1,A,Friday,3,10:45,11:35,Problem Solving and Python Programming,GE3151,Dr. M. Venkatesh,C193,IT Block,3,Lecture,,,All,
ceeae3cb-edc4-417d-86d9-d6415ffb9467,IT,2021,2026-2027,1.2,2026-07-19T06:43:29.540140Z,1,1,A,Friday,4,11:35,12:25,Engineering Chemistry,CY3151,Prof. A. Natarajan,C193,IT Block,3,Lecture,,,All,
2733a481-c8a9-402c-8430-c51ea4fc7c3f,IT,2021,2026-2027,1.2,2026-07-19T06:43:29.540140Z,1,1,A,Friday,5,13:15,14:05,Engineering Chemistry,CY3151,Prof. A. Natarajan,C365,IT Block,3,Lecture,,,All,
c0128643-afd1-4b6c-a1e3-35a841c98360,IT,2021,2026-2027,1.2,2026-07-19T06:43:29.540140Z,1,1,A,Friday,6,14:05,14:55,Matrices and Calculus,MA3151,Prof. G. Kumar,C234,IT Block,4,Lecture,,,All,
d04520c2-3817-487d-b94d-f819378ae93f,IT,2021,2026-2027,1.2,2026-07-19T06:43:29.540140Z,1,1,A,Friday,7,14:55,15:45,Heritage of Tamils,GE3152,Dr. R. Kumar,C266,IT Block,1,Lecture,,,All,
5fa8a7e9-feee-466c-8686-c0cc7f8c62af,IT,2021,2026-2027,1.2,2026-07-19T06:43:29.540140Z,1,1,A,Saturday,1,08:45,09:35,Professional English - I,HS3152,Dr. M. Natarajan,C157,IT Block,3,Lecture,,,All,
029b4309-d02b-41ac-82a1-2a9d40ae9161,IT,2021,2026-2027,1.2,2026-07-19T06:43:29.540140Z,1,1,A,Saturday,2,09:35,10:25,Problem Solving and Python Programming,GE3151,Dr. M. Venkatesh,C107,IT Block,3,Lecture,,,All,
addc5d12-e706-43ab-89e5-e2a12a59077c,IT,2021,2026-2027,1.2,2026-07-19T06:43:29.540140Z,1,1,A,Saturday,3,10:45,11:35,Engineering Chemistry,CY3151,Prof. A. Natarajan,C384,IT Block,3,Lecture,,,All,
bb1ac188-7019-4ff8-a2a4-aa00cdb93c0f,IT,2021,2026-2027,1.2,2026-07-19T06:43:29.540140Z,1,1,A,Saturday,4,11:35,12:25,Engineering Physics,PH3151,Dr. P. Rajan,C232,IT Block,3,Lecture,,,All,
1226a6f0-517f-4441-a6b5-c0903f8fad35,IT,2021,2026-2027,1.2,2026-07-19T06:43:29.540140Z,1,1,A,Saturday,5,13:15,14:05,English Laboratory,GE3172,Dr. R. Krishnan,Lab-6,IT Block,1,Lab,Lab-6,,All,
ff92e1bc-1c0e-415a-a02b-75a5029d0381,IT,2021,2026-2027,1.2,2026-07-19T06:43:29.540140Z,1,1,A,Saturday,6,14:05,14:55,English Laboratory,GE3172,Dr. R. Krishnan,Lab-6,IT Block,1,Lab,Lab-6,,All,
a0d0b416-d02b-472c-bf53-64597aa0023c,IT,2021,2026-2027,1.2,2026-07-19T06:43:29.540140Z,1,1,A,Saturday,7,14:55,15:45,English Laboratory,GE3172,Dr. R. Krishnan,Lab-6,IT Block,1,Lab,Lab-6,,All,
b7e448ae-e896-4191-9861-b652048e68e1,IT,2021,2026-2027,1.2,2026-07-19T06:43:29.540140Z,1,1,B,Monday,1,08:45,09:35,Problem Solving and Python Programming,GE3151,Dr. S. Ramesh,C107,IT Block,3,Lecture,,,All,
92a57e64-0188-4f89-9622-131ed40fca16,IT,2021,2026-2027,1.2,2026-07-19T06:43:29.540140Z,1,1,B,Monday,2,09:35,10:25,Heritage of Tamils,GE3152,Dr. K. Natarajan,C215,IT Block,1,Lecture,,,All,
201e1e57-67f1-4f48-8349-106dd36a3aac,IT,2021,2026-2027,1.2,2026-07-19T06:43:29.540140Z,1,1,B,Monday,3,10:45,11:35,Engineering Physics,PH3151,Prof. V. Karthik,C337,IT Block,3,Lecture,,,All,
be64bc80-f184-4fbc-87cf-260fc76b4709,IT,2021,2026-2027,1.2,2026-07-19T06:43:29.540140Z,1,1,B,Monday,4,11:35,12:25,Matrices and Calculus,MA3151,Dr. M. Ramesh,C138,IT Block,4,Lecture,,,All,
0d6e6bc5-c139-43de-9d3a-13583aa084df,IT,2021,2026-2027,1.2,2026-07-19T06:43:29.540140Z,1,1,B,Monday,5,13:15,14:05,Problem Solving and Python Programming,GE3151,Dr. S. Ramesh,C109,IT Block,3,Lecture,,,All,
94c11a8b-9422-4aae-af2b-4423f136df6f,IT,2021,2026-2027,1.2,2026-07-19T06:43:29.540140Z,1,1,B,Monday,6,14:05,14:55,Heritage of Tamils,GE3152,Dr. K. Natarajan,C347,IT Block,1,Lecture,,,All,
9741aa6f-53c2-4f9f-b550-14d2845b39b5,IT,2021,2026-2027,1.2,2026-07-19T06:43:29.540140Z,1,1,B,Monday,7,14:55,15:45,Professional English - I,HS3152,Prof. G. Rajan,C161,IT Block,3,Lecture,,,All,
e1edce2a-6ac0-4580-b72d-42c21145f030,IT,2021,2026-2027,1.2,2026-07-19T06:43:29.540140Z,1,1,B,Tuesday,1,08:45,09:35,Matrices and Calculus,MA3151,Dr. M. Ramesh,C391,IT Block,4,Lecture,,,All,
9c508ac1-84fb-4c54-b96a-c4a65a61f18f,IT,2021,2026-2027,1.2,2026-07-19T06:43:29.540140Z,1,1,B,Tuesday,2,09:35,10:25,Engineering Chemistry,CY3151,Dr. M. Srinivasan,C382,IT Block,3,Lecture,,,All,
07a252e2-029e-413d-95f0-00893d4c0430,IT,2021,2026-2027,1.2,2026-07-19T06:43:29.540140Z,1,1,B,Tuesday,3,10:45,11:35,Heritage of Tamils,GE3152,Dr. K. Natarajan,C221,IT Block,1,Lecture,,,All,
3202d982-b780-4c30-b03e-6373b0b5fd97,IT,2021,2026-2027,1.2,2026-07-19T06:43:29.540140Z,1,1,B,Tuesday,4,11:35,12:25,Engineering Chemistry,CY3151,Dr. M. Srinivasan,C394,IT Block,3,Lecture,,,All,
37233a66-ad8e-462d-9887-b88179f967b7,IT,2021,2026-2027,1.2,2026-07-19T06:43:29.540140Z,1,1,B,Tuesday,5,13:15,14:05,Problem Solving and Python Programming Laboratory,GE3171,Dr. P. Sundaram,Lab-5,IT Block,2,Lab,Lab-5,,All,
8cfd9f53-330b-4b60-8f97-655bffc883ea,IT,2021,2026-2027,1.2,2026-07-19T06:43:29.540140Z,1,1,B,Tuesday,6,14:05,14:55,Problem Solving and Python Programming Laboratory,GE3171,Dr. P. Sundaram,Lab-5,IT Block,2,Lab,Lab-5,,All,
918c7662-31b9-46c9-93fe-2af6f1ee87a3,IT,2021,2026-2027,1.2,2026-07-19T06:43:29.540140Z,1,1,B,Tuesday,7,14:55,15:45,Problem Solving and Python Programming Laboratory,GE3171,Dr. P. Sundaram,Lab-5,IT Block,2,Lab,Lab-5,,All,
f8003bac-b9af-49c9-9947-12cb3b7b1937,IT,2021,2026-2027,1.2,2026-07-19T06:43:29.540140Z,1,1,B,Wednesday,1,08:45,09:35,Engineering Physics,PH3151,Prof. V. Karthik,C343,IT Block,3,Lecture,,,All,
e7b3a544-a8a0-4356-b26f-52b7e210860e,IT,2021,2026-2027,1.2,2026-07-19T06:43:29.540140Z,1,1,B,Wednesday,2,09:35,10:25,Engineering Chemistry,CY3151,Dr. M. Srinivasan,C140,IT Block,3,Lecture,,,All,
570b2a50-aeb3-4502-8963-16bcd8154d1c,IT,2021,2026-2027,1.2,2026-07-19T06:43:29.540140Z,1,1,B,Wednesday,3,10:45,11:35,Engineering Chemistry,CY3151,Dr. M. Srinivasan,C284,IT Block,3,Lecture,,,All,
d47ee55d-7f5e-4ad2-9575-1d563a2594cd,IT,2021,2026-2027,1.2,2026-07-19T06:43:29.540140Z,1,1,B,Wednesday,4,11:35,12:25,Professional English - I,HS3152,Prof. G. Rajan,C176,IT Block,3,Lecture,,,All,
d25d8929-a624-40e1-882e-01d1bf9a6a8a,IT,2021,2026-2027,1.2,2026-07-19T06:43:29.540140Z,1,1,B,Wednesday,5,13:15,14:05,Heritage of Tamils,GE3152,Dr. K. Natarajan,C304,IT Block,1,Lecture,,,All,
abe90ce6-c02f-47c9-8d0d-c09c613b98df,IT,2021,2026-2027,1.2,2026-07-19T06:43:29.540140Z,1,1,B,Wednesday,6,14:05,14:55,Problem Solving and Python Programming,GE3151,Dr. S. Ramesh,C263,IT Block,3,Lecture,,,All,
a7b2a8ae-04f8-4b94-9b8a-bb3f18903311,IT,2021,2026-2027,1.2,2026-07-19T06:43:29.540140Z,1,1,B,Wednesday,7,14:55,15:45,Matrices and Calculus,MA3151,Dr. M. Ramesh,C227,IT Block,4,Lecture,,,All,
a25ea518-f0a4-481f-9808-3ff636e6d1f1,IT,2021,2026-2027,1.2,2026-07-19T06:43:29.540140Z,1,1,B,Thursday,1,08:45,09:35,Engineering Physics,PH3151,Prof. V. Karthik,C318,IT Block,3,Lecture,,,All,
e7477af7-fc00-490a-bed4-7448b8ea9b02,IT,2021,2026-2027,1.2,2026-07-19T06:43:29.540140Z,1,1,B,Thursday,2,09:35,10:25,Matrices and Calculus,MA3151,Dr. M. Ramesh,C380,IT Block,4,Lecture,,,All,
10f3f041-1d1a-46a8-9e6f-caf1108b1dc8,IT,2021,2026-2027,1.2,2026-07-19T06:43:29.540140Z,1,1,B,Thursday,3,10:45,11:35,Engineering Chemistry,CY3151,Dr. M. Srinivasan,C371,IT Block,3,Lecture,,,All,
ff116f3c-77e7-4024-9050-60038755ee66,IT,2021,2026-2027,1.2,2026-07-19T06:43:29.540140Z,1,1,B,Thursday,4,11:35,12:25,Engineering Chemistry,CY3151,Dr. M. Srinivasan,C371,IT Block,3,Lecture,,,All,
73c11736-c3ed-49b3-9d98-c372cabe8b88,IT,2021,2026-2027,1.2,2026-07-19T06:43:29.540140Z,1,1,B,Thursday,5,13:15,14:05,Physics and Chemistry Laboratory,BS3171,Dr. M. Srinivasan,Lab-7,IT Block,2,Lab,Lab-7,,All,
a2ff5268-9b21-4e46-92bc-568f4c6e5866,IT,2021,2026-2027,1.2,2026-07-19T06:43:29.540140Z,1,1,B,Thursday,6,14:05,14:55,Physics and Chemistry Laboratory,BS3171,Dr. M. Srinivasan,Lab-7,IT Block,2,Lab,Lab-7,,All,
87f20d23-33d1-4e9f-a2a9-9d79f0114cfa,IT,2021,2026-2027,1.2,2026-07-19T06:43:29.540140Z,1,1,B,Thursday,7,14:55,15:45,Physics and Chemistry Laboratory,BS3171,Dr. M. Srinivasan,Lab-7,IT Block,2,Lab,Lab-7,,All,
93d14285-1884-42bb-b6f3-9a01a746a05c,IT,2021,2026-2027,1.2,2026-07-19T06:43:29.540140Z,1,1,B,Friday,1,08:45,09:35,Engineering Chemistry,CY3151,Dr. M. Srinivasan,C372,IT Block,3,Lecture,,,All,
a9ad360c-51e1-41aa-81ce-5dc74bc2e749,IT,2021,2026-2027,1.2,2026-07-19T06:43:29.540140Z,1,1,B,Friday,2,09:35,10:25,Professional English - I,HS3152,Prof. G. Rajan,C388,IT Block,3,Lecture,,,All,
803b9f65-66b2-4e60-ac2c-d3081c53beca,IT,2021,2026-2027,1.2,2026-07-19T06:43:29.540140Z,1,1,B,Friday,3,10:45,11:35,Problem Solving and Python Programming,GE3151,Dr. S. Ramesh,C270,IT Block,3,Lecture,,,All,
3513b8ea-ee92-4912-a6bb-0f0053ba427d,IT,2021,2026-2027,1.2,2026-07-19T06:43:29.540140Z,1,1,B,Friday,4,11:35,12:25,Problem Solving and Python Programming,GE3151,Dr. S. Ramesh,C303,IT Block,3,Lecture,,,All,
84d181cf-f633-40e8-b696-504af1139790,IT,2021,2026-2027,1.2,2026-07-19T06:43:29.540140Z,1,1,B,Friday,5,13:15,14:05,Professional English - I,HS3152,Prof. G. Rajan,C319,IT Block,3,Lecture,,,All,
49b57aba-055a-4352-ab24-da385f50c47d,IT,2021,2026-2027,1.2,2026-07-19T06:43:29.540140Z,1,1,B,Friday,6,14:05,14:55,Engineering Chemistry,CY3151,Dr. M. Srinivasan,C139,IT Block,3,Lecture,,,All,
9d698d33-3c20-43a3-aef3-90bb63e6f7fd,IT,2021,2026-2027,1.2,2026-07-19T06:43:29.540140Z,1,1,B,Friday,7,14:55,15:45,Engineering Chemistry,CY3151,Dr. M. Srinivasan,C275,IT Block,3,Lecture,,,All,
86bfe8c1-6200-48db-b9bb-aa456aa08b4d,IT,2021,2026-2027,1.2,2026-07-19T06:43:29.540140Z,1,1,B,Saturday,1,08:45,09:35,Engineering Physics,PH3151,Prof. V. Karthik,C175,IT Block,3,Lecture,,,All,
ea4f91a3-e302-4955-a759-e9c422d0f2b8,IT,2021,2026-2027,1.2,2026-07-19T06:43:29.540140Z,1,1,B,Saturday,2,09:35,10:25,Engineering Chemistry,CY3151,Dr. M. Srinivasan,C396,IT Block,3,Lecture,,,All,
cbeefc87-8cdd-4100-98e6-f9c2774a50a2,IT,2021,2026-2027,1.2,2026-07-19T06:43:29.540140Z,1,1,B,Saturday,3,10:45,11:35,Professional English - I,HS3152,Prof. G. Rajan,C170,IT Block,3,Lecture,,,All,
37917795-5ce5-43d3-8653-3e9ba04ace0b,IT,2021,2026-2027,1.2,2026-07-19T06:43:29.540140Z,1,1,B,Saturday,4,11:35,12:25,Engineering Chemistry,CY3151,Dr. M. Srinivasan,C298,IT Block,3,Lecture,,,All,
dbb1036b-3eeb-49f5-a81b-bd36b47a4b60,IT,2021,2026-2027,1.2,2026-07-19T06:43:29.540140Z,1,1,B,Saturday,5,13:15,14:05,English Laboratory,GE3172,Dr. R. Natarajan,Lab-9,IT Block,1,Lab,Lab-9,,All,
9302026a-6cc2-4938-9769-7bf5f58ef2ca,IT,2021,2026-2027,1.2,2026-07-19T06:43:29.540140Z,1,1,B,Saturday,6,14:05,14:55,English Laboratory,GE3172,Dr. R. Natarajan,Lab-9,IT Block,1,Lab,Lab-9,,All,
267727bf-34aa-49d7-b2f5-7febd99c3869,IT,2021,2026-2027,1.2,2026-07-19T06:43:29.540140Z,1,1,B,Saturday,7,14:55,15:45,English Laboratory,GE3172,Dr. R. Natarajan,Lab-9,IT Block,1,Lab,Lab-9,,All,
c4b3e685-cbe8-42f6-9761-72e80ac82cc6,IT,2021,2026-2027,1.2,2026-07-19T06:43:29.540140Z,2,3,A,Monday,1,08:45,09:35,Object Oriented Programming,IT3352,Dr. S. Karthik,C307,IT Block,3,Lecture,,,All,
ace5a66f-0888-4766-9f80-6ae9af829176,IT,2021,2026-2027,1.2,2026-07-19T06:43:29.540140Z,2,3,A,Monday,2,09:35,10:25,Computer Organization,IT3302,Prof. G. Ramesh,C214,IT Block,3,Lecture,,,All,
22dfe05a-74c6-4ee5-b6c0-aa55d5efd6f5,IT,2021,2026-2027,1.2,2026-07-19T06:43:29.540140Z,2,3,A,Monday,3,10:45,11:35,Object Oriented Programming,IT3352,Dr. S. Karthik,C179,IT Block,3,Lecture,,,All,
84857fce-475c-48b6-9441-1d71ec032c99,IT,2021,2026-2027,1.2,2026-07-19T06:43:29.540140Z,2,3,A,Monday,4,11:35,12:25,Data Structures,IT3301,Dr. S. Rajan,C171,IT Block,3,Lecture,,,All,
3e8575f5-a998-4ded-a799-92988221f989,IT,2021,2026-2027,1.2,2026-07-19T06:43:29.540140Z,2,3,A,Monday,5,13:15,14:05,Data Structures,IT3301,Dr. S. Rajan,C258,IT Block,3,Lecture,,,All,
d3c9f547-8152-45e2-81bf-5b53f57297c3,IT,2021,2026-2027,1.2,2026-07-19T06:43:29.540140Z,2,3,A,Monday,6,14:05,14:55,Object Oriented Programming,IT3352,Dr. S. Karthik,C160,IT Block,3,Lecture,,,All,
deb1e864-2189-45bc-af1b-7ba5a08b5093,IT,2021,2026-2027,1.2,2026-07-19T06:43:29.540140Z,2,3,A,Monday,7,14:55,15:45,Web Essentials,IT3351,Dr. R. Venkatesh,C319,IT Block,3,Lecture,,,All,
f29e374e-ae8d-4d77-85e0-15cf372eb33a,IT,2021,2026-2027,1.2,2026-07-19T06:43:29.540140Z,2,3,A,Tuesday,1,08:45,09:35,Web Essentials,IT3351,Dr. R. Venkatesh,C282,IT Block,3,Lecture,,,All,
05877caf-9b2f-4517-8482-79f3691f5583,IT,2021,2026-2027,1.2,2026-07-19T06:43:29.540140Z,2,3,A,Tuesday,2,09:35,10:25,Web Essentials,IT3351,Dr. R. Venkatesh,C205,IT Block,3,Lecture,,,All,
19c4ff17-e894-445e-93c6-a5ae9a68669f,IT,2021,2026-2027,1.2,2026-07-19T06:43:29.540140Z,2,3,A,Tuesday,3,10:45,11:35,Data Structures,IT3301,Dr. S. Rajan,C300,IT Block,3,Lecture,,,All,
4e28c5f4-fdb5-4bea-bcc3-9cdab8bfd411,IT,2021,2026-2027,1.2,2026-07-19T06:43:29.540140Z,2,3,A,Tuesday,4,11:35,12:25,Web Essentials,IT3351,Dr. R. Venkatesh,C291,IT Block,3,Lecture,,,All,
1005e62e-f753-4d36-ad47-926447267050,IT,2021,2026-2027,1.2,2026-07-19T06:43:29.540140Z,2,3,A,Tuesday,5,13:15,14:05,Data Structures Laboratory,IT3311,Dr. R. Ramesh,Lab-7,IT Block,2,Lab,Lab-7,,All,
ad636e39-275c-4413-a6ca-7f8e9cf2316e,IT,2021,2026-2027,1.2,2026-07-19T06:43:29.540140Z,2,3,A,Tuesday,6,14:05,14:55,Data Structures Laboratory,IT3311,Dr. R. Ramesh,Lab-7,IT Block,2,Lab,Lab-7,,All,
6ea19f95-33c9-4a05-9d68-90bb360557fa,IT,2021,2026-2027,1.2,2026-07-19T06:43:29.540140Z,2,3,A,Tuesday,7,14:55,15:45,Data Structures Laboratory,IT3311,Dr. R. Ramesh,Lab-7,IT Block,2,Lab,Lab-7,,All,
83fef6b2-cbe3-4df4-a154-ba7aa030def5,IT,2021,2026-2027,1.2,2026-07-19T06:43:29.540140Z,2,3,A,Wednesday,1,08:45,09:35,Web Essentials,IT3351,Dr. R. Venkatesh,C344,IT Block,3,Lecture,,,All,
5a02b4d0-ec65-46cf-89a4-7e67b696cbfc,IT,2021,2026-2027,1.2,2026-07-19T06:43:29.540140Z,2,3,A,Wednesday,2,09:35,10:25,Web Essentials,IT3351,Dr. R. Venkatesh,C227,IT Block,3,Lecture,,,All,
9690a183-1312-4b42-b8cc-428ff8e76e80,IT,2021,2026-2027,1.2,2026-07-19T06:43:29.540140Z,2,3,A,Wednesday,3,10:45,11:35,Data Structures,IT3301,Dr. S. Rajan,C304,IT Block,3,Lecture,,,All,
4ab4a167-aaed-438c-8843-ba58e96216be,IT,2021,2026-2027,1.2,2026-07-19T06:43:29.540140Z,2,3,A,Wednesday,4,11:35,12:25,Object Oriented Programming,IT3352,Dr. S. Karthik,C284,IT Block,3,Lecture,,,All,
402dbe3f-aa46-4d73-a8f4-d7843a08425d,IT,2021,2026-2027,1.2,2026-07-19T06:43:29.540140Z,2,3,A,Wednesday,5,13:15,14:05,Computer Organization,IT3302,Prof. G. Ramesh,C369,IT Block,3,Lecture,,,All,
c0428e55-44c1-4763-89ec-ec45c6236849,IT,2021,2026-2027,1.2,2026-07-19T06:43:29.540140Z,2,3,A,Wednesday,6,14:05,14:55,Web Essentials,IT3351,Dr. R. Venkatesh,C395,IT Block,3,Lecture,,,All,
1ef14408-9b18-4ffe-8380-2949824b4e06,IT,2021,2026-2027,1.2,2026-07-19T06:43:29.540140Z,2,3,A,Wednesday,7,14:55,15:45,Object Oriented Programming,IT3352,Dr. S. Karthik,C345,IT Block,3,Lecture,,,All,
d4651b64-b966-4dae-a0b7-629a022c5519,IT,2021,2026-2027,1.2,2026-07-19T06:43:29.540140Z,2,3,A,Thursday,1,08:45,09:35,Data Structures,IT3301,Dr. S. Rajan,C187,IT Block,3,Lecture,,,All,
c550b326-7303-4126-8c58-21e6e041abbc,IT,2021,2026-2027,1.2,2026-07-19T06:43:29.540140Z,2,3,A,Thursday,2,09:35,10:25,Data Structures,IT3301,Dr. S. Rajan,C107,IT Block,3,Lecture,,,All,
5cd86cd2-ead5-4441-977b-5191b59fe8d0,IT,2021,2026-2027,1.2,2026-07-19T06:43:29.540140Z,2,3,A,Thursday,3,10:45,11:35,Computer Organization,IT3302,Prof. G. Ramesh,C376,IT Block,3,Lecture,,,All,
4944b224-e466-4581-a48d-d9ee494054ba,IT,2021,2026-2027,1.2,2026-07-19T06:43:29.540140Z,2,3,A,Thursday,4,11:35,12:25,Data Structures,IT3301,Dr. S. Rajan,C277,IT Block,3,Lecture,,,All,
4813821d-8885-4c9d-8283-86b4ee99304d,IT,2021,2026-2027,1.2,2026-07-19T06:43:29.540140Z,2,3,A,Thursday,5,13:15,14:05,Data Structures Laboratory,IT3311,Dr. R. Ramesh,Lab-2,IT Block,2,Lab,Lab-2,,All,
cb99c5cc-6e62-44e1-b9f8-50ecb3550268,IT,2021,2026-2027,1.2,2026-07-19T06:43:29.540140Z,2,3,A,Thursday,6,14:05,14:55,Data Structures Laboratory,IT3311,Dr. R. Ramesh,Lab-2,IT Block,2,Lab,Lab-2,,All,
4f04eec5-07de-4076-b0f7-c62f9fd57c6e,IT,2021,2026-2027,1.2,2026-07-19T06:43:29.540140Z,2,3,A,Thursday,7,14:55,15:45,Data Structures Laboratory,IT3311,Dr. R. Ramesh,Lab-2,IT Block,2,Lab,Lab-2,,All,
4630d1e5-1465-4e1e-a46d-64514b1fc765,IT,2021,2026-2027,1.2,2026-07-19T06:43:29.540140Z,2,3,A,Friday,1,08:45,09:35,Computer Organization,IT3302,Prof. G. Ramesh,C345,IT Block,3,Lecture,,,All,
6eb21a8a-ef37-4793-819b-eeeef74d9be8,IT,2021,2026-2027,1.2,2026-07-19T06:43:29.540140Z,2,3,A,Friday,2,09:35,10:25,Data Structures,IT3301,Dr. S. Rajan,C271,IT Block,3,Lecture,,,All,
b5fb9c26-d61d-406e-9972-a49e58094b8c,IT,2021,2026-2027,1.2,2026-07-19T06:43:29.540140Z,2,3,A,Friday,3,10:45,11:35,Computer Organization,IT3302,Prof. G. Ramesh,C397,IT Block,3,Lecture,,,All,
b8829ae7-8219-4d6c-bc10-c73c12306e17,IT,2021,2026-2027,1.2,2026-07-19T06:43:29.540140Z,2,3,A,Friday,4,11:35,12:25,Computer Organization,IT3302,Prof. G. Ramesh,C385,IT Block,3,Lecture,,,All,
d7dff7ce-cc01-4a02-a487-6dcb60798639,IT,2021,2026-2027,1.2,2026-07-19T06:43:29.540140Z,2,3,A,Friday,5,13:15,14:05,Data Structures,IT3301,Dr. S. Rajan,C292,IT Block,3,Lecture,,,All,
c96bdd84-797d-42d2-9ceb-b2663788e3ee,IT,2021,2026-2027,1.2,2026-07-19T06:43:29.540140Z,2,3,A,Friday,6,14:05,14:55,Object Oriented Programming,IT3352,Dr. S. Karthik,C294,IT Block,3,Lecture,,,All,
81a08f6b-3a36-40b1-9e52-f527c5cc1ac8,IT,2021,2026-2027,1.2,2026-07-19T06:43:29.540140Z,2,3,A,Friday,7,14:55,15:45,Object Oriented Programming,IT3352,Dr. S. Karthik,C181,IT Block,3,Lecture,,,All,
1fd5710b-81b6-49b2-8925-23d22227e418,IT,2021,2026-2027,1.2,2026-07-19T06:43:29.540140Z,2,3,A,Saturday,1,08:45,09:35,Web Essentials,IT3351,Dr. R. Venkatesh,C286,IT Block,3,Lecture,,,All,
f23e2ceb-e717-456e-b03c-3e09624dd6c1,IT,2021,2026-2027,1.2,2026-07-19T06:43:29.540140Z,2,3,A,Saturday,2,09:35,10:25,Object Oriented Programming,IT3352,Dr. S. Karthik,C263,IT Block,3,Lecture,,,All,
3d3b294d-6c3e-4be8-9437-f20edbcb3af3,IT,2021,2026-2027,1.2,2026-07-19T06:43:29.540140Z,2,3,A,Saturday,3,10:45,11:35,Computer Organization,IT3302,Prof. G. Ramesh,C131,IT Block,3,Lecture,,,All,
dddd7620-516c-4360-ac84-9cc10b8edf38,IT,2021,2026-2027,1.2,2026-07-19T06:43:29.540140Z,2,3,A,Saturday,4,11:35,12:25,Web Essentials,IT3351,Dr. R. Venkatesh,C246,IT Block,3,Lecture,,,All,
aa4c7f9b-69ee-429c-887f-844cae61c3b3,IT,2021,2026-2027,1.2,2026-07-19T06:43:29.540140Z,2,3,A,Saturday,5,13:15,14:05,Data Structures Laboratory,IT3311,Dr. R. Ramesh,Lab-10,IT Block,2,Lab,Lab-10,,All,
3ca67965-6576-489c-8214-a8c0420f849c,IT,2021,2026-2027,1.2,2026-07-19T06:43:29.540140Z,2,3,A,Saturday,6,14:05,14:55,Data Structures Laboratory,IT3311,Dr. R. Ramesh,Lab-10,IT Block,2,Lab,Lab-10,,All,
d45d10a8-0797-41bd-a5ac-83f71a0e15ea,IT,2021,2026-2027,1.2,2026-07-19T06:43:29.540140Z,2,3,A,Saturday,7,14:55,15:45,Data Structures Laboratory,IT3311,Dr. R. Ramesh,Lab-10,IT Block,2,Lab,Lab-10,,All,
ccc9f2eb-a778-4fc7-899d-7c5b770d52db,IT,2021,2026-2027,1.2,2026-07-19T06:43:29.540140Z,2,3,B,Monday,1,08:45,09:35,Computer Organization,IT3302,Dr. M. Venkatesh,C195,IT Block,3,Lecture,,,All,
ff268aef-cb97-4ed6-bec5-b50711d6ac6e,IT,2021,2026-2027,1.2,2026-07-19T06:43:29.540140Z,2,3,B,Monday,2,09:35,10:25,Computer Organization,IT3302,Dr. M. Venkatesh,C379,IT Block,3,Lecture,,,All,
746e89a5-7187-4a7b-92a7-0d0b8aec4771,IT,2021,2026-2027,1.2,2026-07-19T06:43:29.540140Z,2,3,B,Monday,3,10:45,11:35,Data Structures,IT3301,Dr. S. Rajan,C134,IT Block,3,Lecture,,,All,
b03a13d4-44cb-4c68-a944-6a8853bb0e6b,IT,2021,2026-2027,1.2,2026-07-19T06:43:29.540140Z,2,3,B,Monday,4,11:35,12:25,Computer Organization,IT3302,Dr. M. Venkatesh,C372,IT Block,3,Lecture,,,All,
da0f06d3-08b0-4487-946f-dcea4c7c9da0,IT,2021,2026-2027,1.2,2026-07-19T06:43:29.540140Z,2,3,B,Monday,5,13:15,14:05,Object Oriented Programming,IT3352,Prof. A. Kumar,C351,IT Block,3,Lecture,,,All,
09244f32-c191-4acb-a781-259c77a6314f,IT,2021,2026-2027,1.2,2026-07-19T06:43:29.540140Z,2,3,B,Monday,6,14:05,14:55,Data Structures,IT3301,Dr. S. Rajan,C162,IT Block,3,Lecture,,,All,
3a5b3bb7-a378-4893-86e9-cfb03c424fa1,IT,2021,2026-2027,1.2,2026-07-19T06:43:29.540140Z,2,3,B,Monday,7,14:55,15:45,Data Structures,IT3301,Dr. S. Rajan,C143,IT Block,3,Lecture,,,All,
2bb267e1-53c0-478f-ad68-929a17bb4b81,IT,2021,2026-2027,1.2,2026-07-19T06:43:29.540140Z,2,3,B,Tuesday,1,08:45,09:35,Data Structures,IT3301,Dr. S. Rajan,C229,IT Block,3,Lecture,,,All,
b335f541-124d-445d-a1e5-c92c2327be35,IT,2021,2026-2027,1.2,2026-07-19T06:43:29.540140Z,2,3,B,Tuesday,2,09:35,10:25,Object Oriented Programming,IT3352,Prof. A. Kumar,C356,IT Block,3,Lecture,,,All,
826deea0-abeb-4530-ac36-93108b1ba672,IT,2021,2026-2027,1.2,2026-07-19T06:43:29.540140Z,2,3,B,Tuesday,3,10:45,11:35,Computer Organization,IT3302,Dr. M. Venkatesh,C379,IT Block,3,Lecture,,,All,
4349d898-c7ac-4e84-b92b-5b9495b49428,IT,2021,2026-2027,1.2,2026-07-19T06:43:29.540140Z,2,3,B,Tuesday,4,11:35,12:25,Object Oriented Programming,IT3352,Prof. A. Kumar,C225,IT Block,3,Lecture,,,All,
c03a08c3-1bc1-439a-97df-c6da2dd98ca6,IT,2021,2026-2027,1.2,2026-07-19T06:43:29.540140Z,2,3,B,Tuesday,5,13:15,14:05,Data Structures Laboratory,IT3311,Prof. A. Rajan,Lab-3,IT Block,2,Lab,Lab-3,,All,
2b95485f-8950-4ed5-954e-2fa5d53b5426,IT,2021,2026-2027,1.2,2026-07-19T06:43:29.540140Z,2,3,B,Tuesday,6,14:05,14:55,Data Structures Laboratory,IT3311,Prof. A. Rajan,Lab-3,IT Block,2,Lab,Lab-3,,All,
7297701d-a165-4783-b9e8-856de392b34f,IT,2021,2026-2027,1.2,2026-07-19T06:43:29.540140Z,2,3,B,Tuesday,7,14:55,15:45,Data Structures Laboratory,IT3311,Prof. A. Rajan,Lab-3,IT Block,2,Lab,Lab-3,,All,
32d27782-2e56-478e-b19a-97b147736994,IT,2021,2026-2027,1.2,2026-07-19T06:43:29.540140Z,2,3,B,Wednesday,1,08:45,09:35,Computer Organization,IT3302,Dr. M. Venkatesh,C347,IT Block,3,Lecture,,,All,
077764db-28fa-4571-aac2-00a95ee40693,IT,2021,2026-2027,1.2,2026-07-19T06:43:29.540140Z,2,3,B,Wednesday,2,09:35,10:25,Object Oriented Programming,IT3352,Prof. A. Kumar,C199,IT Block,3,Lecture,,,All,
345d6dbe-79dc-4bc3-a499-f0c09b39e009,IT,2021,2026-2027,1.2,2026-07-19T06:43:29.540140Z,2,3,B,Wednesday,3,10:45,11:35,Web Essentials,IT3351,Prof. A. Kumar,C316,IT Block,3,Lecture,,,All,
b9e7a287-3191-4ef7-9eec-f3e8a4207371,IT,2021,2026-2027,1.2,2026-07-19T06:43:29.540140Z,2,3,B,Wednesday,4,11:35,12:25,Object Oriented Programming,IT3352,Prof. A. Kumar,C310,IT Block,3,Lecture,,,All,
5374b2e2-ff27-4476-8bbb-782cc2d0a995,IT,2021,2026-2027,1.2,2026-07-19T06:43:29.540140Z,2,3,B,Wednesday,5,13:15,14:05,Data Structures,IT3301,Dr. S. Rajan,C299,IT Block,3,Lecture,,,All,
a9b185a6-e8fe-42a6-a15c-718f51f5016d,IT,2021,2026-2027,1.2,2026-07-19T06:43:29.540140Z,2,3,B,Wednesday,6,14:05,14:55,Data Structures,IT3301,Dr. S. Rajan,C119,IT Block,3,Lecture,,,All,
92e48c73-3631-41b9-9f19-8f3a2b02e565,IT,2021,2026-2027,1.2,2026-07-19T06:43:29.540140Z,2,3,B,Wednesday,7,14:55,15:45,Object Oriented Programming,IT3352,Prof. A. Kumar,C112,IT Block,3,Lecture,,,All,
60a60ffc-e15d-4b82-9e89-27969f86f8df,IT,2021,2026-2027,1.2,2026-07-19T06:43:29.540140Z,2,3,B,Thursday,1,08:45,09:35,Object Oriented Programming,IT3352,Prof. A. Kumar,C263,IT Block,3,Lecture,,,All,
d4a99f10-f14c-4a37-9c4d-6f0249fa55d0,IT,2021,2026-2027,1.2,2026-07-19T06:43:29.540140Z,2,3,B,Thursday,2,09:35,10:25,Data Structures,IT3301,Dr. S. Rajan,C346,IT Block,3,Lecture,,,All,
d38da414-9f17-4a2c-b824-f87bc779f9ff,IT,2021,2026-2027,1.2,2026-07-19T06:43:29.540140Z,2,3,B,Thursday,3,10:45,11:35,Object Oriented Programming,IT3352,Prof. A. Kumar,C238,IT Block,3,Lecture,,,All,
d62b97cf-bc10-4795-a4d7-85317b01d450,IT,2021,2026-2027,1.2,2026-07-19T06:43:29.540140Z,2,3,B,Thursday,4,11:35,12:25,Computer Organization,IT3302,Dr. M. Venkatesh,C253,IT Block,3,Lecture,,,All,
a66674ce-8e27-4f13-8580-ee974c48d60f,IT,2021,2026-2027,1.2,2026-07-19T06:43:29.540140Z,2,3,B,Thursday,5,13:15,14:05,Data Structures Laboratory,IT3311,Prof. A. Rajan,Lab-10,IT Block,2,Lab,Lab-10,,All,
a5547f80-65c4-4c2e-994a-6f6bb62fc88a,IT,2021,2026-2027,1.2,2026-07-19T06:43:29.540140Z,2,3,B,Thursday,6,14:05,14:55,Data Structures Laboratory,IT3311,Prof. A. Rajan,Lab-10,IT Block,2,Lab,Lab-10,,All,
48dddd51-4df4-4d21-b760-913cc3cf08e9,IT,2021,2026-2027,1.2,2026-07-19T06:43:29.540140Z,2,3,B,Thursday,7,14:55,15:45,Data Structures Laboratory,IT3311,Prof. A. Rajan,Lab-10,IT Block,2,Lab,Lab-10,,All,
2e95a316-07b9-433a-a264-9e8ff9519cc2,IT,2021,2026-2027,1.2,2026-07-19T06:43:29.540140Z,2,3,B,Friday,1,08:45,09:35,Web Essentials,IT3351,Prof. A. Kumar,C347,IT Block,3,Lecture,,,All,
eb8fb5b2-927d-46c3-a3d8-45692a8827fd,IT,2021,2026-2027,1.2,2026-07-19T06:43:29.540140Z,2,3,B,Friday,2,09:35,10:25,Computer Organization,IT3302,Dr. M. Venkatesh,C240,IT Block,3,Lecture,,,All,
2045d2aa-869e-493a-ba89-da58370db43d,IT,2021,2026-2027,1.2,2026-07-19T06:43:29.540140Z,2,3,B,Friday,3,10:45,11:35,Object Oriented Programming,IT3352,Prof. A. Kumar,C195,IT Block,3,Lecture,,,All,
26aef031-7c89-4f4f-87a9-bb752ff3685c,IT,2021,2026-2027,1.2,2026-07-19T06:43:29.540140Z,2,3,B,Friday,4,11:35,12:25,Web Essentials,IT3351,Prof. A. Kumar,C179,IT Block,3,Lecture,,,All,
a2ebb331-be55-44d4-9252-f1ea0bb3b8c2,IT,2021,2026-2027,1.2,2026-07-19T06:43:29.540140Z,2,3,B,Friday,5,13:15,14:05,Object Oriented Programming,IT3352,Prof. A. Kumar,C148,IT Block,3,Lecture,,,All,
9056d47b-e790-4e28-a3ce-013327cbef82,IT,2021,2026-2027,1.2,2026-07-19T06:43:29.540140Z,2,3,B,Friday,6,14:05,14:55,Object Oriented Programming,IT3352,Prof. A. Kumar,C112,IT Block,3,Lecture,,,All,
09dc5d18-d6c4-44b5-bad5-44dd8dc24757,IT,2021,2026-2027,1.2,2026-07-19T06:43:29.540140Z,2,3,B,Friday,7,14:55,15:45,Computer Organization,IT3302,Dr. M. Venkatesh,C396,IT Block,3,Lecture,,,All,
69f22f9e-28ee-4542-8a1f-c8ba5231778f,IT,2021,2026-2027,1.2,2026-07-19T06:43:29.540140Z,2,3,B,Saturday,1,08:45,09:35,Web Essentials,IT3351,Prof. A. Kumar,C140,IT Block,3,Lecture,,,All,
6e69d79f-cc10-48cb-84e0-e169088fb553,IT,2021,2026-2027,1.2,2026-07-19T06:43:29.540140Z,2,3,B,Saturday,2,09:35,10:25,Computer Organization,IT3302,Dr. M. Venkatesh,C136,IT Block,3,Lecture,,,All,
902f4e15-f9f3-4b61-ab54-f0321838666f,IT,2021,2026-2027,1.2,2026-07-19T06:43:29.540140Z,2,3,B,Saturday,3,10:45,11:35,Object Oriented Programming,IT3352,Prof. A. Kumar,C391,IT Block,3,Lecture,,,All,
b1ae686d-97df-4f81-9097-3395dd364d88,IT,2021,2026-2027,1.2,2026-07-19T06:43:29.540140Z,2,3,B,Saturday,4,11:35,12:25,Computer Organization,IT3302,Dr. M. Venkatesh,C160,IT Block,3,Lecture,,,All,
9f3270d2-9c2a-413f-a1e3-748da18b11ec,IT,2021,2026-2027,1.2,2026-07-19T06:43:29.540140Z,2,3,B,Saturday,5,13:15,14:05,Data Structures Laboratory,IT3311,Prof. A. Rajan,Lab-3,IT Block,2,Lab,Lab-3,,All,
ebcf0c59-b252-46e5-a522-240cf44ce16c,IT,2021,2026-2027,1.2,2026-07-19T06:43:29.540140Z,2,3,B,Saturday,6,14:05,14:55,Data Structures Laboratory,IT3311,Prof. A. Rajan,Lab-3,IT Block,2,Lab,Lab-3,,All,
26259506-c21e-4413-ac80-332a3b41c1ce,IT,2021,2026-2027,1.2,2026-07-19T06:43:29.540140Z,2,3,B,Saturday,7,14:55,15:45,Data Structures Laboratory,IT3311,Prof. A. Rajan,Lab-3,IT Block,2,Lab,Lab-3,,All,
fae51f57-af33-4a3d-9f15-9927b55be21c,IT,2021,2026-2027,1.2,2026-07-19T06:43:29.540140Z,3,5,A,Monday,1,08:45,09:35,Software Testing,IT3503,Prof. G. Karthik,C248,IT Block,3,Lecture,,,All,
21f24a58-5a1f-43a1-a230-b8e5325379ee,IT,2021,2026-2027,1.2,2026-07-19T06:43:29.540140Z,3,5,A,Monday,2,09:35,10:25,Software Testing,IT3503,Prof. G. Karthik,C157,IT Block,3,Lecture,,,All,
d70cc60e-1c39-4990-9748-f5584855c13d,IT,2021,2026-2027,1.2,2026-07-19T06:43:29.540140Z,3,5,A,Monday,3,10:45,11:35,Software Testing,IT3503,Prof. G. Karthik,C389,IT Block,3,Lecture,,,All,
86935715-b403-4985-bfd7-e23f4dec0af4,IT,2021,2026-2027,1.2,2026-07-19T06:43:29.540140Z,3,5,A,Monday,4,11:35,12:25,Web Technology,IT3501,Dr. K. Natarajan,C257,IT Block,3,Lecture,,,All,
fcfd1f88-650b-484f-880a-a39a48233634,IT,2021,2026-2027,1.2,2026-07-19T06:43:29.540140Z,3,5,A,Monday,5,13:15,14:05,Web Technology,IT3501,Dr. K. Natarajan,C229,IT Block,3,Lecture,,,All,
62ac1c01-465d-4e1f-891a-2958c10a5f91,IT,2021,2026-2027,1.2,2026-07-19T06:43:29.540140Z,3,5,A,Monday,6,14:05,14:55,Web Technology,IT3501,Dr. K. Natarajan,C306,IT Block,3,Lecture,,,All,
d0fac1db-9fa5-44e1-8a01-03626c1d7800,IT,2021,2026-2027,1.2,2026-07-19T06:43:29.540140Z,3,5,A,Monday,7,14:55,15:45,Software Testing,IT3503,Prof. G. Karthik,C230,IT Block,3,Lecture,,,All,
19dc550a-ed6d-4b61-bf3f-151a9d140b2d,IT,2021,2026-2027,1.2,2026-07-19T06:43:29.540140Z,3,5,A,Tuesday,1,08:45,09:35,Web Technology,IT3501,Dr. K. Natarajan,C141,IT Block,3,Lecture,,,All,
d5fe0cc9-e629-4605-b85d-339158630ea1,IT,2021,2026-2027,1.2,2026-07-19T06:43:29.540140Z,3,5,A,Tuesday,2,09:35,10:25,Computer Networks,IT3551,Dr. S. Ramesh,C276,IT Block,4,Lecture,,,All,
98946702-22fa-4736-ad24-6b3a62899f00,IT,2021,2026-2027,1.2,2026-07-19T06:43:29.540140Z,3,5,A,Tuesday,3,10:45,11:35,Computer Networks,IT3551,Dr. S. Ramesh,C389,IT Block,4,Lecture,,,All,
e6a86fbb-743a-4a31-865a-7cf178776d26,IT,2021,2026-2027,1.2,2026-07-19T06:43:29.540140Z,3,5,A,Tuesday,4,11:35,12:25,Web Technology,IT3501,Dr. K. Natarajan,C157,IT Block,3,Lecture,,,All,
c5fb2b1f-1190-4d46-a20e-58c1b7bae1b1,IT,2021,2026-2027,1.2,2026-07-19T06:43:29.540140Z,3,5,A,Tuesday,5,13:15,14:05,Web Technology Laboratory,IT3511,Dr. M. Krishnan,Lab-5,IT Block,2,Lab,Lab-5,,All,
fdf33f08-828f-4719-9240-0d8d77ff6f87,IT,2021,2026-2027,1.2,2026-07-19T06:43:29.540140Z,3,5,A,Tuesday,6,14:05,14:55,Web Technology Laboratory,IT3511,Dr. M. Krishnan,Lab-5,IT Block,2,Lab,Lab-5,,All,
22e74cf1-c56a-442f-8c93-666798ee208e,IT,2021,2026-2027,1.2,2026-07-19T06:43:29.540140Z,3,5,A,Tuesday,7,14:55,15:45,Web Technology Laboratory,IT3511,Dr. M. Krishnan,Lab-5,IT Block,2,Lab,Lab-5,,All,
95b398ee-7a2b-4c55-9056-950ce2645850,IT,2021,2026-2027,1.2,2026-07-19T06:43:29.540140Z,3,5,A,Wednesday,1,08:45,09:35,Web Technology,IT3501,Dr. K. Natarajan,C336,IT Block,3,Lecture,,,All,
7f11258c-c1e6-41d0-a244-402ed9cef71c,IT,2021,2026-2027,1.2,2026-07-19T06:43:29.540140Z,3,5,A,Wednesday,2,09:35,10:25,Service Oriented Architecture,IT3502,Dr. M. Srinivasan,C227,IT Block,3,Lecture,,,All,
91f5472f-b6d1-4a79-9eca-f1df8115a022,IT,2021,2026-2027,1.2,2026-07-19T06:43:29.540140Z,3,5,A,Wednesday,3,10:45,11:35,Web Technology,IT3501,Dr. K. Natarajan,C238,IT Block,3,Lecture,,,All,
c09ee04c-a638-4190-849e-3a6225890a02,IT,2021,2026-2027,1.2,2026-07-19T06:43:29.540140Z,3,5,A,Wednesday,4,11:35,12:25,Service Oriented Architecture,IT3502,Dr. M. Srinivasan,C163,IT Block,3,Lecture,,,All,
ede1681f-3936-471a-9ba4-cf51478b5225,IT,2021,2026-2027,1.2,2026-07-19T06:43:29.540140Z,3,5,A,Wednesday,5,13:15,14:05,Computer Networks,IT3551,Dr. S. Ramesh,C165,IT Block,4,Lecture,,,All,
a9f8ead0-3095-426b-b51c-bd8e170b9c7a,IT,2021,2026-2027,1.2,2026-07-19T06:43:29.540140Z,3,5,A,Wednesday,6,14:05,14:55,Software Testing,IT3503,Prof. G. Karthik,C330,IT Block,3,Lecture,,,All,
451e04dc-ffdd-4d04-91b8-d5e49de0c1e4,IT,2021,2026-2027,1.2,2026-07-19T06:43:29.540140Z,3,5,A,Wednesday,7,14:55,15:45,Computer Networks,IT3551,Dr. S. Ramesh,C233,IT Block,4,Lecture,,,All,
5bb616fe-5c53-4cee-9c65-1631b50c0f60,IT,2021,2026-2027,1.2,2026-07-19T06:43:29.540140Z,3,5,A,Thursday,1,08:45,09:35,Software Testing,IT3503,Prof. G. Karthik,C173,IT Block,3,Lecture,,,All,
076d5bd7-49ef-4d7a-8609-4177541e66f4,IT,2021,2026-2027,1.2,2026-07-19T06:43:29.540140Z,3,5,A,Thursday,2,09:35,10:25,Web Technology,IT3501,Dr. K. Natarajan,C292,IT Block,3,Lecture,,,All,
9ca8861f-c100-4994-85f3-332759e78960,IT,2021,2026-2027,1.2,2026-07-19T06:43:29.540140Z,3,5,A,Thursday,3,10:45,11:35,Computer Networks,IT3551,Dr. S. Ramesh,C236,IT Block,4,Lecture,,,All,
c1357f81-020a-4c42-b358-4cd8f2d96a54,IT,2021,2026-2027,1.2,2026-07-19T06:43:29.540140Z,3,5,A,Thursday,4,11:35,12:25,Web Technology,IT3501,Dr. K. Natarajan,C180,IT Block,3,Lecture,,,All,
5af73ba5-c29d-44eb-a706-0948156493ea,IT,2021,2026-2027,1.2,2026-07-19T06:43:29.540140Z,3,5,A,Thursday,5,13:15,14:05,Web Technology Laboratory,IT3511,Dr. M. Krishnan,Lab-6,IT Block,2,Lab,Lab-6,,All,
57028aa7-c46d-4209-b9ee-b75f7868ed5a,IT,2021,2026-2027,1.2,2026-07-19T06:43:29.540140Z,3,5,A,Thursday,6,14:05,14:55,Web Technology Laboratory,IT3511,Dr. M. Krishnan,Lab-6,IT Block,2,Lab,Lab-6,,All,
19280f6b-d330-45f9-8c82-cec9c1bf5a82,IT,2021,2026-2027,1.2,2026-07-19T06:43:29.540140Z,3,5,A,Thursday,7,14:55,15:45,Web Technology Laboratory,IT3511,Dr. M. Krishnan,Lab-6,IT Block,2,Lab,Lab-6,,All,
edfacd6e-763b-4e3d-b794-cd6222bfda6a,IT,2021,2026-2027,1.2,2026-07-19T06:43:29.540140Z,3,5,A,Friday,1,08:45,09:35,Service Oriented Architecture,IT3502,Dr. M. Srinivasan,C116,IT Block,3,Lecture,,,All,
9de0decf-0fe5-41cb-9362-ba616eb4658e,IT,2021,2026-2027,1.2,2026-07-19T06:43:29.540140Z,3,5,A,Friday,2,09:35,10:25,Computer Networks,IT3551,Dr. S. Ramesh,C186,IT Block,4,Lecture,,,All,
4751d793-523c-4282-8fc2-37f205d31aa7,IT,2021,2026-2027,1.2,2026-07-19T06:43:29.540140Z,3,5,A,Friday,3,10:45,11:35,Software Testing,IT3503,Prof. G. Karthik,C155,IT Block,3,Lecture,,,All,
976e84bd-96f0-4265-9c7f-1b437d3ca530,IT,2021,2026-2027,1.2,2026-07-19T06:43:29.540140Z,3,5,A,Friday,4,11:35,12:25,Service Oriented Architecture,IT3502,Dr. M. Srinivasan,C378,IT Block,3,Lecture,,,All,
59ccdefe-6934-4766-a7fa-7fa340e8087a,IT,2021,2026-2027,1.2,2026-07-19T06:43:29.540140Z,3,5,A,Friday,5,13:15,14:05,Web Technology,IT3501,Dr. K. Natarajan,C265,IT Block,3,Lecture,,,All,
2ea252a9-bd8b-4acd-b736-251af94a4356,IT,2021,2026-2027,1.2,2026-07-19T06:43:29.540140Z,3,5,A,Friday,6,14:05,14:55,Software Testing,IT3503,Prof. G. Karthik,C182,IT Block,3,Lecture,,,All,
ce6c2c4f-dbd2-447f-8ecf-b12d9d727125,IT,2021,2026-2027,1.2,2026-07-19T06:43:29.540140Z,3,5,A,Friday,7,14:55,15:45,Web Technology,IT3501,Dr. K. Natarajan,C326,IT Block,3,Lecture,,,All,
8db05787-8dba-488c-99e4-9b7ca32128dc,IT,2021,2026-2027,1.2,2026-07-19T06:43:29.540140Z,3,5,A,Saturday,1,08:45,09:35,Service Oriented Architecture,IT3502,Dr. M. Srinivasan,C318,IT Block,3,Lecture,,,All,
fd54d117-7c8c-4687-8ec6-f3c62a4aff10,IT,2021,2026-2027,1.2,2026-07-19T06:43:29.540140Z,3,5,A,Saturday,2,09:35,10:25,Software Testing,IT3503,Prof. G. Karthik,C323,IT Block,3,Lecture,,,All,
47e3fbe4-1f95-44d5-8d03-0c0a49556644,IT,2021,2026-2027,1.2,2026-07-19T06:43:29.540140Z,3,5,A,Saturday,3,10:45,11:35,Web Technology,IT3501,Dr. K. Natarajan,C263,IT Block,3,Lecture,,,All,
b24d6b64-3f23-4ec9-b5b8-4f863bd06e3e,IT,2021,2026-2027,1.2,2026-07-19T06:43:29.540140Z,3,5,A,Saturday,4,11:35,12:25,Software Testing,IT3503,Prof. G. Karthik,C344,IT Block,3,Lecture,,,All,
79959b5e-40fc-41ca-96e8-eec28348e0aa,IT,2021,2026-2027,1.2,2026-07-19T06:43:29.540140Z,3,5,A,Saturday,5,13:15,14:05,Web Technology Laboratory,IT3511,Dr. M. Krishnan,Lab-1,IT Block,2,Lab,Lab-1,,All,
dc96282a-a130-436c-b56f-66595420f54c,IT,2021,2026-2027,1.2,2026-07-19T06:43:29.540140Z,3,5,A,Saturday,6,14:05,14:55,Web Technology Laboratory,IT3511,Dr. M. Krishnan,Lab-1,IT Block,2,Lab,Lab-1,,All,
629efecb-02cb-410d-896a-212c3abaa025,IT,2021,2026-2027,1.2,2026-07-19T06:43:29.540140Z,3,5,A,Saturday,7,14:55,15:45,Web Technology Laboratory,IT3511,Dr. M. Krishnan,Lab-1,IT Block,2,Lab,Lab-1,,All,
063e5644-0a68-4d51-a0a6-c3b7ed574943,IT,2021,2026-2027,1.2,2026-07-19T06:43:29.540140Z,3,5,B,Monday,1,08:45,09:35,Software Testing,IT3503,Prof. G. Ramesh,C240,IT Block,3,Lecture,,,All,
ac4dca98-e601-4247-87cf-6ccbed40f5c4,IT,2021,2026-2027,1.2,2026-07-19T06:43:29.540140Z,3,5,B,Monday,2,09:35,10:25,Service Oriented Architecture,IT3502,Prof. G. Kumar,C211,IT Block,3,Lecture,,,All,
caa4baa4-1029-4081-ab8b-9d20c8981563,IT,2021,2026-2027,1.2,2026-07-19T06:43:29.540140Z,3,5,B,Monday,3,10:45,11:35,Service Oriented Architecture,IT3502,Prof. G. Kumar,C237,IT Block,3,Lecture,,,All,
b5fb6f1d-b92c-4de2-8a68-8b32a6840f18,IT,2021,2026-2027,1.2,2026-07-19T06:43:29.540140Z,3,5,B,Monday,4,11:35,12:25,Service Oriented Architecture,IT3502,Prof. G. Kumar,C237,IT Block,3,Lecture,,,All,
7d4ae585-b835-40d4-832b-e5e8f8d15041,IT,2021,2026-2027,1.2,2026-07-19T06:43:29.540140Z,3,5,B,Monday,5,13:15,14:05,Software Testing,IT3503,Prof. G. Ramesh,C251,IT Block,3,Lecture,,,All,
20584396-2336-4028-8c70-c5173515aab2,IT,2021,2026-2027,1.2,2026-07-19T06:43:29.540140Z,3,5,B,Monday,6,14:05,14:55,Software Testing,IT3503,Prof. G. Ramesh,C403,IT Block,3,Lecture,,,All,
df309dab-9f5d-4d4b-aab5-4e6b7ec089d1,IT,2021,2026-2027,1.2,2026-07-19T06:43:29.540140Z,3,5,B,Monday,7,14:55,15:45,Software Testing,IT3503,Prof. G. Ramesh,C359,IT Block,3,Lecture,,,All,
f29083fa-a976-4e02-a665-44d3edcd3267,IT,2021,2026-2027,1.2,2026-07-19T06:43:29.540140Z,3,5,B,Tuesday,1,08:45,09:35,Software Testing,IT3503,Prof. G. Ramesh,C318,IT Block,3,Lecture,,,All,
1dc84efd-bffa-4eea-9f4d-0913b8c50b4e,IT,2021,2026-2027,1.2,2026-07-19T06:43:29.540140Z,3,5,B,Tuesday,2,09:35,10:25,Service Oriented Architecture,IT3502,Prof. G. Kumar,C147,IT Block,3,Lecture,,,All,
b76d94b8-9dd7-4ac0-a1f5-ae5eea795445,IT,2021,2026-2027,1.2,2026-07-19T06:43:29.540140Z,3,5,B,Tuesday,3,10:45,11:35,Service Oriented Architecture,IT3502,Prof. G. Kumar,C294,IT Block,3,Lecture,,,All,
89d8d367-427c-44e4-8dc4-9f8e6e72b436,IT,2021,2026-2027,1.2,2026-07-19T06:43:29.540140Z,3,5,B,Tuesday,4,11:35,12:25,Computer Networks,IT3551,Prof. G. Karthik,C174,IT Block,4,Lecture,,,All,
9564ef67-7d06-4073-8227-d92b8c64b7f0,IT,2021,2026-2027,1.2,2026-07-19T06:43:29.540140Z,3,5,B,Tuesday,5,13:15,14:05,Web Technology Laboratory,IT3511,Dr. P. Rajan,Lab-2,IT Block,2,Lab,Lab-2,,All,
d396b207-9b0a-4227-90b8-9462f2f3441e,IT,2021,2026-2027,1.2,2026-07-19T06:43:29.540140Z,3,5,B,Tuesday,6,14:05,14:55,Web Technology Laboratory,IT3511,Dr. P. Rajan,Lab-2,IT Block,2,Lab,Lab-2,,All,
956fac78-847e-4cad-a570-e9e506ab4e97,IT,2021,2026-2027,1.2,2026-07-19T06:43:29.540140Z,3,5,B,Tuesday,7,14:55,15:45,Web Technology Laboratory,IT3511,Dr. P. Rajan,Lab-2,IT Block,2,Lab,Lab-2,,All,
2a91018f-7dc3-43ed-b99c-642344849697,IT,2021,2026-2027,1.2,2026-07-19T06:43:29.540140Z,3,5,B,Wednesday,1,08:45,09:35,Computer Networks,IT3551,Prof. G. Karthik,C312,IT Block,4,Lecture,,,All,
3c47264d-348a-4b31-9b3d-0b7b26a6c91b,IT,2021,2026-2027,1.2,2026-07-19T06:43:29.540140Z,3,5,B,Wednesday,2,09:35,10:25,Web Technology,IT3501,Dr. K. Karthik,C329,IT Block,3,Lecture,,,All,
37c2302c-fb49-48dd-add4-381c62b7282c,IT,2021,2026-2027,1.2,2026-07-19T06:43:29.540140Z,3,5,B,Wednesday,3,10:45,11:35,Computer Networks,IT3551,Prof. G. Karthik,C347,IT Block,4,Lecture,,,All,
917d3ec7-bceb-47a4-9f5a-6dde301760b7,IT,2021,2026-2027,1.2,2026-07-19T06:43:29.540140Z,3,5,B,Wednesday,4,11:35,12:25,Software Testing,IT3503,Prof. G. Ramesh,C381,IT Block,3,Lecture,,,All,
4eec3c6f-ac13-44de-a7a9-d5085170e72a,IT,2021,2026-2027,1.2,2026-07-19T06:43:29.540140Z,3,5,B,Wednesday,5,13:15,14:05,Service Oriented Architecture,IT3502,Prof. G. Kumar,C176,IT Block,3,Lecture,,,All,
49dcda95-f8de-4eb4-bca9-e2d7f2c3c993,IT,2021,2026-2027,1.2,2026-07-19T06:43:29.540140Z,3,5,B,Wednesday,6,14:05,14:55,Computer Networks,IT3551,Prof. G. Karthik,C310,IT Block,4,Lecture,,,All,
08ba8fd9-4bd5-4dd8-b9c0-363b39b5deed,IT,2021,2026-2027,1.2,2026-07-19T06:43:29.540140Z,3,5,B,Wednesday,7,14:55,15:45,Service Oriented Architecture,IT3502,Prof. G. Kumar,C252,IT Block,3,Lecture,,,All,
3f20cd7b-dcae-4b43-ad02-3869ad395643,IT,2021,2026-2027,1.2,2026-07-19T06:43:29.540140Z,3,5,B,Thursday,1,08:45,09:35,Software Testing,IT3503,Prof. G. Ramesh,C166,IT Block,3,Lecture,,,All,
a5e180c3-26ad-4535-bb44-5d43ef5f92df,IT,2021,2026-2027,1.2,2026-07-19T06:43:29.540140Z,3,5,B,Thursday,2,09:35,10:25,Service Oriented Architecture,IT3502,Prof. G. Kumar,C401,IT Block,3,Lecture,,,All,
600cf188-ecfa-49db-9106-ebb740b8c760,IT,2021,2026-2027,1.2,2026-07-19T06:43:29.540140Z,3,5,B,Thursday,3,10:45,11:35,Web Technology,IT3501,Dr. K. Karthik,C348,IT Block,3,Lecture,,,All,
ab2a32d4-435b-46bd-9ce6-2f6ed4783152,IT,2021,2026-2027,1.2,2026-07-19T06:43:29.540140Z,3,5,B,Thursday,4,11:35,12:25,Computer Networks,IT3551,Prof. G. Karthik,C320,IT Block,4,Lecture,,,All,
49259e03-0761-4940-940e-d4b9f15b9add,IT,2021,2026-2027,1.2,2026-07-19T06:43:29.540140Z,3,5,B,Thursday,5,13:15,14:05,Web Technology Laboratory,IT3511,Dr. P. Rajan,Lab-1,IT Block,2,Lab,Lab-1,,All,
28ffa9b4-5d58-4307-91ec-51eb9a3b7ee1,IT,2021,2026-2027,1.2,2026-07-19T06:43:29.540140Z,3,5,B,Thursday,6,14:05,14:55,Web Technology Laboratory,IT3511,Dr. P. Rajan,Lab-1,IT Block,2,Lab,Lab-1,,All,
2c54e781-ddc0-4fb2-99f4-5381afe11307,IT,2021,2026-2027,1.2,2026-07-19T06:43:29.540140Z,3,5,B,Thursday,7,14:55,15:45,Web Technology Laboratory,IT3511,Dr. P. Rajan,Lab-1,IT Block,2,Lab,Lab-1,,All,
a6b72cd3-b514-46bb-b603-d5ee0363c5b2,IT,2021,2026-2027,1.2,2026-07-19T06:43:29.540140Z,3,5,B,Friday,1,08:45,09:35,Web Technology,IT3501,Dr. K. Karthik,C159,IT Block,3,Lecture,,,All,
dd119e45-10b6-4140-b31b-2bf220a73e36,IT,2021,2026-2027,1.2,2026-07-19T06:43:29.540140Z,3,5,B,Friday,2,09:35,10:25,Web Technology,IT3501,Dr. K. Karthik,C340,IT Block,3,Lecture,,,All,
7ac990cd-f274-4f47-8022-291305a12b26,IT,2021,2026-2027,1.2,2026-07-19T06:43:29.540140Z,3,5,B,Friday,3,10:45,11:35,Service Oriented Architecture,IT3502,Prof. G. Kumar,C206,IT Block,3,Lecture,,,All,
a22bd9b8-2644-4a71-bace-fcb482623484,IT,2021,2026-2027,1.2,2026-07-19T06:43:29.540140Z,3,5,B,Friday,4,11:35,12:25,Computer Networks,IT3551,Prof. G. Karthik,C123,IT Block,4,Lecture,,,All,
25e85069-7da7-494e-a5ca-647e9de04f57,IT,2021,2026-2027,1.2,2026-07-19T06:43:29.540140Z,3,5,B,Friday,5,13:15,14:05,Software Testing,IT3503,Prof. G. Ramesh,C374,IT Block,3,Lecture,,,All,
f270c124-4ee3-4492-839e-fda5b696f093,IT,2021,2026-2027,1.2,2026-07-19T06:43:29.540140Z,3,5,B,Friday,6,14:05,14:55,Service Oriented Architecture,IT3502,Prof. G. Kumar,C232,IT Block,3,Lecture,,,All,
841e2d92-fefd-4592-9f27-c6f66b593962,IT,2021,2026-2027,1.2,2026-07-19T06:43:29.540140Z,3,5,B,Friday,7,14:55,15:45,Software Testing,IT3503,Prof. G. Ramesh,C118,IT Block,3,Lecture,,,All,
e7a1502f-095d-4b0b-bc89-15ffb887605e,IT,2021,2026-2027,1.2,2026-07-19T06:43:29.540140Z,3,5,B,Saturday,1,08:45,09:35,Web Technology,IT3501,Dr. K. Karthik,C165,IT Block,3,Lecture,,,All,
1c3dbb16-d2ca-4181-8f83-61a6ca6141de,IT,2021,2026-2027,1.2,2026-07-19T06:43:29.540140Z,3,5,B,Saturday,2,09:35,10:25,Service Oriented Architecture,IT3502,Prof. G. Kumar,C146,IT Block,3,Lecture,,,All,
48f1473d-9ccd-4a24-b033-d77e9978fd8f,IT,2021,2026-2027,1.2,2026-07-19T06:43:29.540140Z,3,5,B,Saturday,3,10:45,11:35,Service Oriented Architecture,IT3502,Prof. G. Kumar,C248,IT Block,3,Lecture,,,All,
bc69d5f8-6b0d-4339-a171-76c5ee89d0f4,IT,2021,2026-2027,1.2,2026-07-19T06:43:29.540140Z,3,5,B,Saturday,4,11:35,12:25,Web Technology,IT3501,Dr. K. Karthik,C353,IT Block,3,Lecture,,,All,
a2348931-8ea7-4477-8b0b-2e9e9a358d6e,IT,2021,2026-2027,1.2,2026-07-19T06:43:29.540140Z,3,5,B,Saturday,5,13:15,14:05,Web Technology Laboratory,IT3511,Dr. P. Rajan,Lab-6,IT Block,2,Lab,Lab-6,,All,
57f322af-66c2-4323-bb64-c71c5723964e,IT,2021,2026-2027,1.2,2026-07-19T06:43:29.540140Z,3,5,B,Saturday,6,14:05,14:55,Web Technology Laboratory,IT3511,Dr. P. Rajan,Lab-6,IT Block,2,Lab,Lab-6,,All,
10db477e-0f7c-421c-9e48-d7f5f97353b2,IT,2021,2026-2027,1.2,2026-07-19T06:43:29.540140Z,3,5,B,Saturday,7,14:55,15:45,Web Technology Laboratory,IT3511,Dr. P. Rajan,Lab-6,IT Block,2,Lab,Lab-6,,All,
e991ac0e-9036-4309-a034-35055e1b76e7,IT,2021,2026-2027,1.2,2026-07-19T06:43:29.540140Z,4,7,A,Monday,1,08:45,09:35,Human Values and Ethics,IT3791,Dr. K. Krishnan,C214,IT Block,2,Lecture,,,All,
32a8be49-dd1d-4335-b3e3-015ac7b8079f,IT,2021,2026-2027,1.2,2026-07-19T06:43:29.540140Z,4,7,A,Monday,2,09:35,10:25,Human Values and Ethics,IT3791,Dr. K. Krishnan,C200,IT Block,2,Lecture,,,All,
7ade1ba5-9505-4dcc-b604-32344a88fafa,IT,2021,2026-2027,1.2,2026-07-19T06:43:29.540140Z,4,7,A,Monday,3,10:45,11:35,Cyber Security,IT3702,Prof. A. Sundaram,C101,IT Block,3,Lecture,,,All,
12538ee5-a3e6-46a2-8730-644c65f23804,IT,2021,2026-2027,1.2,2026-07-19T06:43:29.540140Z,4,7,A,Monday,4,11:35,12:25,Human Values and Ethics,IT3791,Dr. K. Krishnan,C236,IT Block,2,Lecture,,,All,
64f952a3-ac9e-48c0-93f5-e4dde925ab76,IT,2021,2026-2027,1.2,2026-07-19T06:43:29.540140Z,4,7,A,Monday,5,13:15,14:05,Cloud Computing,IT3701,Dr. P. Natarajan,C295,IT Block,3,Lecture,,,All,
ebe9c3f9-789c-43bf-9f77-a69e53c8c267,IT,2021,2026-2027,1.2,2026-07-19T06:43:29.540140Z,4,7,A,Monday,6,14:05,14:55,Human Values and Ethics,IT3791,Dr. K. Krishnan,C205,IT Block,2,Lecture,,,All,
f4c9103d-6e77-460c-898c-0be9e850c6c1,IT,2021,2026-2027,1.2,2026-07-19T06:43:29.540140Z,4,7,A,Monday,7,14:55,15:45,Project Work,IT3711,Dr. K. Srinivasan,C374,IT Block,2,Mini Project,,,All,
7cff0fa1-29ca-43be-b7af-3792c5da0392,IT,2021,2026-2027,1.2,2026-07-19T06:43:29.540140Z,4,7,A,Tuesday,1,08:45,09:35,Project Work,IT3711,Dr. K. Srinivasan,C192,IT Block,2,Mini Project,,,All,
fd572cf6-69ab-4c0f-b198-25ce39ed100d,IT,2021,2026-2027,1.2,2026-07-19T06:43:29.540140Z,4,7,A,Tuesday,2,09:35,10:25,Project Work,IT3711,Dr. K. Srinivasan,C164,IT Block,2,Mini Project,,,All,
046ec11d-a249-4aa5-80f1-9bef1491516f,IT,2021,2026-2027,1.2,2026-07-19T06:43:29.540140Z,4,7,A,Tuesday,3,10:45,11:35,Cloud Computing,IT3701,Dr. P. Natarajan,C241,IT Block,3,Lecture,,,All,
feea5ae2-d5bb-47c2-a921-a83868fa4c7f,IT,2021,2026-2027,1.2,2026-07-19T06:43:29.540140Z,4,7,A,Tuesday,4,11:35,12:25,Human Values and Ethics,IT3791,Dr. K. Krishnan,C194,IT Block,2,Lecture,,,All,
dd44738d-6eb9-445c-8245-ef14bb8a068b,IT,2021,2026-2027,1.2,2026-07-19T06:43:29.540140Z,4,7,A,Tuesday,5,13:15,14:05,Cloud Laboratory,IT3712,Dr. S. Krishnan,Lab-2,IT Block,2,Lab,Lab-2,,All,
5a1a4bdd-43ae-4a4e-b131-1b7d2cfbd9a4,IT,2021,2026-2027,1.2,2026-07-19T06:43:29.540140Z,4,7,A,Tuesday,6,14:05,14:55,Cloud Laboratory,IT3712,Dr. S. Krishnan,Lab-2,IT Block,2,Lab,Lab-2,,All,
a43be480-6910-4453-8e22-c8c5b72d0315,IT,2021,2026-2027,1.2,2026-07-19T06:43:29.540140Z,4,7,A,Tuesday,7,14:55,15:45,Cloud Laboratory,IT3712,Dr. S. Krishnan,Lab-2,IT Block,2,Lab,Lab-2,,All,
2865d25c-731e-4dea-979f-fdb57d4a80dc,IT,2021,2026-2027,1.2,2026-07-19T06:43:29.540140Z,4,7,A,Wednesday,1,08:45,09:35,Project Work,IT3711,Dr. K. Srinivasan,C230,IT Block,2,Mini Project,,,All,
8703fdd4-6e40-41b7-bca4-2f17259004b4,IT,2021,2026-2027,1.2,2026-07-19T06:43:29.540140Z,4,7,A,Wednesday,2,09:35,10:25,Cloud Computing,IT3701,Dr. P. Natarajan,C380,IT Block,3,Lecture,,,All,
b0d3a3c7-abff-4db5-a031-e83f970c3f33,IT,2021,2026-2027,1.2,2026-07-19T06:43:29.540140Z,4,7,A,Wednesday,3,10:45,11:35,Cloud Computing,IT3701,Dr. P. Natarajan,C173,IT Block,3,Lecture,,,All,
efeb9d04-8d04-4b11-b2ff-0cea67081fe7,IT,2021,2026-2027,1.2,2026-07-19T06:43:29.540140Z,4,7,A,Wednesday,4,11:35,12:25,Cloud Computing,IT3701,Dr. P. Natarajan,C169,IT Block,3,Lecture,,,All,
a09ecc46-3572-47ee-b994-eae5c5c17c60,IT,2021,2026-2027,1.2,2026-07-19T06:43:29.540140Z,4,7,A,Wednesday,5,13:15,14:05,Cyber Security,IT3702,Prof. A. Sundaram,C347,IT Block,3,Lecture,,,All,
e525cc1c-a424-49bc-96e0-474c210280ee,IT,2021,2026-2027,1.2,2026-07-19T06:43:29.540140Z,4,7,A,Wednesday,6,14:05,14:55,Cloud Computing,IT3701,Dr. P. Natarajan,C373,IT Block,3,Lecture,,,All,
1e8474dd-8961-46f8-8a66-12a427f177cb,IT,2021,2026-2027,1.2,2026-07-19T06:43:29.540140Z,4,7,A,Wednesday,7,14:55,15:45,Project Work,IT3711,Dr. K. Srinivasan,C392,IT Block,2,Mini Project,,,All,
4ffe7233-0c61-4bb5-b85b-eb5769422838,IT,2021,2026-2027,1.2,2026-07-19T06:43:29.540140Z,4,7,A,Thursday,1,08:45,09:35,Project Work,IT3711,Dr. K. Srinivasan,C180,IT Block,2,Mini Project,,,All,
8774a729-8598-480e-95b0-91da5521c8a6,IT,2021,2026-2027,1.2,2026-07-19T06:43:29.540140Z,4,7,A,Thursday,2,09:35,10:25,Project Work,IT3711,Dr. K. Srinivasan,C260,IT Block,2,Mini Project,,,All,
972f009d-53af-43f5-b5c0-061436ab318f,IT,2021,2026-2027,1.2,2026-07-19T06:43:29.540140Z,4,7,A,Thursday,3,10:45,11:35,Cyber Security,IT3702,Prof. A. Sundaram,C127,IT Block,3,Lecture,,,All,
dc96c436-fb4e-4c48-90dc-dfffdd83e5a4,IT,2021,2026-2027,1.2,2026-07-19T06:43:29.540140Z,4,7,A,Thursday,4,11:35,12:25,Project Work,IT3711,Dr. K. Srinivasan,C164,IT Block,2,Mini Project,,,All,
d86552db-2514-4dff-8562-2f8fdd4f2c37,IT,2021,2026-2027,1.2,2026-07-19T06:43:29.540140Z,4,7,A,Thursday,5,13:15,14:05,Cloud Laboratory,IT3712,Dr. S. Krishnan,Lab-7,IT Block,2,Lab,Lab-7,,All,
94bb38ea-df89-4875-94c2-8906c9559427,IT,2021,2026-2027,1.2,2026-07-19T06:43:29.540140Z,4,7,A,Thursday,6,14:05,14:55,Cloud Laboratory,IT3712,Dr. S. Krishnan,Lab-7,IT Block,2,Lab,Lab-7,,All,
5886dba8-1f67-4d49-80fc-7ecb5ef95996,IT,2021,2026-2027,1.2,2026-07-19T06:43:29.540140Z,4,7,A,Thursday,7,14:55,15:45,Cloud Laboratory,IT3712,Dr. S. Krishnan,Lab-7,IT Block,2,Lab,Lab-7,,All,
007d3e4f-20b1-41e0-b1e1-1649629e8983,IT,2021,2026-2027,1.2,2026-07-19T06:43:29.540140Z,4,7,A,Friday,1,08:45,09:35,Cyber Security,IT3702,Prof. A. Sundaram,C301,IT Block,3,Lecture,,,All,
dff62776-f675-4706-886c-8ade335fb228,IT,2021,2026-2027,1.2,2026-07-19T06:43:29.540140Z,4,7,A,Friday,2,09:35,10:25,Human Values and Ethics,IT3791,Dr. K. Krishnan,C393,IT Block,2,Lecture,,,All,
719a1e53-459d-4be4-a156-d5473b5a0b88,IT,2021,2026-2027,1.2,2026-07-19T06:43:29.540140Z,4,7,A,Friday,3,10:45,11:35,Cloud Computing,IT3701,Dr. P. Natarajan,C152,IT Block,3,Lecture,,,All,
225c3ec2-5ffe-45de-b2df-f7c10ef7f6ee,IT,2021,2026-2027,1.2,2026-07-19T06:43:29.540140Z,4,7,A,Friday,4,11:35,12:25,Human Values and Ethics,IT3791,Dr. K. Krishnan,C290,IT Block,2,Lecture,,,All,
96bcc11c-016a-4c8f-be2c-201087bf157d,IT,2021,2026-2027,1.2,2026-07-19T06:43:29.540140Z,4,7,A,Friday,5,13:15,14:05,Human Values and Ethics,IT3791,Dr. K. Krishnan,C268,IT Block,2,Lecture,,,All,
e633e47a-af4f-4258-a80e-5973ce58f024,IT,2021,2026-2027,1.2,2026-07-19T06:43:29.540140Z,4,7,A,Friday,6,14:05,14:55,Human Values and Ethics,IT3791,Dr. K. Krishnan,C184,IT Block,2,Lecture,,,All,
3ffd3be1-1e89-42ff-a307-2b9e33821d68,IT,2021,2026-2027,1.2,2026-07-19T06:43:29.540140Z,4,7,A,Friday,7,14:55,15:45,Project Work,IT3711,Dr. K. Srinivasan,C124,IT Block,2,Mini Project,,,All,
deac33e2-ff4c-4beb-a35b-e694e9de1f4d,IT,2021,2026-2027,1.2,2026-07-19T06:43:29.540140Z,4,7,A,Saturday,1,08:45,09:35,Human Values and Ethics,IT3791,Dr. K. Krishnan,C209,IT Block,2,Lecture,,,All,
a583ea10-ee96-4037-8ecd-3db08b581e73,IT,2021,2026-2027,1.2,2026-07-19T06:43:29.540140Z,4,7,A,Saturday,2,09:35,10:25,Cyber Security,IT3702,Prof. A. Sundaram,C363,IT Block,3,Lecture,,,All,
c6ebacc9-5684-4223-bae9-e78d698f13d2,IT,2021,2026-2027,1.2,2026-07-19T06:43:29.540140Z,4,7,A,Saturday,3,10:45,11:35,Cyber Security,IT3702,Prof. A. Sundaram,C128,IT Block,3,Lecture,,,All,
0d01e9bf-6c63-499d-9d54-1ab3db820df5,IT,2021,2026-2027,1.2,2026-07-19T06:43:29.540140Z,4,7,A,Saturday,4,11:35,12:25,Project Work,IT3711,Dr. K. Srinivasan,C141,IT Block,2,Mini Project,,,All,
4b384314-98f5-46ca-b735-c909e1d87183,IT,2021,2026-2027,1.2,2026-07-19T06:43:29.540140Z,4,7,A,Saturday,5,13:15,14:05,Cloud Laboratory,IT3712,Dr. S. Krishnan,Lab-4,IT Block,2,Lab,Lab-4,,All,
fa62927f-77ee-4a93-81f4-37f5fb75fdee,IT,2021,2026-2027,1.2,2026-07-19T06:43:29.540140Z,4,7,A,Saturday,6,14:05,14:55,Cloud Laboratory,IT3712,Dr. S. Krishnan,Lab-4,IT Block,2,Lab,Lab-4,,All,
46e64327-192a-46f0-84d6-4c786b148103,IT,2021,2026-2027,1.2,2026-07-19T06:43:29.540140Z,4,7,A,Saturday,7,14:55,15:45,Cloud Laboratory,IT3712,Dr. S. Krishnan,Lab-4,IT Block,2,Lab,Lab-4,,All,
fba5513f-881e-4b2e-ac2a-a4f94e0903aa,IT,2021,2026-2027,1.2,2026-07-19T06:43:29.540140Z,4,7,B,Monday,1,08:45,09:35,Project Work,IT3711,Dr. P. Karthik,C133,IT Block,2,Mini Project,,,All,
31fc376a-c409-4ce0-9287-7bb78660208a,IT,2021,2026-2027,1.2,2026-07-19T06:43:29.540140Z,4,7,B,Monday,2,09:35,10:25,Project Work,IT3711,Dr. P. Karthik,C271,IT Block,2,Mini Project,,,All,
df125831-f227-4f53-af4c-089dac39e692,IT,2021,2026-2027,1.2,2026-07-19T06:43:29.540140Z,4,7,B,Monday,3,10:45,11:35,Cyber Security,IT3702,Dr. P. Ramesh,C273,IT Block,3,Lecture,,,All,
bbaa3c14-0a4d-4cdf-8068-947db85f88a7,IT,2021,2026-2027,1.2,2026-07-19T06:43:29.540140Z,4,7,B,Monday,4,11:35,12:25,Human Values and Ethics,IT3791,Dr. M. Kumar,C126,IT Block,2,Lecture,,,All,
c0fb6d6d-c8c6-4183-893c-2f720b937acf,IT,2021,2026-2027,1.2,2026-07-19T06:43:29.540140Z,4,7,B,Monday,5,13:15,14:05,Human Values and Ethics,IT3791,Dr. M. Kumar,C396,IT Block,2,Lecture,,,All,
d85792f1-7b49-41d5-98e5-71be156e0774,IT,2021,2026-2027,1.2,2026-07-19T06:43:29.540140Z,4,7,B,Monday,6,14:05,14:55,Cyber Security,IT3702,Dr. P. Ramesh,C242,IT Block,3,Lecture,,,All,
2d7539f1-c3ba-444a-8109-b9bf16022b69,IT,2021,2026-2027,1.2,2026-07-19T06:43:29.540140Z,4,7,B,Monday,7,14:55,15:45,Project Work,IT3711,Dr. P. Karthik,C255,IT Block,2,Mini Project,,,All,
ae1742a3-6114-4066-94f5-e5812b678a94,IT,2021,2026-2027,1.2,2026-07-19T06:43:29.540140Z,4,7,B,Tuesday,1,08:45,09:35,Project Work,IT3711,Dr. P. Karthik,C281,IT Block,2,Mini Project,,,All,
10f28ec8-689c-4157-941f-8bbc1af618ed,IT,2021,2026-2027,1.2,2026-07-19T06:43:29.540140Z,4,7,B,Tuesday,2,09:35,10:25,Cyber Security,IT3702,Dr. P. Ramesh,C259,IT Block,3,Lecture,,,All,
42a08682-1c7f-4ce7-9e1d-711dd3c4ee67,IT,2021,2026-2027,1.2,2026-07-19T06:43:29.540140Z,4,7,B,Tuesday,3,10:45,11:35,Cyber Security,IT3702,Dr. P. Ramesh,C383,IT Block,3,Lecture,,,All,
315d34ba-ce75-459f-8194-9292417f1987,IT,2021,2026-2027,1.2,2026-07-19T06:43:29.540140Z,4,7,B,Tuesday,4,11:35,12:25,Human Values and Ethics,IT3791,Dr. M. Kumar,C311,IT Block,2,Lecture,,,All,
436c4c65-2eb3-4862-be12-a154781ccf45,IT,2021,2026-2027,1.2,2026-07-19T06:43:29.540140Z,4,7,B,Tuesday,5,13:15,14:05,Cloud Laboratory,IT3712,Prof. G. Karthik,Lab-8,IT Block,2,Lab,Lab-8,,All,
0aca3abe-91e4-4e8e-9777-0239cd345fc7,IT,2021,2026-2027,1.2,2026-07-19T06:43:29.540140Z,4,7,B,Tuesday,6,14:05,14:55,Cloud Laboratory,IT3712,Prof. G. Karthik,Lab-8,IT Block,2,Lab,Lab-8,,All,
34335769-d366-4c24-a8b3-4aeb7ec05253,IT,2021,2026-2027,1.2,2026-07-19T06:43:29.540140Z,4,7,B,Tuesday,7,14:55,15:45,Cloud Laboratory,IT3712,Prof. G. Karthik,Lab-8,IT Block,2,Lab,Lab-8,,All,
22b49512-4d53-49ce-af80-86f7441590a3,IT,2021,2026-2027,1.2,2026-07-19T06:43:29.540140Z,4,7,B,Wednesday,1,08:45,09:35,Project Work,IT3711,Dr. P. Karthik,C236,IT Block,2,Mini Project,,,All,
d480ef62-b5ff-4c01-b171-0c294d0cc847,IT,2021,2026-2027,1.2,2026-07-19T06:43:29.540140Z,4,7,B,Wednesday,2,09:35,10:25,Human Values and Ethics,IT3791,Dr. M. Kumar,C334,IT Block,2,Lecture,,,All,
7ba5699c-3951-46db-8a9f-962be7794a1a,IT,2021,2026-2027,1.2,2026-07-19T06:43:29.540140Z,4,7,B,Wednesday,3,10:45,11:35,Cloud Computing,IT3701,Dr. M. Karthik,C187,IT Block,3,Lecture,,,All,
e64c6fd6-d579-403f-8a25-d336b3c62267,IT,2021,2026-2027,1.2,2026-07-19T06:43:29.540140Z,4,7,B,Wednesday,4,11:35,12:25,Cloud Computing,IT3701,Dr. M. Karthik,C156,IT Block,3,Lecture,,,All,
3cd6faff-cb6c-432c-8c88-a8e43780bf54,IT,2021,2026-2027,1.2,2026-07-19T06:43:29.540140Z,4,7,B,Wednesday,5,13:15,14:05,Project Work,IT3711,Dr. P. Karthik,C228,IT Block,2,Mini Project,,,All,
775a155c-af45-49f6-b2b9-bdc447bb5c25,IT,2021,2026-2027,1.2,2026-07-19T06:43:29.540140Z,4,7,B,Wednesday,6,14:05,14:55,Human Values and Ethics,IT3791,Dr. M. Kumar,C301,IT Block,2,Lecture,,,All,
2c097f1d-b9d6-4005-81b8-f57b9650a685,IT,2021,2026-2027,1.2,2026-07-19T06:43:29.540140Z,4,7,B,Wednesday,7,14:55,15:45,Cloud Computing,IT3701,Dr. M. Karthik,C185,IT Block,3,Lecture,,,All,
5d1f2731-2472-4a48-90d9-594cd76ddec4,IT,2021,2026-2027,1.2,2026-07-19T06:43:29.540140Z,4,7,B,Thursday,1,08:45,09:35,Cyber Security,IT3702,Dr. P. Ramesh,C398,IT Block,3,Lecture,,,All,
5a759151-d261-4982-8510-e53089282ec8,IT,2021,2026-2027,1.2,2026-07-19T06:43:29.540140Z,4,7,B,Thursday,2,09:35,10:25,Cloud Computing,IT3701,Dr. M. Karthik,C121,IT Block,3,Lecture,,,All,
45f7d9a7-a0b8-420c-91a6-a478dbdb34cc,IT,2021,2026-2027,1.2,2026-07-19T06:43:29.540140Z,4,7,B,Thursday,3,10:45,11:35,Project Work,IT3711,Dr. P. Karthik,C396,IT Block,2,Mini Project,,,All,
e7ae8d47-b435-4aa5-9bfc-fb2ec6359a8a,IT,2021,2026-2027,1.2,2026-07-19T06:43:29.540140Z,4,7,B,Thursday,4,11:35,12:25,Project Work,IT3711,Dr. P. Karthik,C109,IT Block,2,Mini Project,,,All,
e13b804c-26e5-42aa-9243-370c63107804,IT,2021,2026-2027,1.2,2026-07-19T06:43:29.540140Z,4,7,B,Thursday,5,13:15,14:05,Cloud Laboratory,IT3712,Prof. G. Karthik,Lab-5,IT Block,2,Lab,Lab-5,,All,
667db2fd-6a23-42cf-be44-5e266e4f1271,IT,2021,2026-2027,1.2,2026-07-19T06:43:29.540140Z,4,7,B,Thursday,6,14:05,14:55,Cloud Laboratory,IT3712,Prof. G. Karthik,Lab-5,IT Block,2,Lab,Lab-5,,All,
e3a55503-1edc-4a03-bc02-d68a0a536813,IT,2021,2026-2027,1.2,2026-07-19T06:43:29.540140Z,4,7,B,Thursday,7,14:55,15:45,Cloud Laboratory,IT3712,Prof. G. Karthik,Lab-5,IT Block,2,Lab,Lab-5,,All,
e1a7808b-cd0c-4d95-9601-7450e06ff6ed,IT,2021,2026-2027,1.2,2026-07-19T06:43:29.540140Z,4,7,B,Friday,1,08:45,09:35,Human Values and Ethics,IT3791,Dr. M. Kumar,C124,IT Block,2,Lecture,,,All,
dffec34f-a2a1-4387-aa84-33fc2ecee230,IT,2021,2026-2027,1.2,2026-07-19T06:43:29.540140Z,4,7,B,Friday,2,09:35,10:25,Cyber Security,IT3702,Dr. P. Ramesh,C203,IT Block,3,Lecture,,,All,
c0920e65-cd70-438c-a4fe-f145917d4ce8,IT,2021,2026-2027,1.2,2026-07-19T06:43:29.540140Z,4,7,B,Friday,3,10:45,11:35,Cloud Computing,IT3701,Dr. M. Karthik,C401,IT Block,3,Lecture,,,All,
1bea9f35-e348-4a7a-b9bf-e3584208e492,IT,2021,2026-2027,1.2,2026-07-19T06:43:29.540140Z,4,7,B,Friday,4,11:35,12:25,Project Work,IT3711,Dr. P. Karthik,C327,IT Block,2,Mini Project,,,All,
fd45d821-edd7-4ee7-a3db-1d7b5c7f7388,IT,2021,2026-2027,1.2,2026-07-19T06:43:29.540140Z,4,7,B,Friday,5,13:15,14:05,Cloud Computing,IT3701,Dr. M. Karthik,C401,IT Block,3,Lecture,,,All,
8299f8b7-989c-41be-bcd6-b91465b73f67,IT,2021,2026-2027,1.2,2026-07-19T06:43:29.540140Z,4,7,B,Friday,6,14:05,14:55,Cloud Computing,IT3701,Dr. M. Karthik,C177,IT Block,3,Lecture,,,All,
3a7f614e-d814-4927-8064-f307fa7ee457,IT,2021,2026-2027,1.2,2026-07-19T06:43:29.540140Z,4,7,B,Friday,7,14:55,15:45,Cloud Computing,IT3701,Dr. M. Karthik,C162,IT Block,3,Lecture,,,All,
38d4ef61-c0c8-4b49-9ae2-922617d37401,IT,2021,2026-2027,1.2,2026-07-19T06:43:29.540140Z,4,7,B,Saturday,1,08:45,09:35,Cloud Computing,IT3701,Dr. M. Karthik,C183,IT Block,3,Lecture,,,All,
43cbeca0-a547-4e44-bf32-9bd96b0f63ac,IT,2021,2026-2027,1.2,2026-07-19T06:43:29.540140Z,4,7,B,Saturday,2,09:35,10:25,Human Values and Ethics,IT3791,Dr. M. Kumar,C282,IT Block,2,Lecture,,,All,
57f0b4c9-313e-456a-9f53-f4b3601325e0,IT,2021,2026-2027,1.2,2026-07-19T06:43:29.540140Z,4,7,B,Saturday,3,10:45,11:35,Cyber Security,IT3702,Dr. P. Ramesh,C368,IT Block,3,Lecture,,,All,
f79ffd11-0cdf-44bc-829d-c6c8d407dc93,IT,2021,2026-2027,1.2,2026-07-19T06:43:29.540140Z,4,7,B,Saturday,4,11:35,12:25,Cloud Computing,IT3701,Dr. M. Karthik,C329,IT Block,3,Lecture,,,All,
cc8d1340-5e74-491d-b489-4d157cc820ad,IT,2021,2026-2027,1.2,2026-07-19T06:43:29.540140Z,4,7,B,Saturday,5,13:15,14:05,Cloud Laboratory,IT3712,Prof. G. Karthik,Lab-8,IT Block,2,Lab,Lab-8,,All,
44099460-0077-48c3-9fb4-b677c7648590,IT,2021,2026-2027,1.2,2026-07-19T06:43:29.540140Z,4,7,B,Saturday,6,14:05,14:55,Cloud Laboratory,IT3712,Prof. G. Karthik,Lab-8,IT Block,2,Lab,Lab-8,,All,
7071dc39-e220-4106-8ce8-574ace853c21,IT,2021,2026-2027,1.2,2026-07-19T06:43:29.540140Z,4,7,B,Saturday,7,14:55,15:45,Cloud Laboratory,IT3712,Prof. G. Karthik,Lab-8,IT Block,2,Lab,Lab-8,,All,
cc57d0ec-da1b-4ab5-ba01-22cf056213d7,ECE,2021,2026-2027,1.2,2026-07-19T06:43:29.540140Z,1,1,A,Monday,1,08:45,09:35,Matrices and Calculus,MA3151,Dr. K. Venkatesh,C136,Main Block,4,Lecture,,,All,
40e3e1d9-d9ee-466f-b0ae-a30ff2e6d52e,ECE,2021,2026-2027,1.2,2026-07-19T06:43:29.540140Z,1,1,A,Monday,2,09:35,10:25,Engineering Chemistry,CY3151,Prof. G. Natarajan,C405,Main Block,3,Lecture,,,All,
5b91fea4-2b7b-41dc-88f5-88fa833d93ff,ECE,2021,2026-2027,1.2,2026-07-19T06:43:29.540140Z,1,1,A,Monday,3,10:45,11:35,Heritage of Tamils,GE3152,Prof. G. Rajan,C109,Main Block,1,Lecture,,,All,
0bdd7c37-81fb-4688-a8e5-722ff42a140e,ECE,2021,2026-2027,1.2,2026-07-19T06:43:29.540140Z,1,1,A,Monday,4,11:35,12:25,Heritage of Tamils,GE3152,Prof. G. Rajan,C208,Main Block,1,Lecture,,,All,
fd6d9a7d-8299-47d6-b24b-50998b6ba0d8,ECE,2021,2026-2027,1.2,2026-07-19T06:43:29.540140Z,1,1,A,Monday,5,13:15,14:05,Professional English - I,HS3152,Dr. M. Rajan,C401,Main Block,3,Lecture,,,All,
a846aab0-a677-405a-98c9-d3ded40322d2,ECE,2021,2026-2027,1.2,2026-07-19T06:43:29.540140Z,1,1,A,Monday,6,14:05,14:55,Professional English - I,HS3152,Dr. M. Rajan,C317,Main Block,3,Lecture,,,All,
b4d41f9b-f08f-4ee0-8ab4-c24a1f367442,ECE,2021,2026-2027,1.2,2026-07-19T06:43:29.540140Z,1,1,A,Monday,7,14:55,15:45,Professional English - I,HS3152,Dr. M. Rajan,C236,Main Block,3,Lecture,,,All,
22ed9883-80e0-4c60-a8de-80f1aa09582e,ECE,2021,2026-2027,1.2,2026-07-19T06:43:29.540140Z,1,1,A,Tuesday,1,08:45,09:35,Heritage of Tamils,GE3152,Prof. G. Rajan,C304,Main Block,1,Lecture,,,All,
e17d5c5a-2896-4fc9-aca8-7dec897b48df,ECE,2021,2026-2027,1.2,2026-07-19T06:43:29.540140Z,1,1,A,Tuesday,2,09:35,10:25,Engineering Physics,PH3151,Dr. K. Sundaram,C261,Main Block,3,Lecture,,,All,
ffff1bcb-7235-4099-a6af-2917733f1ddf,ECE,2021,2026-2027,1.2,2026-07-19T06:43:29.540140Z,1,1,A,Tuesday,3,10:45,11:35,Engineering Physics,PH3151,Dr. K. Sundaram,C315,Main Block,3,Lecture,,,All,
b3563e97-35ab-4529-83ff-7b5a30adc7b9,ECE,2021,2026-2027,1.2,2026-07-19T06:43:29.540140Z,1,1,A,Tuesday,4,11:35,12:25,Engineering Chemistry,CY3151,Prof. G. Natarajan,C229,Main Block,3,Lecture,,,All,
a63aab30-77f6-44cd-b85d-6dfe73a96f24,ECE,2021,2026-2027,1.2,2026-07-19T06:43:29.540140Z,1,1,A,Tuesday,5,13:15,14:05,Programming Laboratory,GE3171,Prof. G. Kumar,Lab-4,Main Block,2,Lab,Lab-4,,All,
ee17b5e7-4f12-40eb-b7c2-fd62098584a6,ECE,2021,2026-2027,1.2,2026-07-19T06:43:29.540140Z,1,1,A,Tuesday,6,14:05,14:55,Programming Laboratory,GE3171,Prof. G. Kumar,Lab-4,Main Block,2,Lab,Lab-4,,All,
d0453a4f-4b94-4364-8b8e-9a9c9c4300f2,ECE,2021,2026-2027,1.2,2026-07-19T06:43:29.540140Z,1,1,A,Tuesday,7,14:55,15:45,Programming Laboratory,GE3171,Prof. G. Kumar,Lab-4,Main Block,2,Lab,Lab-4,,All,
6dfd0561-ba6a-4560-925b-fdc80be28338,ECE,2021,2026-2027,1.2,2026-07-19T06:43:29.540140Z,1,1,A,Wednesday,1,08:45,09:35,Heritage of Tamils,GE3152,Prof. G. Rajan,C201,Main Block,1,Lecture,,,All,
f58d9650-09b0-4056-be32-30acfaf49172,ECE,2021,2026-2027,1.2,2026-07-19T06:43:29.540140Z,1,1,A,Wednesday,2,09:35,10:25,Heritage of Tamils,GE3152,Prof. G. Rajan,C304,Main Block,1,Lecture,,,All,
d264a912-d542-403e-b991-593eccbdddbf,ECE,2021,2026-2027,1.2,2026-07-19T06:43:29.540140Z,1,1,A,Wednesday,3,10:45,11:35,Engineering Physics,PH3151,Dr. K. Sundaram,C198,Main Block,3,Lecture,,,All,
ef7f0eed-6304-4233-b810-552f5c536b4f,ECE,2021,2026-2027,1.2,2026-07-19T06:43:29.540140Z,1,1,A,Wednesday,4,11:35,12:25,Engineering Chemistry,CY3151,Prof. G. Natarajan,C284,Main Block,3,Lecture,,,All,
27800413-952c-4017-8fc3-7124c7bea43e,ECE,2021,2026-2027,1.2,2026-07-19T06:43:29.540140Z,1,1,A,Wednesday,5,13:15,14:05,Engineering Physics,PH3151,Dr. K. Sundaram,C375,Main Block,3,Lecture,,,All,
f1ea8b65-3ad4-41ce-aae7-3c2266d73b58,ECE,2021,2026-2027,1.2,2026-07-19T06:43:29.540140Z,1,1,A,Wednesday,6,14:05,14:55,Matrices and Calculus,MA3151,Dr. K. Venkatesh,C405,Main Block,4,Lecture,,,All,
bdfa14bc-beeb-4f35-95a5-6c5aea046f16,ECE,2021,2026-2027,1.2,2026-07-19T06:43:29.540140Z,1,1,A,Wednesday,7,14:55,15:45,Engineering Chemistry,CY3151,Prof. G. Natarajan,C170,Main Block,3,Lecture,,,All,
1f1321ca-88c6-460a-92af-97cd232925d1,ECE,2021,2026-2027,1.2,2026-07-19T06:43:29.540140Z,1,1,A,Thursday,1,08:45,09:35,Matrices and Calculus,MA3151,Dr. K. Venkatesh,C111,Main Block,4,Lecture,,,All,
d2fb5101-5150-428d-8d21-d5ed6262fa8a,ECE,2021,2026-2027,1.2,2026-07-19T06:43:29.540140Z,1,1,A,Thursday,2,09:35,10:25,Engineering Chemistry,CY3151,Prof. G. Natarajan,C339,Main Block,3,Lecture,,,All,
03910862-2abd-4bf0-9b72-93e4adac4b05,ECE,2021,2026-2027,1.2,2026-07-19T06:43:29.540140Z,1,1,A,Thursday,3,10:45,11:35,Heritage of Tamils,GE3152,Prof. G. Rajan,C339,Main Block,1,Lecture,,,All,
72976c92-1e5b-41ab-8340-5b056bae8171,ECE,2021,2026-2027,1.2,2026-07-19T06:43:29.540140Z,1,1,A,Thursday,4,11:35,12:25,Matrices and Calculus,MA3151,Dr. K. Venkatesh,C192,Main Block,4,Lecture,,,All,
4f9bff5a-b843-4a2a-9da8-b285ac6f1f09,ECE,2021,2026-2027,1.2,2026-07-19T06:43:29.540140Z,1,1,A,Thursday,5,13:15,14:05,Physics and Chemistry Laboratory,BS3171,Dr. S. Srinivasan,Lab-1,Main Block,2,Lab,Lab-1,,All,
0bfb8e23-4c5c-4be8-a023-f190f092223a,ECE,2021,2026-2027,1.2,2026-07-19T06:43:29.540140Z,1,1,A,Thursday,6,14:05,14:55,Physics and Chemistry Laboratory,BS3171,Dr. S. Srinivasan,Lab-1,Main Block,2,Lab,Lab-1,,All,
570f2e42-9c08-4f53-9059-fdec96d5e252,ECE,2021,2026-2027,1.2,2026-07-19T06:43:29.540140Z,1,1,A,Thursday,7,14:55,15:45,Physics and Chemistry Laboratory,BS3171,Dr. S. Srinivasan,Lab-1,Main Block,2,Lab,Lab-1,,All,
3e59eba4-1191-429b-a0c8-b6937f624d8f,ECE,2021,2026-2027,1.2,2026-07-19T06:43:29.540140Z,1,1,A,Friday,1,08:45,09:35,Basic Electrical and Electronics Engineering,EC3151,Prof. A. Natarajan,C332,Main Block,3,Lecture,,,All,
35c753d2-79e7-4b15-833f-37781475dc04,ECE,2021,2026-2027,1.2,2026-07-19T06:43:29.540140Z,1,1,A,Friday,2,09:35,10:25,Professional English - I,HS3152,Dr. M. Rajan,C232,Main Block,3,Lecture,,,All,
df7da818-b760-421b-adc8-fe0a2f11c5c4,ECE,2021,2026-2027,1.2,2026-07-19T06:43:29.540140Z,1,1,A,Friday,3,10:45,11:35,Basic Electrical and Electronics Engineering,EC3151,Prof. A. Natarajan,C353,Main Block,3,Lecture,,,All,
971c5b5a-9435-40a2-8589-d67928bee668,ECE,2021,2026-2027,1.2,2026-07-19T06:43:29.540140Z,1,1,A,Friday,4,11:35,12:25,Heritage of Tamils,GE3152,Prof. G. Rajan,C171,Main Block,1,Lecture,,,All,
7e6993a5-450e-4cd9-b37d-5519ff89a781,ECE,2021,2026-2027,1.2,2026-07-19T06:43:29.540140Z,1,1,A,Friday,5,13:15,14:05,Heritage of Tamils,GE3152,Prof. G. Rajan,C376,Main Block,1,Lecture,,,All,
63ee7550-1344-4c22-afc1-592a90a7c285,ECE,2021,2026-2027,1.2,2026-07-19T06:43:29.540140Z,1,1,A,Friday,6,14:05,14:55,Engineering Physics,PH3151,Dr. K. Sundaram,C155,Main Block,3,Lecture,,,All,
c820dc89-ccfe-47bb-a6ce-3ac83916589d,ECE,2021,2026-2027,1.2,2026-07-19T06:43:29.540140Z,1,1,A,Friday,7,14:55,15:45,Matrices and Calculus,MA3151,Dr. K. Venkatesh,C348,Main Block,4,Lecture,,,All,
38a99488-6656-44c9-8b6e-97c92e6a9862,ECE,2021,2026-2027,1.2,2026-07-19T06:43:29.540140Z,1,1,A,Saturday,1,08:45,09:35,Basic Electrical and Electronics Engineering,EC3151,Prof. A. Natarajan,C213,Main Block,3,Lecture,,,All,
cd4d8ef2-7cbd-464b-8509-dc29625e7021,ECE,2021,2026-2027,1.2,2026-07-19T06:43:29.540140Z,1,1,A,Saturday,2,09:35,10:25,Heritage of Tamils,GE3152,Prof. G. Rajan,C247,Main Block,1,Lecture,,,All,
b00532a8-6c5c-48db-8f39-e0f856bd8351,ECE,2021,2026-2027,1.2,2026-07-19T06:43:29.540140Z,1,1,A,Saturday,3,10:45,11:35,Matrices and Calculus,MA3151,Dr. K. Venkatesh,C162,Main Block,4,Lecture,,,All,
9d2ec36d-d1aa-49c5-8d12-b7a019873064,ECE,2021,2026-2027,1.2,2026-07-19T06:43:29.540140Z,1,1,A,Saturday,4,11:35,12:25,Engineering Chemistry,CY3151,Prof. G. Natarajan,C395,Main Block,3,Lecture,,,All,
7d677448-bc85-4735-adf4-16c688d138ef,ECE,2021,2026-2027,1.2,2026-07-19T06:43:29.540140Z,1,1,A,Saturday,5,13:15,14:05,English Laboratory,GE3172,Dr. S. Srinivasan,Lab-9,Main Block,1,Lab,Lab-9,,All,
fc1c4389-d213-4cbc-85fd-df7282a53286,ECE,2021,2026-2027,1.2,2026-07-19T06:43:29.540140Z,1,1,A,Saturday,6,14:05,14:55,English Laboratory,GE3172,Dr. S. Srinivasan,Lab-9,Main Block,1,Lab,Lab-9,,All,
2d4aeb68-9a6c-4cb8-a396-9b7c98945859,ECE,2021,2026-2027,1.2,2026-07-19T06:43:29.540140Z,1,1,A,Saturday,7,14:55,15:45,English Laboratory,GE3172,Dr. S. Srinivasan,Lab-9,Main Block,1,Lab,Lab-9,,All,
5983c1a4-185b-4c27-8564-c07ddce89b92,ECE,2021,2026-2027,1.2,2026-07-19T06:43:29.540140Z,1,1,B,Monday,1,08:45,09:35,Engineering Chemistry,CY3151,Dr. P. Sundaram,C308,Main Block,3,Lecture,,,All,
2806ca32-6c79-454b-80cb-6610b93e30f7,ECE,2021,2026-2027,1.2,2026-07-19T06:43:29.540140Z,1,1,B,Monday,2,09:35,10:25,Professional English - I,HS3152,Prof. V. Srinivasan,C187,Main Block,3,Lecture,,,All,
3f15e6bd-9b88-4cb9-8e87-40b40a66098b,ECE,2021,2026-2027,1.2,2026-07-19T06:43:29.540140Z,1,1,B,Monday,3,10:45,11:35,Engineering Chemistry,CY3151,Dr. P. Sundaram,C277,Main Block,3,Lecture,,,All,
5b456df8-6137-4a05-ad50-b22cffd30fe3,ECE,2021,2026-2027,1.2,2026-07-19T06:43:29.540140Z,1,1,B,Monday,4,11:35,12:25,Professional English - I,HS3152,Prof. V. Srinivasan,C216,Main Block,3,Lecture,,,All,
c2bf9dfb-5c07-4ea9-b535-27e1f1654994,ECE,2021,2026-2027,1.2,2026-07-19T06:43:29.540140Z,1,1,B,Monday,5,13:15,14:05,Heritage of Tamils,GE3152,Dr. S. Ramesh,C201,Main Block,1,Lecture,,,All,
7fd096de-9ac0-4199-938e-51a02fae21ea,ECE,2021,2026-2027,1.2,2026-07-19T06:43:29.540140Z,1,1,B,Monday,6,14:05,14:55,Heritage of Tamils,GE3152,Dr. S. Ramesh,C193,Main Block,1,Lecture,,,All,
879c0d72-5e0a-4565-a228-122a5b2dba72,ECE,2021,2026-2027,1.2,2026-07-19T06:43:29.540140Z,1,1,B,Monday,7,14:55,15:45,Matrices and Calculus,MA3151,Dr. K. Ramesh,C341,Main Block,4,Lecture,,,All,
47c190f7-1b40-46a7-8f20-430809e3c229,ECE,2021,2026-2027,1.2,2026-07-19T06:43:29.540140Z,1,1,B,Tuesday,1,08:45,09:35,Engineering Chemistry,CY3151,Dr. P. Sundaram,C397,Main Block,3,Lecture,,,All,
47c52416-7a8f-4819-8a76-b32cc7879eda,ECE,2021,2026-2027,1.2,2026-07-19T06:43:29.540140Z,1,1,B,Tuesday,2,09:35,10:25,Basic Electrical and Electronics Engineering,EC3151,Dr. P. Srinivasan,C132,Main Block,3,Lecture,,,All,
71bf7cc5-6f24-4bf3-bf5c-710aa52e6670,ECE,2021,2026-2027,1.2,2026-07-19T06:43:29.540140Z,1,1,B,Tuesday,3,10:45,11:35,Matrices and Calculus,MA3151,Dr. K. Ramesh,C102,Main Block,4,Lecture,,,All,
e46e4e9d-10bb-4a39-9a06-3304a656d230,ECE,2021,2026-2027,1.2,2026-07-19T06:43:29.540140Z,1,1,B,Tuesday,4,11:35,12:25,Matrices and Calculus,MA3151,Dr. K. Ramesh,C103,Main Block,4,Lecture,,,All,
df66060a-ea47-49a7-847d-669decf7cac6,ECE,2021,2026-2027,1.2,2026-07-19T06:43:29.540140Z,1,1,B,Tuesday,5,13:15,14:05,Programming Laboratory,GE3171,Dr. R. Ramesh,Lab-10,Main Block,2,Lab,Lab-10,,All,
cf73565d-e6ef-4c70-8808-2b70d024bc98,ECE,2021,2026-2027,1.2,2026-07-19T06:43:29.540140Z,1,1,B,Tuesday,6,14:05,14:55,Programming Laboratory,GE3171,Dr. R. Ramesh,Lab-10,Main Block,2,Lab,Lab-10,,All,
4f8c24aa-872a-473b-a61e-c96de4cbbed4,ECE,2021,2026-2027,1.2,2026-07-19T06:43:29.540140Z,1,1,B,Tuesday,7,14:55,15:45,Programming Laboratory,GE3171,Dr. R. Ramesh,Lab-10,Main Block,2,Lab,Lab-10,,All,
3fcba78d-e0cb-40aa-b7ea-57292c590863,ECE,2021,2026-2027,1.2,2026-07-19T06:43:29.540140Z,1,1,B,Wednesday,1,08:45,09:35,Matrices and Calculus,MA3151,Dr. K. Ramesh,C364,Main Block,4,Lecture,,,All,
ef2b319c-bf90-496a-82e7-5a16be2a9fbc,ECE,2021,2026-2027,1.2,2026-07-19T06:43:29.540140Z,1,1,B,Wednesday,2,09:35,10:25,Matrices and Calculus,MA3151,Dr. K. Ramesh,C136,Main Block,4,Lecture,,,All,
6b88cb5c-7683-4e07-8834-7ec081f25487,ECE,2021,2026-2027,1.2,2026-07-19T06:43:29.540140Z,1,1,B,Wednesday,3,10:45,11:35,Engineering Physics,PH3151,Prof. A. Krishnan,C287,Main Block,3,Lecture,,,All,
def389ae-3d27-46e9-9ce9-55eadb659443,ECE,2021,2026-2027,1.2,2026-07-19T06:43:29.540140Z,1,1,B,Wednesday,4,11:35,12:25,Engineering Chemistry,CY3151,Dr. P. Sundaram,C341,Main Block,3,Lecture,,,All,
c0a4bb21-e3bb-48de-89b9-b5cb731b0483,ECE,2021,2026-2027,1.2,2026-07-19T06:43:29.540140Z,1,1,B,Wednesday,5,13:15,14:05,Engineering Chemistry,CY3151,Dr. P. Sundaram,C365,Main Block,3,Lecture,,,All,
d0266f5a-e56d-49b9-b682-df65d9c18c8f,ECE,2021,2026-2027,1.2,2026-07-19T06:43:29.540140Z,1,1,B,Wednesday,6,14:05,14:55,Engineering Chemistry,CY3151,Dr. P. Sundaram,C150,Main Block,3,Lecture,,,All,
ac5ad9dd-3232-4104-b685-c488f5809cbc,ECE,2021,2026-2027,1.2,2026-07-19T06:43:29.540140Z,1,1,B,Wednesday,7,14:55,15:45,Engineering Physics,PH3151,Prof. A. Krishnan,C334,Main Block,3,Lecture,,,All,
350e6018-46ab-4781-8391-fe3baa007c8e,ECE,2021,2026-2027,1.2,2026-07-19T06:43:29.540140Z,1,1,B,Thursday,1,08:45,09:35,Professional English - I,HS3152,Prof. V. Srinivasan,C148,Main Block,3,Lecture,,,All,
a347ce14-4d6b-44cd-83af-59168f9aa619,ECE,2021,2026-2027,1.2,2026-07-19T06:43:29.540140Z,1,1,B,Thursday,2,09:35,10:25,Professional English - I,HS3152,Prof. V. Srinivasan,C404,Main Block,3,Lecture,,,All,
a3b23eff-3c6e-45d1-b5d0-17459e0257ea,ECE,2021,2026-2027,1.2,2026-07-19T06:43:29.540140Z,1,1,B,Thursday,3,10:45,11:35,Professional English - I,HS3152,Prof. V. Srinivasan,C320,Main Block,3,Lecture,,,All,
834026dc-c2af-4a44-8ba9-bb6a04537d9d,ECE,2021,2026-2027,1.2,2026-07-19T06:43:29.540140Z,1,1,B,Thursday,4,11:35,12:25,Heritage of Tamils,GE3152,Dr. S. Ramesh,C217,Main Block,1,Lecture,,,All,
be09d679-6fae-4a6f-b2a8-9f9b5873815a,ECE,2021,2026-2027,1.2,2026-07-19T06:43:29.540140Z,1,1,B,Thursday,5,13:15,14:05,Physics and Chemistry Laboratory,BS3171,Dr. M. Sundaram,Lab-4,Main Block,2,Lab,Lab-4,,All,
540ff8e0-0eae-4ed4-bd1a-11de60b8a8c9,ECE,2021,2026-2027,1.2,2026-07-19T06:43:29.540140Z,1,1,B,Thursday,6,14:05,14:55,Physics and Chemistry Laboratory,BS3171,Dr. M. Sundaram,Lab-4,Main Block,2,Lab,Lab-4,,All,
68ee1d1f-407d-4dd5-a3de-b1380eb6bc98,ECE,2021,2026-2027,1.2,2026-07-19T06:43:29.540140Z,1,1,B,Thursday,7,14:55,15:45,Physics and Chemistry Laboratory,BS3171,Dr. M. Sundaram,Lab-4,Main Block,2,Lab,Lab-4,,All,
c009965d-9b9a-4a1e-9a0c-ae7350fd6a46,ECE,2021,2026-2027,1.2,2026-07-19T06:43:29.540140Z,1,1,B,Friday,1,08:45,09:35,Matrices and Calculus,MA3151,Dr. K. Ramesh,C397,Main Block,4,Lecture,,,All,
4be8110e-663b-404b-b9f3-999a4c1b4972,ECE,2021,2026-2027,1.2,2026-07-19T06:43:29.540140Z,1,1,B,Friday,2,09:35,10:25,Engineering Chemistry,CY3151,Dr. P. Sundaram,C218,Main Block,3,Lecture,,,All,
a26ef30d-3d83-4cfd-a644-17d8236ca8fc,ECE,2021,2026-2027,1.2,2026-07-19T06:43:29.540140Z,1,1,B,Friday,3,10:45,11:35,Engineering Chemistry,CY3151,Dr. P. Sundaram,C225,Main Block,3,Lecture,,,All,
8fd732e8-08e8-41f5-acce-234b95b863f6,ECE,2021,2026-2027,1.2,2026-07-19T06:43:29.540140Z,1,1,B,Friday,4,11:35,12:25,Professional English - I,HS3152,Prof. V. Srinivasan,C120,Main Block,3,Lecture,,,All,
07a46b19-9cad-443e-a81d-9f37f862cd2c,ECE,2021,2026-2027,1.2,2026-07-19T06:43:29.540140Z,1,1,B,Friday,5,13:15,14:05,Engineering Chemistry,CY3151,Dr. P. Sundaram,C245,Main Block,3,Lecture,,,All,
c9cd386c-15c3-495c-a800-8349e7c7e097,ECE,2021,2026-2027,1.2,2026-07-19T06:43:29.540140Z,1,1,B,Friday,6,14:05,14:55,Matrices and Calculus,MA3151,Dr. K. Ramesh,C329,Main Block,4,Lecture,,,All,
029a4b14-3bba-42b7-93df-1a6098ae9b8e,ECE,2021,2026-2027,1.2,2026-07-19T06:43:29.540140Z,1,1,B,Friday,7,14:55,15:45,Heritage of Tamils,GE3152,Dr. S. Ramesh,C237,Main Block,1,Lecture,,,All,
557cfc1a-883d-4abb-a14b-e7d9a3e0f291,ECE,2021,2026-2027,1.2,2026-07-19T06:43:29.540140Z,1,1,B,Saturday,1,08:45,09:35,Matrices and Calculus,MA3151,Dr. K. Ramesh,C195,Main Block,4,Lecture,,,All,
f6bc4d94-4dc5-41f2-ad61-7a2978dfafa3,ECE,2021,2026-2027,1.2,2026-07-19T06:43:29.540140Z,1,1,B,Saturday,2,09:35,10:25,Professional English - I,HS3152,Prof. V. Srinivasan,C138,Main Block,3,Lecture,,,All,
c1040bee-28b0-4649-9624-44033b2f685a,ECE,2021,2026-2027,1.2,2026-07-19T06:43:29.540140Z,1,1,B,Saturday,3,10:45,11:35,Basic Electrical and Electronics Engineering,EC3151,Dr. P. Srinivasan,C374,Main Block,3,Lecture,,,All,
d20e7978-96fd-430e-921c-dcbc6d7425d9,ECE,2021,2026-2027,1.2,2026-07-19T06:43:29.540140Z,1,1,B,Saturday,4,11:35,12:25,Heritage of Tamils,GE3152,Dr. S. Ramesh,C300,Main Block,1,Lecture,,,All,
f6785fca-9e11-4a7f-b1e2-747fcd53bdfd,ECE,2021,2026-2027,1.2,2026-07-19T06:43:29.540140Z,1,1,B,Saturday,5,13:15,14:05,English Laboratory,GE3172,Dr. K. Venkatesh,Lab-10,Main Block,1,Lab,Lab-10,,All,
d3e63dd4-a403-46e9-b992-865d05d3209a,ECE,2021,2026-2027,1.2,2026-07-19T06:43:29.540140Z,1,1,B,Saturday,6,14:05,14:55,English Laboratory,GE3172,Dr. K. Venkatesh,Lab-10,Main Block,1,Lab,Lab-10,,All,
7d43f949-8d16-4f97-92ca-0f6bb7fcdf0a,ECE,2021,2026-2027,1.2,2026-07-19T06:43:29.540140Z,1,1,B,Saturday,7,14:55,15:45,English Laboratory,GE3172,Dr. K. Venkatesh,Lab-10,Main Block,1,Lab,Lab-10,,All,
dcbb9928-8e78-4783-ace7-3efce1d800ca,ECE,2021,2026-2027,1.2,2026-07-19T06:43:29.540140Z,2,3,A,Monday,1,08:45,09:35,Electromagnetic Fields,EC3301,Dr. M. Karthik,C346,Main Block,3,Lecture,,,All,
ae71729b-e36a-4e14-a324-00ab135f293c,ECE,2021,2026-2027,1.2,2026-07-19T06:43:29.540140Z,2,3,A,Monday,2,09:35,10:25,Electromagnetic Fields,EC3301,Dr. M. Karthik,C381,Main Block,3,Lecture,,,All,
510cfcbf-fb7a-4e19-a1f5-12148c1a4aa7,ECE,2021,2026-2027,1.2,2026-07-19T06:43:29.540140Z,2,3,A,Monday,3,10:45,11:35,Digital Signal Processing,EC3353,Dr. R. Venkatesh,C386,Main Block,3,Lecture,,,All,
82b98b12-c360-48ed-99ac-eb20e4d2ee9b,ECE,2021,2026-2027,1.2,2026-07-19T06:43:29.540140Z,2,3,A,Monday,4,11:35,12:25,Control Systems,EC3351,Prof. V. Krishnan,C293,Main Block,4,Lecture,,,All,
3fec46d7-e230-4db2-bf2f-476c445d55b1,ECE,2021,2026-2027,1.2,2026-07-19T06:43:29.540140Z,2,3,A,Monday,5,13:15,14:05,Digital Signal Processing,EC3353,Dr. R. Venkatesh,C355,Main Block,3,Lecture,,,All,
c950a6e7-e066-420e-8aca-afd30c6cedfe,ECE,2021,2026-2027,1.2,2026-07-19T06:43:29.540140Z,2,3,A,Monday,6,14:05,14:55,Signals and Systems,EC3352,Dr. P. Karthik,C119,Main Block,4,Lecture,,,All,
19be242a-376f-4d2d-9701-2bc9cc849f1a,ECE,2021,2026-2027,1.2,2026-07-19T06:43:29.540140Z,2,3,A,Monday,7,14:55,15:45,Digital Signal Processing,EC3353,Dr. R. Venkatesh,C112,Main Block,3,Lecture,,,All,
50cc4222-03d6-44c1-b422-d0d0f48e1e05,ECE,2021,2026-2027,1.2,2026-07-19T06:43:29.540140Z,2,3,A,Tuesday,1,08:45,09:35,Electromagnetic Fields,EC3301,Dr. M. Karthik,C279,Main Block,3,Lecture,,,All,
788db44b-a0ae-4213-b707-648a1a99fdf6,ECE,2021,2026-2027,1.2,2026-07-19T06:43:29.540140Z,2,3,A,Tuesday,2,09:35,10:25,Digital Signal Processing,EC3353,Dr. R. Venkatesh,C326,Main Block,3,Lecture,,,All,
caf539a6-ebe6-41db-90e4-956c4eead998,ECE,2021,2026-2027,1.2,2026-07-19T06:43:29.540140Z,2,3,A,Tuesday,3,10:45,11:35,Control Systems,EC3351,Prof. V. Krishnan,C226,Main Block,4,Lecture,,,All,
c4d44194-5808-459c-a0da-00cd881e00ad,ECE,2021,2026-2027,1.2,2026-07-19T06:43:29.540140Z,2,3,A,Tuesday,4,11:35,12:25,Digital Signal Processing,EC3353,Dr. R. Venkatesh,C195,Main Block,3,Lecture,,,All,
16517418-0c59-429a-b866-38482b0605d6,ECE,2021,2026-2027,1.2,2026-07-19T06:43:29.540140Z,2,3,A,Tuesday,5,13:15,14:05,Signals Laboratory,EC3311,Prof. V. Karthik,Lab-3,Main Block,2,Lab,Lab-3,,All,
fd6c3f35-1198-4e60-a9b6-a2c22c7900a7,ECE,2021,2026-2027,1.2,2026-07-19T06:43:29.540140Z,2,3,A,Tuesday,6,14:05,14:55,Signals Laboratory,EC3311,Prof. V. Karthik,Lab-3,Main Block,2,Lab,Lab-3,,All,
105e5cbd-1193-4011-8fe6-b10b3892ebf7,ECE,2021,2026-2027,1.2,2026-07-19T06:43:29.540140Z,2,3,A,Tuesday,7,14:55,15:45,Signals Laboratory,EC3311,Prof. V. Karthik,Lab-3,Main Block,2,Lab,Lab-3,,All,
082c79e0-ed7f-41fa-a992-694c1a540209,ECE,2021,2026-2027,1.2,2026-07-19T06:43:29.540140Z,2,3,A,Wednesday,1,08:45,09:35,Digital Signal Processing,EC3353,Dr. R. Venkatesh,C210,Main Block,3,Lecture,,,All,
5c229fa3-ef39-4bf6-b508-23f222dd83f9,ECE,2021,2026-2027,1.2,2026-07-19T06:43:29.540140Z,2,3,A,Wednesday,2,09:35,10:25,Control Systems,EC3351,Prof. V. Krishnan,C132,Main Block,4,Lecture,,,All,
6cdfc3c1-70e9-4d94-a304-53c9b2474bb6,ECE,2021,2026-2027,1.2,2026-07-19T06:43:29.540140Z,2,3,A,Wednesday,3,10:45,11:35,Control Systems,EC3351,Prof. V. Krishnan,C103,Main Block,4,Lecture,,,All,
29cd3191-bfe1-4d27-bc06-335049cbc5aa,ECE,2021,2026-2027,1.2,2026-07-19T06:43:29.540140Z,2,3,A,Wednesday,4,11:35,12:25,Control Systems,EC3351,Prof. V. Krishnan,C238,Main Block,4,Lecture,,,All,
397abfe5-dd68-4f7a-b265-c6bf44ffca26,ECE,2021,2026-2027,1.2,2026-07-19T06:43:29.540140Z,2,3,A,Wednesday,5,13:15,14:05,Digital Signal Processing,EC3353,Dr. R. Venkatesh,C257,Main Block,3,Lecture,,,All,
ae15fc31-c9f2-4a4a-ba31-bc8661fa9640,ECE,2021,2026-2027,1.2,2026-07-19T06:43:29.540140Z,2,3,A,Wednesday,6,14:05,14:55,Control Systems,EC3351,Prof. V. Krishnan,C140,Main Block,4,Lecture,,,All,
ee8ae66e-5baf-4f3d-9ab4-9efc29224303,ECE,2021,2026-2027,1.2,2026-07-19T06:43:29.540140Z,2,3,A,Wednesday,7,14:55,15:45,Control Systems,EC3351,Prof. V. Krishnan,C242,Main Block,4,Lecture,,,All,
465c9e65-8299-4857-a0bb-405353e618f3,ECE,2021,2026-2027,1.2,2026-07-19T06:43:29.540140Z,2,3,A,Thursday,1,08:45,09:35,Signals and Systems,EC3352,Dr. P. Karthik,C204,Main Block,4,Lecture,,,All,
65cab90a-0664-418e-a48c-f486c0e45793,ECE,2021,2026-2027,1.2,2026-07-19T06:43:29.540140Z,2,3,A,Thursday,2,09:35,10:25,Electromagnetic Fields,EC3301,Dr. M. Karthik,C383,Main Block,3,Lecture,,,All,
20006690-c31d-4d69-807e-4f0ce05a6802,ECE,2021,2026-2027,1.2,2026-07-19T06:43:29.540140Z,2,3,A,Thursday,3,10:45,11:35,Electromagnetic Fields,EC3301,Dr. M. Karthik,C136,Main Block,3,Lecture,,,All,
7beb00f5-b7e9-4c60-982b-5f8228d0f829,ECE,2021,2026-2027,1.2,2026-07-19T06:43:29.540140Z,2,3,A,Thursday,4,11:35,12:25,Signals and Systems,EC3352,Dr. P. Karthik,C154,Main Block,4,Lecture,,,All,
4b4e530b-9043-48fb-a775-2e8eb61159d3,ECE,2021,2026-2027,1.2,2026-07-19T06:43:29.540140Z,2,3,A,Thursday,5,13:15,14:05,Signals Laboratory,EC3311,Prof. V. Karthik,Lab-3,Main Block,2,Lab,Lab-3,,All,
219c32c2-a726-4d20-bb38-8e84eabc0e6d,ECE,2021,2026-2027,1.2,2026-07-19T06:43:29.540140Z,2,3,A,Thursday,6,14:05,14:55,Signals Laboratory,EC3311,Prof. V. Karthik,Lab-3,Main Block,2,Lab,Lab-3,,All,
95d48b23-c144-4cca-b573-e168a927eae9,ECE,2021,2026-2027,1.2,2026-07-19T06:43:29.540140Z,2,3,A,Thursday,7,14:55,15:45,Signals Laboratory,EC3311,Prof. V. Karthik,Lab-3,Main Block,2,Lab,Lab-3,,All,
4ec5350e-6790-4baa-ada7-2edce8f7c00a,ECE,2021,2026-2027,1.2,2026-07-19T06:43:29.540140Z,2,3,A,Friday,1,08:45,09:35,Control Systems,EC3351,Prof. V. Krishnan,C147,Main Block,4,Lecture,,,All,
a52fdd1c-85fe-49d6-90b8-b7082faf66f0,ECE,2021,2026-2027,1.2,2026-07-19T06:43:29.540140Z,2,3,A,Friday,2,09:35,10:25,Signals and Systems,EC3352,Dr. P. Karthik,C241,Main Block,4,Lecture,,,All,
12f3a069-e9b9-473e-8283-f121df6772a2,ECE,2021,2026-2027,1.2,2026-07-19T06:43:29.540140Z,2,3,A,Friday,3,10:45,11:35,Electromagnetic Fields,EC3301,Dr. M. Karthik,C131,Main Block,3,Lecture,,,All,
ee6a6107-1e4f-45f9-be0e-2a26adc579f7,ECE,2021,2026-2027,1.2,2026-07-19T06:43:29.540140Z,2,3,A,Friday,4,11:35,12:25,Digital Signal Processing,EC3353,Dr. R. Venkatesh,C276,Main Block,3,Lecture,,,All,
d7ebdd14-3fb1-4a53-b6f6-b303a5474693,ECE,2021,2026-2027,1.2,2026-07-19T06:43:29.540140Z,2,3,A,Friday,5,13:15,14:05,Digital Signal Processing,EC3353,Dr. R. Venkatesh,C383,Main Block,3,Lecture,,,All,
2dd16da5-0008-423e-9fca-d7e6c253cd26,ECE,2021,2026-2027,1.2,2026-07-19T06:43:29.540140Z,2,3,A,Friday,6,14:05,14:55,Digital Signal Processing,EC3353,Dr. R. Venkatesh,C129,Main Block,3,Lecture,,,All,
73f111b4-1ad8-4bed-adf3-f4cf7cad463f,ECE,2021,2026-2027,1.2,2026-07-19T06:43:29.540140Z,2,3,A,Friday,7,14:55,15:45,Electromagnetic Fields,EC3301,Dr. M. Karthik,C121,Main Block,3,Lecture,,,All,
7152d9f7-8501-4878-8e7f-8145e5dd2b68,ECE,2021,2026-2027,1.2,2026-07-19T06:43:29.540140Z,2,3,A,Saturday,1,08:45,09:35,Signals and Systems,EC3352,Dr. P. Karthik,C109,Main Block,4,Lecture,,,All,
269d90ad-1863-4a22-849b-1a848ffd6191,ECE,2021,2026-2027,1.2,2026-07-19T06:43:29.540140Z,2,3,A,Saturday,2,09:35,10:25,Signals and Systems,EC3352,Dr. P. Karthik,C138,Main Block,4,Lecture,,,All,
7dd01f84-5c74-430e-830c-bb62b3046916,ECE,2021,2026-2027,1.2,2026-07-19T06:43:29.540140Z,2,3,A,Saturday,3,10:45,11:35,Control Systems,EC3351,Prof. V. Krishnan,C160,Main Block,4,Lecture,,,All,
a931eb43-811a-4b25-a0d5-20c45faa1b85,ECE,2021,2026-2027,1.2,2026-07-19T06:43:29.540140Z,2,3,A,Saturday,4,11:35,12:25,Control Systems,EC3351,Prof. V. Krishnan,C262,Main Block,4,Lecture,,,All,
643b5bce-b39d-490c-bdd8-38a587ee3436,ECE,2021,2026-2027,1.2,2026-07-19T06:43:29.540140Z,2,3,A,Saturday,5,13:15,14:05,Signals Laboratory,EC3311,Prof. V. Karthik,Lab-2,Main Block,2,Lab,Lab-2,,All,
6c6ced24-7c1f-4dbf-b527-cf2e57d081b6,ECE,2021,2026-2027,1.2,2026-07-19T06:43:29.540140Z,2,3,A,Saturday,6,14:05,14:55,Signals Laboratory,EC3311,Prof. V. Karthik,Lab-2,Main Block,2,Lab,Lab-2,,All,
6744c9b8-b151-49e6-8294-a305f2a8c203,ECE,2021,2026-2027,1.2,2026-07-19T06:43:29.540140Z,2,3,A,Saturday,7,14:55,15:45,Signals Laboratory,EC3311,Prof. V. Karthik,Lab-2,Main Block,2,Lab,Lab-2,,All,
51c981c6-aa58-4f01-9ea5-9f55d4e1ae39,ECE,2021,2026-2027,1.2,2026-07-19T06:43:29.540140Z,2,3,B,Monday,1,08:45,09:35,Control Systems,EC3351,Dr. M. Natarajan,C168,Main Block,4,Lecture,,,All,
b5ef3d62-56de-488c-af3d-bf6a89f17fca,ECE,2021,2026-2027,1.2,2026-07-19T06:43:29.540140Z,2,3,B,Monday,2,09:35,10:25,Electromagnetic Fields,EC3301,Prof. A. Karthik,C338,Main Block,3,Lecture,,,All,
c708157a-e11b-4b37-8807-2293be12c862,ECE,2021,2026-2027,1.2,2026-07-19T06:43:29.540140Z,2,3,B,Monday,3,10:45,11:35,Electromagnetic Fields,EC3301,Prof. A. Karthik,C400,Main Block,3,Lecture,,,All,
de990782-38e9-4db1-9085-2e07ffda9cde,ECE,2021,2026-2027,1.2,2026-07-19T06:43:29.540140Z,2,3,B,Monday,4,11:35,12:25,Electromagnetic Fields,EC3301,Prof. A. Karthik,C127,Main Block,3,Lecture,,,All,
170775c5-10c7-4120-b267-ebaf1772bd12,ECE,2021,2026-2027,1.2,2026-07-19T06:43:29.540140Z,2,3,B,Monday,5,13:15,14:05,Signals and Systems,EC3352,Prof. G. Rajan,C240,Main Block,4,Lecture,,,All,
8ca854ff-4f13-4bf3-b31b-a601fe28454b,ECE,2021,2026-2027,1.2,2026-07-19T06:43:29.540140Z,2,3,B,Monday,6,14:05,14:55,Electromagnetic Fields,EC3301,Prof. A. Karthik,C152,Main Block,3,Lecture,,,All,
6b7c9355-2dfa-4179-9f08-01339cd5243f,ECE,2021,2026-2027,1.2,2026-07-19T06:43:29.540140Z,2,3,B,Monday,7,14:55,15:45,Electromagnetic Fields,EC3301,Prof. A. Karthik,C249,Main Block,3,Lecture,,,All,
0bed6169-9b91-4016-9b78-65efc865ad98,ECE,2021,2026-2027,1.2,2026-07-19T06:43:29.540140Z,2,3,B,Tuesday,1,08:45,09:35,Digital Signal Processing,EC3353,Dr. P. Natarajan,C379,Main Block,3,Lecture,,,All,
29202324-3bfb-4849-9fb3-1b5d7e0a4b00,ECE,2021,2026-2027,1.2,2026-07-19T06:43:29.540140Z,2,3,B,Tuesday,2,09:35,10:25,Digital Signal Processing,EC3353,Dr. P. Natarajan,C235,Main Block,3,Lecture,,,All,
3e280e2b-47a2-4331-8654-8faa8c393443,ECE,2021,2026-2027,1.2,2026-07-19T06:43:29.540140Z,2,3,B,Tuesday,3,10:45,11:35,Control Systems,EC3351,Dr. M. Natarajan,C192,Main Block,4,Lecture,,,All,
c0b4da06-b02d-400d-9e30-77488b5c7220,ECE,2021,2026-2027,1.2,2026-07-19T06:43:29.540140Z,2,3,B,Tuesday,4,11:35,12:25,Electromagnetic Fields,EC3301,Prof. A. Karthik,C193,Main Block,3,Lecture,,,All,
7e585457-40cb-49eb-ad8e-6c6b698aa2d6,ECE,2021,2026-2027,1.2,2026-07-19T06:43:29.540140Z,2,3,B,Tuesday,5,13:15,14:05,Signals Laboratory,EC3311,Dr. K. Srinivasan,Lab-5,Main Block,2,Lab,Lab-5,,All,
00dda187-e2fa-409a-8759-8c84131dfe9c,ECE,2021,2026-2027,1.2,2026-07-19T06:43:29.540140Z,2,3,B,Tuesday,6,14:05,14:55,Signals Laboratory,EC3311,Dr. K. Srinivasan,Lab-5,Main Block,2,Lab,Lab-5,,All,
ce07ca8d-f538-4437-8829-b8735420a3b0,ECE,2021,2026-2027,1.2,2026-07-19T06:43:29.540140Z,2,3,B,Tuesday,7,14:55,15:45,Signals Laboratory,EC3311,Dr. K. Srinivasan,Lab-5,Main Block,2,Lab,Lab-5,,All,
141d6baa-611d-40d4-9ef5-01e9268cdd9f,ECE,2021,2026-2027,1.2,2026-07-19T06:43:29.540140Z,2,3,B,Wednesday,1,08:45,09:35,Control Systems,EC3351,Dr. M. Natarajan,C329,Main Block,4,Lecture,,,All,
6fe4f5c7-3764-4571-a2ed-ca78abc60b83,ECE,2021,2026-2027,1.2,2026-07-19T06:43:29.540140Z,2,3,B,Wednesday,2,09:35,10:25,Signals and Systems,EC3352,Prof. G. Rajan,C267,Main Block,4,Lecture,,,All,
6724705c-634a-4954-9c1a-aff024e9969a,ECE,2021,2026-2027,1.2,2026-07-19T06:43:29.540140Z,2,3,B,Wednesday,3,10:45,11:35,Control Systems,EC3351,Dr. M. Natarajan,C322,Main Block,4,Lecture,,,All,
2c316559-7c61-4858-aaa4-3b258b98e0d6,ECE,2021,2026-2027,1.2,2026-07-19T06:43:29.540140Z,2,3,B,Wednesday,4,11:35,12:25,Signals and Systems,EC3352,Prof. G. Rajan,C140,Main Block,4,Lecture,,,All,
1a2b7221-b80b-4c40-b490-8c88ec92d232,ECE,2021,2026-2027,1.2,2026-07-19T06:43:29.540140Z,2,3,B,Wednesday,5,13:15,14:05,Electromagnetic Fields,EC3301,Prof. A. Karthik,C270,Main Block,3,Lecture,,,All,
56c8f087-b0a0-49a8-a65a-0ac78e0be332,ECE,2021,2026-2027,1.2,2026-07-19T06:43:29.540140Z,2,3,B,Wednesday,6,14:05,14:55,Control Systems,EC3351,Dr. M. Natarajan,C120,Main Block,4,Lecture,,,All,
972ccdb2-ee5e-48e5-9b0b-fef7f8d04e20,ECE,2021,2026-2027,1.2,2026-07-19T06:43:29.540140Z,2,3,B,Wednesday,7,14:55,15:45,Signals and Systems,EC3352,Prof. G. Rajan,C184,Main Block,4,Lecture,,,All,
c8946878-7a55-4e1f-a0fa-4845825f018b,ECE,2021,2026-2027,1.2,2026-07-19T06:43:29.540140Z,2,3,B,Thursday,1,08:45,09:35,Signals and Systems,EC3352,Prof. G. Rajan,C288,Main Block,4,Lecture,,,All,
3e387bbf-6e36-4822-9a8d-b4d999db2366,ECE,2021,2026-2027,1.2,2026-07-19T06:43:29.540140Z,2,3,B,Thursday,2,09:35,10:25,Digital Signal Processing,EC3353,Dr. P. Natarajan,C197,Main Block,3,Lecture,,,All,
40eda45f-6a64-4ecb-b226-92313119084a,ECE,2021,2026-2027,1.2,2026-07-19T06:43:29.540140Z,2,3,B,Thursday,3,10:45,11:35,Signals and Systems,EC3352,Prof. G. Rajan,C339,Main Block,4,Lecture,,,All,
a112e3ce-cca7-4e29-b1be-acaa95ec5b4c,ECE,2021,2026-2027,1.2,2026-07-19T06:43:29.540140Z,2,3,B,Thursday,4,11:35,12:25,Electromagnetic Fields,EC3301,Prof. A. Karthik,C118,Main Block,3,Lecture,,,All,
a9a843f1-199d-463a-b250-4f1826dae62e,ECE,2021,2026-2027,1.2,2026-07-19T06:43:29.540140Z,2,3,B,Thursday,5,13:15,14:05,Signals Laboratory,EC3311,Dr. K. Srinivasan,Lab-10,Main Block,2,Lab,Lab-10,,All,
02de8214-6fec-4811-a8d9-af30cfd87daa,ECE,2021,2026-2027,1.2,2026-07-19T06:43:29.540140Z,2,3,B,Thursday,6,14:05,14:55,Signals Laboratory,EC3311,Dr. K. Srinivasan,Lab-10,Main Block,2,Lab,Lab-10,,All,
0b86ac9e-2912-4d90-b5f2-975a8dce820f,ECE,2021,2026-2027,1.2,2026-07-19T06:43:29.540140Z,2,3,B,Thursday,7,14:55,15:45,Signals Laboratory,EC3311,Dr. K. Srinivasan,Lab-10,Main Block,2,Lab,Lab-10,,All,
cee0bb5c-81e2-4634-9bab-653674beb69f,ECE,2021,2026-2027,1.2,2026-07-19T06:43:29.540140Z,2,3,B,Friday,1,08:45,09:35,Signals and Systems,EC3352,Prof. G. Rajan,C160,Main Block,4,Lecture,,,All,
c47928b7-beb7-475d-95f4-c8a198a4710b,ECE,2021,2026-2027,1.2,2026-07-19T06:43:29.540140Z,2,3,B,Friday,2,09:35,10:25,Electromagnetic Fields,EC3301,Prof. A. Karthik,C209,Main Block,3,Lecture,,,All,
d4955ca5-9fa0-4d2a-80a4-f43a7fdbd532,ECE,2021,2026-2027,1.2,2026-07-19T06:43:29.540140Z,2,3,B,Friday,3,10:45,11:35,Digital Signal Processing,EC3353,Dr. P. Natarajan,C310,Main Block,3,Lecture,,,All,
2c84b90d-783f-45e8-ac9f-f4dbcde9189d,ECE,2021,2026-2027,1.2,2026-07-19T06:43:29.540140Z,2,3,B,Friday,4,11:35,12:25,Control Systems,EC3351,Dr. M. Natarajan,C327,Main Block,4,Lecture,,,All,
7502727b-7f1c-4578-9c9b-7e819ed6a272,ECE,2021,2026-2027,1.2,2026-07-19T06:43:29.540140Z,2,3,B,Friday,5,13:15,14:05,Control Systems,EC3351,Dr. M. Natarajan,C253,Main Block,4,Lecture,,,All,
5593f0fc-8c45-4771-b890-f8c2f2c974be,ECE,2021,2026-2027,1.2,2026-07-19T06:43:29.540140Z,2,3,B,Friday,6,14:05,14:55,Control Systems,EC3351,Dr. M. Natarajan,C143,Main Block,4,Lecture,,,All,
4fe190fd-ea64-47a7-a928-e46bf74ec929,ECE,2021,2026-2027,1.2,2026-07-19T06:43:29.540140Z,2,3,B,Friday,7,14:55,15:45,Signals and Systems,EC3352,Prof. G. Rajan,C172,Main Block,4,Lecture,,,All,
94025a39-b340-4c5d-9357-9fa2cb837220,ECE,2021,2026-2027,1.2,2026-07-19T06:43:29.540140Z,2,3,B,Saturday,1,08:45,09:35,Control Systems,EC3351,Dr. M. Natarajan,C383,Main Block,4,Lecture,,,All,
7878d8c4-aab8-482a-9242-5b7d2d157e78,ECE,2021,2026-2027,1.2,2026-07-19T06:43:29.540140Z,2,3,B,Saturday,2,09:35,10:25,Digital Signal Processing,EC3353,Dr. P. Natarajan,C299,Main Block,3,Lecture,,,All,
b5bf8af0-f1f1-4a55-8b2f-5b7711420eb2,ECE,2021,2026-2027,1.2,2026-07-19T06:43:29.540140Z,2,3,B,Saturday,3,10:45,11:35,Electromagnetic Fields,EC3301,Prof. A. Karthik,C103,Main Block,3,Lecture,,,All,
cb3c8eb6-0497-448b-8900-99cdaf46cd4b,ECE,2021,2026-2027,1.2,2026-07-19T06:43:29.540140Z,2,3,B,Saturday,4,11:35,12:25,Control Systems,EC3351,Dr. M. Natarajan,C306,Main Block,4,Lecture,,,All,
61a02052-0051-48e9-8f4b-96a36e1460b9,ECE,2021,2026-2027,1.2,2026-07-19T06:43:29.540140Z,2,3,B,Saturday,5,13:15,14:05,Signals Laboratory,EC3311,Dr. K. Srinivasan,Lab-1,Main Block,2,Lab,Lab-1,,All,
a989f140-51c8-4dc3-964a-c7c923ce8a0d,ECE,2021,2026-2027,1.2,2026-07-19T06:43:29.540140Z,2,3,B,Saturday,6,14:05,14:55,Signals Laboratory,EC3311,Dr. K. Srinivasan,Lab-1,Main Block,2,Lab,Lab-1,,All,
fa6defc2-b830-40a6-9279-c75d61258749,ECE,2021,2026-2027,1.2,2026-07-19T06:43:29.540140Z,2,3,B,Saturday,7,14:55,15:45,Signals Laboratory,EC3311,Dr. K. Srinivasan,Lab-1,Main Block,2,Lab,Lab-1,,All,
3ef5de87-80ec-438e-b381-14fe7a528a82,ECE,2021,2026-2027,1.2,2026-07-19T06:43:29.540140Z,3,5,A,Monday,1,08:45,09:35,Embedded Systems,EC3551,Prof. V. Sundaram,C177,Main Block,3,Lecture,,,All,
e8e2e2f5-fef1-44cc-8424-86c342e506d8,ECE,2021,2026-2027,1.2,2026-07-19T06:43:29.540140Z,3,5,A,Monday,2,09:35,10:25,VLSI Design,EC3502,Dr. P. Sundaram,C352,Main Block,3,Lecture,,,All,
099143ff-e6fd-4b96-bef6-328922d01787,ECE,2021,2026-2027,1.2,2026-07-19T06:43:29.540140Z,3,5,A,Monday,3,10:45,11:35,Embedded Systems,EC3551,Prof. V. Sundaram,C381,Main Block,3,Lecture,,,All,
41272bf7-572b-4124-b42c-711089dfde53,ECE,2021,2026-2027,1.2,2026-07-19T06:43:29.540140Z,3,5,A,Monday,4,11:35,12:25,VLSI Design,EC3502,Dr. P. Sundaram,C383,Main Block,3,Lecture,,,All,
29296921-b6a1-4229-9ef4-037382221077,ECE,2021,2026-2027,1.2,2026-07-19T06:43:29.540140Z,3,5,A,Monday,5,13:15,14:05,Embedded Systems,EC3551,Prof. V. Sundaram,C392,Main Block,3,Lecture,,,All,
568749d9-53f1-479f-8b6e-72aee0fc9a56,ECE,2021,2026-2027,1.2,2026-07-19T06:43:29.540140Z,3,5,A,Monday,6,14:05,14:55,Embedded Systems,EC3551,Prof. V. Sundaram,C188,Main Block,3,Lecture,,,All,
1d9f555f-f86d-459c-b98b-0c45ecd1e37a,ECE,2021,2026-2027,1.2,2026-07-19T06:43:29.540140Z,3,5,A,Monday,7,14:55,15:45,VLSI Design,EC3502,Dr. P. Sundaram,C405,Main Block,3,Lecture,,,All,
8eeac897-5a0e-4df6-9c2d-83c731be0fcb,ECE,2021,2026-2027,1.2,2026-07-19T06:43:29.540140Z,3,5,A,Tuesday,1,08:45,09:35,Antenna and Wave Propagation,EC3552,Dr. P. Srinivasan,C263,Main Block,3,Lecture,,,All,
2325723e-0630-42aa-9bba-46aa966ad365,ECE,2021,2026-2027,1.2,2026-07-19T06:43:29.540140Z,3,5,A,Tuesday,2,09:35,10:25,Wireless Communication,EC3501,Dr. K. Sundaram,C302,Main Block,4,Lecture,,,All,
0accbc72-ef93-41e4-aa22-2b617383a473,ECE,2021,2026-2027,1.2,2026-07-19T06:43:29.540140Z,3,5,A,Tuesday,3,10:45,11:35,VLSI Design,EC3502,Dr. P. Sundaram,C200,Main Block,3,Lecture,,,All,
f664e56e-bd15-4a41-8eaf-58553ea7d4ae,ECE,2021,2026-2027,1.2,2026-07-19T06:43:29.540140Z,3,5,A,Tuesday,4,11:35,12:25,VLSI Design,EC3502,Dr. P. Sundaram,C333,Main Block,3,Lecture,,,All,
c4ba7b6c-f156-4cc2-9d49-35e3300e6a14,ECE,2021,2026-2027,1.2,2026-07-19T06:43:29.540140Z,3,5,A,Tuesday,5,13:15,14:05,Embedded Systems Laboratory,EC3511,Dr. M. Ramesh,Lab-10,Main Block,2,Lab,Lab-10,,All,
77e6b432-70ed-4945-97a9-0d4447a85cd9,ECE,2021,2026-2027,1.2,2026-07-19T06:43:29.540140Z,3,5,A,Tuesday,6,14:05,14:55,Embedded Systems Laboratory,EC3511,Dr. M. Ramesh,Lab-10,Main Block,2,Lab,Lab-10,,All,
aaf26b3f-4bca-4e2c-a259-59a602a3cda2,ECE,2021,2026-2027,1.2,2026-07-19T06:43:29.540140Z,3,5,A,Tuesday,7,14:55,15:45,Embedded Systems Laboratory,EC3511,Dr. M. Ramesh,Lab-10,Main Block,2,Lab,Lab-10,,All,
9b0a56f6-be39-421e-907e-cd4b76fe5334,ECE,2021,2026-2027,1.2,2026-07-19T06:43:29.540140Z,3,5,A,Wednesday,1,08:45,09:35,VLSI Design,EC3502,Dr. P. Sundaram,C403,Main Block,3,Lecture,,,All,
36d46c85-afd6-4e5b-a7ee-e44c94eb9abb,ECE,2021,2026-2027,1.2,2026-07-19T06:43:29.540140Z,3,5,A,Wednesday,2,09:35,10:25,Wireless Communication,EC3501,Dr. K. Sundaram,C106,Main Block,4,Lecture,,,All,
ed6d40ee-b23a-4f0b-bd44-15f2f4364ee4,ECE,2021,2026-2027,1.2,2026-07-19T06:43:29.540140Z,3,5,A,Wednesday,3,10:45,11:35,Embedded Systems,EC3551,Prof. V. Sundaram,C262,Main Block,3,Lecture,,,All,
104fe817-66ab-458b-9c4a-bb9917a69d3a,ECE,2021,2026-2027,1.2,2026-07-19T06:43:29.540140Z,3,5,A,Wednesday,4,11:35,12:25,Antenna and Wave Propagation,EC3552,Dr. P. Srinivasan,C139,Main Block,3,Lecture,,,All,
fab2d84f-7693-4a3d-8bcf-afb61d5ba211,ECE,2021,2026-2027,1.2,2026-07-19T06:43:29.540140Z,3,5,A,Wednesday,5,13:15,14:05,Embedded Systems,EC3551,Prof. V. Sundaram,C188,Main Block,3,Lecture,,,All,
ec5aaf11-313e-4fdd-9f18-6795a9c1d5b7,ECE,2021,2026-2027,1.2,2026-07-19T06:43:29.540140Z,3,5,A,Wednesday,6,14:05,14:55,Embedded Systems,EC3551,Prof. V. Sundaram,C260,Main Block,3,Lecture,,,All,
faf5b31d-b080-448c-a10f-9322cdb98d46,ECE,2021,2026-2027,1.2,2026-07-19T06:43:29.540140Z,3,5,A,Wednesday,7,14:55,15:45,Antenna and Wave Propagation,EC3552,Dr. P. Srinivasan,C383,Main Block,3,Lecture,,,All,
9fff77ac-eb18-4419-8c28-b72c8b903d7d,ECE,2021,2026-2027,1.2,2026-07-19T06:43:29.540140Z,3,5,A,Thursday,1,08:45,09:35,Wireless Communication,EC3501,Dr. K. Sundaram,C315,Main Block,4,Lecture,,,All,
e5ec36d0-1bf5-4b60-a7e7-06a7ad8f362b,ECE,2021,2026-2027,1.2,2026-07-19T06:43:29.540140Z,3,5,A,Thursday,2,09:35,10:25,Embedded Systems,EC3551,Prof. V. Sundaram,C310,Main Block,3,Lecture,,,All,
8829e6c2-519a-4557-9f61-bbb6e5ce1990,ECE,2021,2026-2027,1.2,2026-07-19T06:43:29.540140Z,3,5,A,Thursday,3,10:45,11:35,VLSI Design,EC3502,Dr. P. Sundaram,C229,Main Block,3,Lecture,,,All,
71bc8824-2669-4932-a240-50174eca3b1c,ECE,2021,2026-2027,1.2,2026-07-19T06:43:29.540140Z,3,5,A,Thursday,4,11:35,12:25,VLSI Design,EC3502,Dr. P. Sundaram,C382,Main Block,3,Lecture,,,All,
05d41525-def9-40d4-8b5a-30876094cd86,ECE,2021,2026-2027,1.2,2026-07-19T06:43:29.540140Z,3,5,A,Thursday,5,13:15,14:05,Embedded Systems Laboratory,EC3511,Dr. M. Ramesh,Lab-4,Main Block,2,Lab,Lab-4,,All,
11939dc7-59a1-49cc-b9d6-4d413ebc3c42,ECE,2021,2026-2027,1.2,2026-07-19T06:43:29.540140Z,3,5,A,Thursday,6,14:05,14:55,Embedded Systems Laboratory,EC3511,Dr. M. Ramesh,Lab-4,Main Block,2,Lab,Lab-4,,All,
39e9915e-0aaa-47d7-a7d2-bcb504c43abd,ECE,2021,2026-2027,1.2,2026-07-19T06:43:29.540140Z,3,5,A,Thursday,7,14:55,15:45,Embedded Systems Laboratory,EC3511,Dr. M. Ramesh,Lab-4,Main Block,2,Lab,Lab-4,,All,
dc35cac3-caaf-4c63-a86f-07bf4275f36e,ECE,2021,2026-2027,1.2,2026-07-19T06:43:29.540140Z,3,5,A,Friday,1,08:45,09:35,Antenna and Wave Propagation,EC3552,Dr. P. Srinivasan,C271,Main Block,3,Lecture,,,All,
82e79281-decd-4c65-bf51-fdf4fa7f58fc,ECE,2021,2026-2027,1.2,2026-07-19T06:43:29.540140Z,3,5,A,Friday,2,09:35,10:25,Wireless Communication,EC3501,Dr. K. Sundaram,C298,Main Block,4,Lecture,,,All,
aa81073c-fe7a-4b57-ae8a-8de8d7dc5e45,ECE,2021,2026-2027,1.2,2026-07-19T06:43:29.540140Z,3,5,A,Friday,3,10:45,11:35,VLSI Design,EC3502,Dr. P. Sundaram,C376,Main Block,3,Lecture,,,All,
13c7d4e8-6224-4c48-a920-410aebac44a0,ECE,2021,2026-2027,1.2,2026-07-19T06:43:29.540140Z,3,5,A,Friday,4,11:35,12:25,Wireless Communication,EC3501,Dr. K. Sundaram,C319,Main Block,4,Lecture,,,All,
84739696-21b4-4c45-976f-7b46fb4f593a,ECE,2021,2026-2027,1.2,2026-07-19T06:43:29.540140Z,3,5,A,Friday,5,13:15,14:05,Embedded Systems,EC3551,Prof. V. Sundaram,C295,Main Block,3,Lecture,,,All,
56878fa0-4d5c-478c-aa03-e9f4f0fdc21b,ECE,2021,2026-2027,1.2,2026-07-19T06:43:29.540140Z,3,5,A,Friday,6,14:05,14:55,VLSI Design,EC3502,Dr. P. Sundaram,C287,Main Block,3,Lecture,,,All,
ac782626-dd25-41ea-adb1-69df06cfad66,ECE,2021,2026-2027,1.2,2026-07-19T06:43:29.540140Z,3,5,A,Friday,7,14:55,15:45,Wireless Communication,EC3501,Dr. K. Sundaram,C319,Main Block,4,Lecture,,,All,
3e9ec377-aaf1-41f2-bf92-0aa65d1595bd,ECE,2021,2026-2027,1.2,2026-07-19T06:43:29.540140Z,3,5,A,Saturday,1,08:45,09:35,VLSI Design,EC3502,Dr. P. Sundaram,C357,Main Block,3,Lecture,,,All,
fdd75a63-e289-4bb7-bc22-2d1be359f43e,ECE,2021,2026-2027,1.2,2026-07-19T06:43:29.540140Z,3,5,A,Saturday,2,09:35,10:25,Embedded Systems,EC3551,Prof. V. Sundaram,C174,Main Block,3,Lecture,,,All,
faa4a895-b423-4189-9e7e-bc99e634933a,ECE,2021,2026-2027,1.2,2026-07-19T06:43:29.540140Z,3,5,A,Saturday,3,10:45,11:35,Wireless Communication,EC3501,Dr. K. Sundaram,C336,Main Block,4,Lecture,,,All,
c39aefb9-9441-44cc-950b-957dced1a8cd,ECE,2021,2026-2027,1.2,2026-07-19T06:43:29.540140Z,3,5,A,Saturday,4,11:35,12:25,Wireless Communication,EC3501,Dr. K. Sundaram,C131,Main Block,4,Lecture,,,All,
79f988d6-6817-4d72-9862-44bb4a2da3f7,ECE,2021,2026-2027,1.2,2026-07-19T06:43:29.540140Z,3,5,A,Saturday,5,13:15,14:05,Embedded Systems Laboratory,EC3511,Dr. M. Ramesh,Lab-9,Main Block,2,Lab,Lab-9,,All,
d0ce6fa4-77b0-437f-8ba6-b7f60f32be14,ECE,2021,2026-2027,1.2,2026-07-19T06:43:29.540140Z,3,5,A,Saturday,6,14:05,14:55,Embedded Systems Laboratory,EC3511,Dr. M. Ramesh,Lab-9,Main Block,2,Lab,Lab-9,,All,
9f6bc2ff-8142-4db9-8591-ac5eb22ae1cc,ECE,2021,2026-2027,1.2,2026-07-19T06:43:29.540140Z,3,5,A,Saturday,7,14:55,15:45,Embedded Systems Laboratory,EC3511,Dr. M. Ramesh,Lab-9,Main Block,2,Lab,Lab-9,,All,
9695abf5-caa5-4faa-90a7-f42137ea8e77,ECE,2021,2026-2027,1.2,2026-07-19T06:43:29.540140Z,3,5,B,Monday,1,08:45,09:35,VLSI Design,EC3502,Prof. A. Krishnan,C302,Main Block,3,Lecture,,,All,
7c6ddc6c-ba12-40ff-a842-020cf50846bb,ECE,2021,2026-2027,1.2,2026-07-19T06:43:29.540140Z,3,5,B,Monday,2,09:35,10:25,Wireless Communication,EC3501,Prof. G. Natarajan,C170,Main Block,4,Lecture,,,All,
d8a4b2c8-cd94-492e-a4f2-99efa651511c,ECE,2021,2026-2027,1.2,2026-07-19T06:43:29.540140Z,3,5,B,Monday,3,10:45,11:35,VLSI Design,EC3502,Prof. A. Krishnan,C363,Main Block,3,Lecture,,,All,
1bcd27ff-896f-4a89-86c3-8933d09d2160,ECE,2021,2026-2027,1.2,2026-07-19T06:43:29.540140Z,3,5,B,Monday,4,11:35,12:25,VLSI Design,EC3502,Prof. A. Krishnan,C399,Main Block,3,Lecture,,,All,
e4ec632e-cf74-444f-b6c0-f5fe1046fdbb,ECE,2021,2026-2027,1.2,2026-07-19T06:43:29.540140Z,3,5,B,Monday,5,13:15,14:05,VLSI Design,EC3502,Prof. A. Krishnan,C149,Main Block,3,Lecture,,,All,
ec40470e-f838-4857-a424-0fd080ae067e,ECE,2021,2026-2027,1.2,2026-07-19T06:43:29.540140Z,3,5,B,Monday,6,14:05,14:55,Antenna and Wave Propagation,EC3552,Prof. V. Krishnan,C109,Main Block,3,Lecture,,,All,
9d48032f-9b06-4b3d-b96c-e32c958855b5,ECE,2021,2026-2027,1.2,2026-07-19T06:43:29.540140Z,3,5,B,Monday,7,14:55,15:45,Embedded Systems,EC3551,Prof. V. Krishnan,C296,Main Block,3,Lecture,,,All,
3ac4ed7e-e2c6-4a92-94c6-983b7d1a5c85,ECE,2021,2026-2027,1.2,2026-07-19T06:43:29.540140Z,3,5,B,Tuesday,1,08:45,09:35,VLSI Design,EC3502,Prof. A. Krishnan,C312,Main Block,3,Lecture,,,All,
d99bcdf4-fe77-44b3-a7ae-4fca98309ab8,ECE,2021,2026-2027,1.2,2026-07-19T06:43:29.540140Z,3,5,B,Tuesday,2,09:35,10:25,Wireless Communication,EC3501,Prof. G. Natarajan,C403,Main Block,4,Lecture,,,All,
1fbec308-4eef-4ec1-88c9-30eb588a855c,ECE,2021,2026-2027,1.2,2026-07-19T06:43:29.540140Z,3,5,B,Tuesday,3,10:45,11:35,Antenna and Wave Propagation,EC3552,Prof. V. Krishnan,C243,Main Block,3,Lecture,,,All,
309cafda-ede3-4d99-84f8-bb33f9158b8c,ECE,2021,2026-2027,1.2,2026-07-19T06:43:29.540140Z,3,5,B,Tuesday,4,11:35,12:25,VLSI Design,EC3502,Prof. A. Krishnan,C110,Main Block,3,Lecture,,,All,
e26b018b-2dc3-4183-8cfe-f3540d689622,ECE,2021,2026-2027,1.2,2026-07-19T06:43:29.540140Z,3,5,B,Tuesday,5,13:15,14:05,Embedded Systems Laboratory,EC3511,Prof. A. Sundaram,Lab-2,Main Block,2,Lab,Lab-2,,All,
7220c076-607d-47a3-bbf1-ba05cbab5772,ECE,2021,2026-2027,1.2,2026-07-19T06:43:29.540140Z,3,5,B,Tuesday,6,14:05,14:55,Embedded Systems Laboratory,EC3511,Prof. A. Sundaram,Lab-2,Main Block,2,Lab,Lab-2,,All,
58f4de40-8e9c-4ab0-9722-b6b2d71dc654,ECE,2021,2026-2027,1.2,2026-07-19T06:43:29.540140Z,3,5,B,Tuesday,7,14:55,15:45,Embedded Systems Laboratory,EC3511,Prof. A. Sundaram,Lab-2,Main Block,2,Lab,Lab-2,,All,
e3158ae8-135c-42e7-a0b1-fc8c7204b25d,ECE,2021,2026-2027,1.2,2026-07-19T06:43:29.540140Z,3,5,B,Wednesday,1,08:45,09:35,Embedded Systems,EC3551,Prof. V. Krishnan,C212,Main Block,3,Lecture,,,All,
804cf661-39fe-48c7-bbcc-9f83218e6cc8,ECE,2021,2026-2027,1.2,2026-07-19T06:43:29.540140Z,3,5,B,Wednesday,2,09:35,10:25,Embedded Systems,EC3551,Prof. V. Krishnan,C261,Main Block,3,Lecture,,,All,
0ff51742-5b47-4884-ba2f-a3c1cbdaffd0,ECE,2021,2026-2027,1.2,2026-07-19T06:43:29.540140Z,3,5,B,Wednesday,3,10:45,11:35,Wireless Communication,EC3501,Prof. G. Natarajan,C177,Main Block,4,Lecture,,,All,
cb8094f5-4dcd-465b-b348-b115883b628b,ECE,2021,2026-2027,1.2,2026-07-19T06:43:29.540140Z,3,5,B,Wednesday,4,11:35,12:25,VLSI Design,EC3502,Prof. A. Krishnan,C128,Main Block,3,Lecture,,,All,
755c504b-b6c5-499e-b60e-615660c7bd62,ECE,2021,2026-2027,1.2,2026-07-19T06:43:29.540140Z,3,5,B,Wednesday,5,13:15,14:05,Antenna and Wave Propagation,EC3552,Prof. V. Krishnan,C262,Main Block,3,Lecture,,,All,
9b5b5d78-8c20-4ff8-aa5b-b3c7027df0b5,ECE,2021,2026-2027,1.2,2026-07-19T06:43:29.540140Z,3,5,B,Wednesday,6,14:05,14:55,Antenna and Wave Propagation,EC3552,Prof. V. Krishnan,C190,Main Block,3,Lecture,,,All,
5e5c9632-3bc5-4a44-a1fe-b18d3f779bcd,ECE,2021,2026-2027,1.2,2026-07-19T06:43:29.540140Z,3,5,B,Wednesday,7,14:55,15:45,Embedded Systems,EC3551,Prof. V. Krishnan,C312,Main Block,3,Lecture,,,All,
11694e10-4dd0-4455-96c3-e33178532489,ECE,2021,2026-2027,1.2,2026-07-19T06:43:29.540140Z,3,5,B,Thursday,1,08:45,09:35,Embedded Systems,EC3551,Prof. V. Krishnan,C243,Main Block,3,Lecture,,,All,
94525590-e212-455a-a5fc-172048896b63,ECE,2021,2026-2027,1.2,2026-07-19T06:43:29.540140Z,3,5,B,Thursday,2,09:35,10:25,Antenna and Wave Propagation,EC3552,Prof. V. Krishnan,C222,Main Block,3,Lecture,,,All,
e20f1ba4-e650-425e-96ed-f348fa4bbedb,ECE,2021,2026-2027,1.2,2026-07-19T06:43:29.540140Z,3,5,B,Thursday,3,10:45,11:35,Embedded Systems,EC3551,Prof. V. Krishnan,C167,Main Block,3,Lecture,,,All,
a0c4d009-ff8b-46bf-b5f6-8fbef42a9469,ECE,2021,2026-2027,1.2,2026-07-19T06:43:29.540140Z,3,5,B,Thursday,4,11:35,12:25,Embedded Systems,EC3551,Prof. V. Krishnan,C132,Main Block,3,Lecture,,,All,
a31c7f78-b2a3-4779-b5ec-c9392f29483c,ECE,2021,2026-2027,1.2,2026-07-19T06:43:29.540140Z,3,5,B,Thursday,5,13:15,14:05,Embedded Systems Laboratory,EC3511,Prof. A. Sundaram,Lab-6,Main Block,2,Lab,Lab-6,,All,
4bb87753-4bc4-48b5-bfc3-5d9e2004e7b4,ECE,2021,2026-2027,1.2,2026-07-19T06:43:29.540140Z,3,5,B,Thursday,6,14:05,14:55,Embedded Systems Laboratory,EC3511,Prof. A. Sundaram,Lab-6,Main Block,2,Lab,Lab-6,,All,
3e489304-cc8f-44d6-b05d-d7084a3b11ab,ECE,2021,2026-2027,1.2,2026-07-19T06:43:29.540140Z,3,5,B,Thursday,7,14:55,15:45,Embedded Systems Laboratory,EC3511,Prof. A. Sundaram,Lab-6,Main Block,2,Lab,Lab-6,,All,
f410cee7-9d22-4b28-80bc-55f1bfcb43d1,ECE,2021,2026-2027,1.2,2026-07-19T06:43:29.540140Z,3,5,B,Friday,1,08:45,09:35,Antenna and Wave Propagation,EC3552,Prof. V. Krishnan,C309,Main Block,3,Lecture,,,All,
9d7ec9c0-93b8-4a95-a4ad-bbf352422b5d,ECE,2021,2026-2027,1.2,2026-07-19T06:43:29.540140Z,3,5,B,Friday,2,09:35,10:25,Embedded Systems,EC3551,Prof. V. Krishnan,C277,Main Block,3,Lecture,,,All,
7e5450e5-9099-40a8-807c-0f4b44013f4c,ECE,2021,2026-2027,1.2,2026-07-19T06:43:29.540140Z,3,5,B,Friday,3,10:45,11:35,Antenna and Wave Propagation,EC3552,Prof. V. Krishnan,C258,Main Block,3,Lecture,,,All,
57eb3459-eb53-45c8-8242-87628b466597,ECE,2021,2026-2027,1.2,2026-07-19T06:43:29.540140Z,3,5,B,Friday,4,11:35,12:25,Embedded Systems,EC3551,Prof. V. Krishnan,C390,Main Block,3,Lecture,,,All,
ea019213-9668-4a8c-b46a-08ea83006ba3,ECE,2021,2026-2027,1.2,2026-07-19T06:43:29.540140Z,3,5,B,Friday,5,13:15,14:05,Wireless Communication,EC3501,Prof. G. Natarajan,C266,Main Block,4,Lecture,,,All,
efb2f2c5-0cbc-4442-8a22-c4d5317d0df2,ECE,2021,2026-2027,1.2,2026-07-19T06:43:29.540140Z,3,5,B,Friday,6,14:05,14:55,VLSI Design,EC3502,Prof. A. Krishnan,C279,Main Block,3,Lecture,,,All,
47444540-a1fd-41d9-addb-2f38e158dfe0,ECE,2021,2026-2027,1.2,2026-07-19T06:43:29.540140Z,3,5,B,Friday,7,14:55,15:45,Wireless Communication,EC3501,Prof. G. Natarajan,C118,Main Block,4,Lecture,,,All,
209a116f-4b96-4e23-aaea-2fe63c513101,ECE,2021,2026-2027,1.2,2026-07-19T06:43:29.540140Z,3,5,B,Saturday,1,08:45,09:35,Wireless Communication,EC3501,Prof. G. Natarajan,C348,Main Block,4,Lecture,,,All,
c585b584-4b09-441b-a484-b32103d92e05,ECE,2021,2026-2027,1.2,2026-07-19T06:43:29.540140Z,3,5,B,Saturday,2,09:35,10:25,Embedded Systems,EC3551,Prof. V. Krishnan,C119,Main Block,3,Lecture,,,All,
e270a02f-f294-47d6-82db-57620adf206b,ECE,2021,2026-2027,1.2,2026-07-19T06:43:29.540140Z,3,5,B,Saturday,3,10:45,11:35,VLSI Design,EC3502,Prof. A. Krishnan,C319,Main Block,3,Lecture,,,All,
2dcdce5c-3df4-4d16-968e-a168400f0462,ECE,2021,2026-2027,1.2,2026-07-19T06:43:29.540140Z,3,5,B,Saturday,4,11:35,12:25,VLSI Design,EC3502,Prof. A. Krishnan,C287,Main Block,3,Lecture,,,All,
3197f6dc-bea7-4290-8fe4-74d47a3018f7,ECE,2021,2026-2027,1.2,2026-07-19T06:43:29.540140Z,3,5,B,Saturday,5,13:15,14:05,Embedded Systems Laboratory,EC3511,Prof. A. Sundaram,Lab-3,Main Block,2,Lab,Lab-3,,All,
037e677e-aaa4-4053-8236-4aabf62da82d,ECE,2021,2026-2027,1.2,2026-07-19T06:43:29.540140Z,3,5,B,Saturday,6,14:05,14:55,Embedded Systems Laboratory,EC3511,Prof. A. Sundaram,Lab-3,Main Block,2,Lab,Lab-3,,All,
4664d80d-e39c-4347-89bf-7625c768886b,ECE,2021,2026-2027,1.2,2026-07-19T06:43:29.540140Z,3,5,B,Saturday,7,14:55,15:45,Embedded Systems Laboratory,EC3511,Prof. A. Sundaram,Lab-3,Main Block,2,Lab,Lab-3,,All,
415f2a9a-54f1-4049-abb6-2f5ea69504ec,ECE,2021,2026-2027,1.2,2026-07-19T06:43:29.540140Z,4,7,A,Monday,1,08:45,09:35,RF and Microwave Engineering,EC3702,Prof. G. Karthik,C208,Main Block,3,Lecture,,,All,
87bb46ea-b163-4314-be71-593d18bbb0a0,ECE,2021,2026-2027,1.2,2026-07-19T06:43:29.540140Z,4,7,A,Monday,2,09:35,10:25,Project Work,EC3711,Dr. S. Venkatesh,C221,Main Block,2,Mini Project,,,All,
a06231b5-e740-40bf-b7b6-85283d3874c4,ECE,2021,2026-2027,1.2,2026-07-19T06:43:29.540140Z,4,7,A,Monday,3,10:45,11:35,Professional Ethics,EC3791,Prof. G. Sundaram,C278,Main Block,2,Lecture,,,All,
70763c5b-4524-449d-869f-eb6fb3fc8f85,ECE,2021,2026-2027,1.2,2026-07-19T06:43:29.540140Z,4,7,A,Monday,4,11:35,12:25,Optical Communication,EC3701,Prof. A. Krishnan,C319,Main Block,3,Lecture,,,All,
7d006fc9-eca9-4942-866e-66533f8ecb2d,ECE,2021,2026-2027,1.2,2026-07-19T06:43:29.540140Z,4,7,A,Monday,5,13:15,14:05,Project Work,EC3711,Dr. S. Venkatesh,C249,Main Block,2,Mini Project,,,All,
c0a0a8e7-9d86-4f62-a4a4-01628520165a,ECE,2021,2026-2027,1.2,2026-07-19T06:43:29.540140Z,4,7,A,Monday,6,14:05,14:55,Optical Communication,EC3701,Prof. A. Krishnan,C349,Main Block,3,Lecture,,,All,
b0e9f10e-5b96-4c63-81ef-46e96e5d9f29,ECE,2021,2026-2027,1.2,2026-07-19T06:43:29.540140Z,4,7,A,Monday,7,14:55,15:45,Professional Ethics,EC3791,Prof. G. Sundaram,C221,Main Block,2,Lecture,,,All,
127222db-3662-49ac-9850-ddbdb4d56748,ECE,2021,2026-2027,1.2,2026-07-19T06:43:29.540140Z,4,7,A,Tuesday,1,08:45,09:35,Project Work,EC3711,Dr. S. Venkatesh,C155,Main Block,2,Mini Project,,,All,
05e166c4-294d-4beb-822e-0c314699aa62,ECE,2021,2026-2027,1.2,2026-07-19T06:43:29.540140Z,4,7,A,Tuesday,2,09:35,10:25,RF and Microwave Engineering,EC3702,Prof. G. Karthik,C386,Main Block,3,Lecture,,,All,
4b980c8d-77e0-4ebb-8498-d88156d4c1d9,ECE,2021,2026-2027,1.2,2026-07-19T06:43:29.540140Z,4,7,A,Tuesday,3,10:45,11:35,Professional Ethics,EC3791,Prof. G. Sundaram,C184,Main Block,2,Lecture,,,All,
a3605ff7-ac6d-4903-b11d-6d12e1de7fad,ECE,2021,2026-2027,1.2,2026-07-19T06:43:29.540140Z,4,7,A,Tuesday,4,11:35,12:25,RF and Microwave Engineering,EC3702,Prof. G. Karthik,C174,Main Block,3,Lecture,,,All,
97ca4547-5f00-4ca7-8be5-55a5c7d02d85,ECE,2021,2026-2027,1.2,2026-07-19T06:43:29.540140Z,4,7,A,Tuesday,5,13:15,14:05,VLSI Laboratory,EC3712,Dr. M. Srinivasan,Lab-3,Main Block,2,Lab,Lab-3,,All,
fdae9c12-33a0-43a7-a415-cc0798ec950e,ECE,2021,2026-2027,1.2,2026-07-19T06:43:29.540140Z,4,7,A,Tuesday,6,14:05,14:55,VLSI Laboratory,EC3712,Dr. M. Srinivasan,Lab-3,Main Block,2,Lab,Lab-3,,All,
d9c345e9-96ab-495f-a1e9-617b5e34f4fe,ECE,2021,2026-2027,1.2,2026-07-19T06:43:29.540140Z,4,7,A,Tuesday,7,14:55,15:45,VLSI Laboratory,EC3712,Dr. M. Srinivasan,Lab-3,Main Block,2,Lab,Lab-3,,All,
4d582b24-22db-4cc6-b45e-43ab5a61880e,ECE,2021,2026-2027,1.2,2026-07-19T06:43:29.540140Z,4,7,A,Wednesday,1,08:45,09:35,Project Work,EC3711,Dr. S. Venkatesh,C218,Main Block,2,Mini Project,,,All,
d5131308-9421-4a8f-83e4-f56a3dc27e34,ECE,2021,2026-2027,1.2,2026-07-19T06:43:29.540140Z,4,7,A,Wednesday,2,09:35,10:25,Optical Communication,EC3701,Prof. A. Krishnan,C338,Main Block,3,Lecture,,,All,
19970d9f-3570-4aaf-88da-0847d7267c26,ECE,2021,2026-2027,1.2,2026-07-19T06:43:29.540140Z,4,7,A,Wednesday,3,10:45,11:35,RF and Microwave Engineering,EC3702,Prof. G. Karthik,C401,Main Block,3,Lecture,,,All,
c0323d53-5550-4909-9c06-51cf362521c9,ECE,2021,2026-2027,1.2,2026-07-19T06:43:29.540140Z,4,7,A,Wednesday,4,11:35,12:25,Optical Communication,EC3701,Prof. A. Krishnan,C186,Main Block,3,Lecture,,,All,
868fbe38-40db-4659-aba2-d02618121cf5,ECE,2021,2026-2027,1.2,2026-07-19T06:43:29.540140Z,4,7,A,Wednesday,5,13:15,14:05,RF and Microwave Engineering,EC3702,Prof. G. Karthik,C183,Main Block,3,Lecture,,,All,
1bdb8430-ba30-4c95-be60-af229e9c5238,ECE,2021,2026-2027,1.2,2026-07-19T06:43:29.540140Z,4,7,A,Wednesday,6,14:05,14:55,Project Work,EC3711,Dr. S. Venkatesh,C232,Main Block,2,Mini Project,,,All,
b304f417-1fd7-4f92-b9bd-0a94d133e05f,ECE,2021,2026-2027,1.2,2026-07-19T06:43:29.540140Z,4,7,A,Wednesday,7,14:55,15:45,RF and Microwave Engineering,EC3702,Prof. G. Karthik,C372,Main Block,3,Lecture,,,All,
6bba7318-6ce7-4157-979f-08bc42de5716,ECE,2021,2026-2027,1.2,2026-07-19T06:43:29.540140Z,4,7,A,Thursday,1,08:45,09:35,Optical Communication,EC3701,Prof. A. Krishnan,C227,Main Block,3,Lecture,,,All,
184ee731-8e67-4140-85e2-81687989316c,ECE,2021,2026-2027,1.2,2026-07-19T06:43:29.540140Z,4,7,A,Thursday,2,09:35,10:25,Project Work,EC3711,Dr. S. Venkatesh,C214,Main Block,2,Mini Project,,,All,
c7c82f75-b714-433a-ac5d-2ab1107459f4,ECE,2021,2026-2027,1.2,2026-07-19T06:43:29.540140Z,4,7,A,Thursday,3,10:45,11:35,Professional Ethics,EC3791,Prof. G. Sundaram,C182,Main Block,2,Lecture,,,All,
6cc107db-30f6-4cf9-9c4a-77d0908ce0c8,ECE,2021,2026-2027,1.2,2026-07-19T06:43:29.540140Z,4,7,A,Thursday,4,11:35,12:25,Professional Ethics,EC3791,Prof. G. Sundaram,C278,Main Block,2,Lecture,,,All,
50a52bb1-a83a-49ab-ac9b-1187f3c178bb,ECE,2021,2026-2027,1.2,2026-07-19T06:43:29.540140Z,4,7,A,Thursday,5,13:15,14:05,VLSI Laboratory,EC3712,Dr. M. Srinivasan,Lab-2,Main Block,2,Lab,Lab-2,,All,
8a738306-a94c-44f7-b31c-32367fdf337d,ECE,2021,2026-2027,1.2,2026-07-19T06:43:29.540140Z,4,7,A,Thursday,6,14:05,14:55,VLSI Laboratory,EC3712,Dr. M. Srinivasan,Lab-2,Main Block,2,Lab,Lab-2,,All,
0eb31c05-9910-46bf-915e-ef964256b988,ECE,2021,2026-2027,1.2,2026-07-19T06:43:29.540140Z,4,7,A,Thursday,7,14:55,15:45,VLSI Laboratory,EC3712,Dr. M. Srinivasan,Lab-2,Main Block,2,Lab,Lab-2,,All,
5c80264e-727e-47a7-b976-717824eb650d,ECE,2021,2026-2027,1.2,2026-07-19T06:43:29.540140Z,4,7,A,Friday,1,08:45,09:35,Professional Ethics,EC3791,Prof. G. Sundaram,C371,Main Block,2,Lecture,,,All,
b97018ce-cf88-45e8-b952-bb70c28c2cfc,ECE,2021,2026-2027,1.2,2026-07-19T06:43:29.540140Z,4,7,A,Friday,2,09:35,10:25,Optical Communication,EC3701,Prof. A. Krishnan,C295,Main Block,3,Lecture,,,All,
fe49af55-377b-4e24-99e9-8a55cb553e8d,ECE,2021,2026-2027,1.2,2026-07-19T06:43:29.540140Z,4,7,A,Friday,3,10:45,11:35,Optical Communication,EC3701,Prof. A. Krishnan,C213,Main Block,3,Lecture,,,All,
a4c114a7-2b0a-43e7-8326-d28b96dc32fc,ECE,2021,2026-2027,1.2,2026-07-19T06:43:29.540140Z,4,7,A,Friday,4,11:35,12:25,Project Work,EC3711,Dr. S. Venkatesh,C127,Main Block,2,Mini Project,,,All,
2935974b-3d5c-47b0-bc5d-d2cafd18316b,ECE,2021,2026-2027,1.2,2026-07-19T06:43:29.540140Z,4,7,A,Friday,5,13:15,14:05,Optical Communication,EC3701,Prof. A. Krishnan,C139,Main Block,3,Lecture,,,All,
213eb1f0-4eef-4f88-87cb-069dedd9ec39,ECE,2021,2026-2027,1.2,2026-07-19T06:43:29.540140Z,4,7,A,Friday,6,14:05,14:55,Project Work,EC3711,Dr. S. Venkatesh,C387,Main Block,2,Mini Project,,,All,
0ec18128-0b22-46c7-b31d-c3f84a6e1831,ECE,2021,2026-2027,1.2,2026-07-19T06:43:29.540140Z,4,7,A,Friday,7,14:55,15:45,Optical Communication,EC3701,Prof. A. Krishnan,C289,Main Block,3,Lecture,,,All,
b3635d48-fc20-4a53-b5b2-2a2e6c9cb77e,ECE,2021,2026-2027,1.2,2026-07-19T06:43:29.540140Z,4,7,A,Saturday,1,08:45,09:35,Optical Communication,EC3701,Prof. A. Krishnan,C251,Main Block,3,Lecture,,,All,
a192dce9-5ce0-4714-ae82-f3437c87ec32,ECE,2021,2026-2027,1.2,2026-07-19T06:43:29.540140Z,4,7,A,Saturday,2,09:35,10:25,Optical Communication,EC3701,Prof. A. Krishnan,C385,Main Block,3,Lecture,,,All,
b9888268-e1d3-45f4-9701-7af074989a78,ECE,2021,2026-2027,1.2,2026-07-19T06:43:29.540140Z,4,7,A,Saturday,3,10:45,11:35,RF and Microwave Engineering,EC3702,Prof. G. Karthik,C285,Main Block,3,Lecture,,,All,
bdf1b219-de67-47d5-881f-fa2c89dcf26d,ECE,2021,2026-2027,1.2,2026-07-19T06:43:29.540140Z,4,7,A,Saturday,4,11:35,12:25,Professional Ethics,EC3791,Prof. G. Sundaram,C218,Main Block,2,Lecture,,,All,
99cd9cf4-c58c-406f-b120-01c25b6e0bdd,ECE,2021,2026-2027,1.2,2026-07-19T06:43:29.540140Z,4,7,A,Saturday,5,13:15,14:05,VLSI Laboratory,EC3712,Dr. M. Srinivasan,Lab-4,Main Block,2,Lab,Lab-4,,All,
8052d7a8-3c95-4dd0-b2c2-0f35aa48c93d,ECE,2021,2026-2027,1.2,2026-07-19T06:43:29.540140Z,4,7,A,Saturday,6,14:05,14:55,VLSI Laboratory,EC3712,Dr. M. Srinivasan,Lab-4,Main Block,2,Lab,Lab-4,,All,
6602b890-9c7f-4edc-876d-56573472c769,ECE,2021,2026-2027,1.2,2026-07-19T06:43:29.540140Z,4,7,A,Saturday,7,14:55,15:45,VLSI Laboratory,EC3712,Dr. M. Srinivasan,Lab-4,Main Block,2,Lab,Lab-4,,All,
7f3fd42d-70f1-4c34-b794-5f18f7bef55e,ECE,2021,2026-2027,1.2,2026-07-19T06:43:29.540140Z,4,7,B,Monday,1,08:45,09:35,Project Work,EC3711,Dr. K. Natarajan,C244,Main Block,2,Mini Project,,,All,
728ed05a-a076-45fe-9d85-4c31921f3098,ECE,2021,2026-2027,1.2,2026-07-19T06:43:29.540140Z,4,7,B,Monday,2,09:35,10:25,RF and Microwave Engineering,EC3702,Dr. R. Ramesh,C193,Main Block,3,Lecture,,,All,
307e248a-3355-4b7c-84f1-94743788ccd9,ECE,2021,2026-2027,1.2,2026-07-19T06:43:29.540140Z,4,7,B,Monday,3,10:45,11:35,Professional Ethics,EC3791,Prof. G. Kumar,C368,Main Block,2,Lecture,,,All,
faf952ae-4607-4d3b-853e-07ce662ed5c1,ECE,2021,2026-2027,1.2,2026-07-19T06:43:29.540140Z,4,7,B,Monday,4,11:35,12:25,Optical Communication,EC3701,Prof. G. Kumar,C347,Main Block,3,Lecture,,,All,
dc23f2e4-9cc6-456e-b64e-c92df9a78f1d,ECE,2021,2026-2027,1.2,2026-07-19T06:43:29.540140Z,4,7,B,Monday,5,13:15,14:05,RF and Microwave Engineering,EC3702,Dr. R. Ramesh,C224,Main Block,3,Lecture,,,All,
59cc9739-703d-40f6-9633-7999de5da011,ECE,2021,2026-2027,1.2,2026-07-19T06:43:29.540140Z,4,7,B,Monday,6,14:05,14:55,Project Work,EC3711,Dr. K. Natarajan,C342,Main Block,2,Mini Project,,,All,
caa15e65-7dea-4e56-aeb5-b18888806605,ECE,2021,2026-2027,1.2,2026-07-19T06:43:29.540140Z,4,7,B,Monday,7,14:55,15:45,Professional Ethics,EC3791,Prof. G. Kumar,C194,Main Block,2,Lecture,,,All,
af8a1152-51e1-4ae1-9a5c-8d252278fabc,ECE,2021,2026-2027,1.2,2026-07-19T06:43:29.540140Z,4,7,B,Tuesday,1,08:45,09:35,Optical Communication,EC3701,Prof. G. Kumar,C381,Main Block,3,Lecture,,,All,
148ab334-6e7a-4cba-9597-2ae150b91477,ECE,2021,2026-2027,1.2,2026-07-19T06:43:29.540140Z,4,7,B,Tuesday,2,09:35,10:25,Project Work,EC3711,Dr. K. Natarajan,C182,Main Block,2,Mini Project,,,All,
2c9ecc1e-4184-4ddc-b326-b3dee68a1dbb,ECE,2021,2026-2027,1.2,2026-07-19T06:43:29.540140Z,4,7,B,Tuesday,3,10:45,11:35,Project Work,EC3711,Dr. K. Natarajan,C192,Main Block,2,Mini Project,,,All,
c644853e-cde1-4282-9bc7-163a83a8c29a,ECE,2021,2026-2027,1.2,2026-07-19T06:43:29.540140Z,4,7,B,Tuesday,4,11:35,12:25,RF and Microwave Engineering,EC3702,Dr. R. Ramesh,C278,Main Block,3,Lecture,,,All,
5970e512-8131-43b6-9c96-fbd223e5ac19,ECE,2021,2026-2027,1.2,2026-07-19T06:43:29.540140Z,4,7,B,Tuesday,5,13:15,14:05,VLSI Laboratory,EC3712,Dr. S. Karthik,Lab-7,Main Block,2,Lab,Lab-7,,All,
61bcec59-f4c2-4eab-bda5-d687052321db,ECE,2021,2026-2027,1.2,2026-07-19T06:43:29.540140Z,4,7,B,Tuesday,6,14:05,14:55,VLSI Laboratory,EC3712,Dr. S. Karthik,Lab-7,Main Block,2,Lab,Lab-7,,All,
6dcbcdc3-7056-4765-a2cc-4fa6f14007ec,ECE,2021,2026-2027,1.2,2026-07-19T06:43:29.540140Z,4,7,B,Tuesday,7,14:55,15:45,VLSI Laboratory,EC3712,Dr. S. Karthik,Lab-7,Main Block,2,Lab,Lab-7,,All,
08ce6d8b-fb26-405e-8dc1-0081a5b97e13,ECE,2021,2026-2027,1.2,2026-07-19T06:43:29.540140Z,4,7,B,Wednesday,1,08:45,09:35,RF and Microwave Engineering,EC3702,Dr. R. Ramesh,C252,Main Block,3,Lecture,,,All,
6baefe03-4e36-4ade-90fb-abeabc94986e,ECE,2021,2026-2027,1.2,2026-07-19T06:43:29.540140Z,4,7,B,Wednesday,2,09:35,10:25,Project Work,EC3711,Dr. K. Natarajan,C400,Main Block,2,Mini Project,,,All,
6ef3417b-3f01-4198-8ec9-9fcbe002916c,ECE,2021,2026-2027,1.2,2026-07-19T06:43:29.540140Z,4,7,B,Wednesday,3,10:45,11:35,Project Work,EC3711,Dr. K. Natarajan,C178,Main Block,2,Mini Project,,,All,
11d27858-ee39-468a-964a-00ec4ac8dc5e,ECE,2021,2026-2027,1.2,2026-07-19T06:43:29.540140Z,4,7,B,Wednesday,4,11:35,12:25,Optical Communication,EC3701,Prof. G. Kumar,C196,Main Block,3,Lecture,,,All,
e3137477-96b5-49b1-85d7-5e810d3311d5,ECE,2021,2026-2027,1.2,2026-07-19T06:43:29.540140Z,4,7,B,Wednesday,5,13:15,14:05,Professional Ethics,EC3791,Prof. G. Kumar,C261,Main Block,2,Lecture,,,All,
0bcc2617-8f9e-4864-8555-38a1ed02fca4,ECE,2021,2026-2027,1.2,2026-07-19T06:43:29.540140Z,4,7,B,Wednesday,6,14:05,14:55,RF and Microwave Engineering,EC3702,Dr. R. Ramesh,C126,Main Block,3,Lecture,,,All,
551883ae-019e-4fca-b68e-30d542bb7f76,ECE,2021,2026-2027,1.2,2026-07-19T06:43:29.540140Z,4,7,B,Wednesday,7,14:55,15:45,Project Work,EC3711,Dr. K. Natarajan,C318,Main Block,2,Mini Project,,,All,
f79ac049-eb77-4b88-87b7-199eeac83420,ECE,2021,2026-2027,1.2,2026-07-19T06:43:29.540140Z,4,7,B,Thursday,1,08:45,09:35,Project Work,EC3711,Dr. K. Natarajan,C105,Main Block,2,Mini Project,,,All,
221b36fd-d8ef-4ce7-8f08-234283a88487,ECE,2021,2026-2027,1.2,2026-07-19T06:43:29.540140Z,4,7,B,Thursday,2,09:35,10:25,Professional Ethics,EC3791,Prof. G. Kumar,C259,Main Block,2,Lecture,,,All,
4b27a284-e2f8-48d6-aacd-ff26613d308a,ECE,2021,2026-2027,1.2,2026-07-19T06:43:29.540140Z,4,7,B,Thursday,3,10:45,11:35,Project Work,EC3711,Dr. K. Natarajan,C359,Main Block,2,Mini Project,,,All,
e5cc08b2-8bba-4010-a7bd-aed2795e8b97,ECE,2021,2026-2027,1.2,2026-07-19T06:43:29.540140Z,4,7,B,Thursday,4,11:35,12:25,RF and Microwave Engineering,EC3702,Dr. R. Ramesh,C373,Main Block,3,Lecture,,,All,
0cdb53e2-dda5-4040-bfa3-f71e923eba18,ECE,2021,2026-2027,1.2,2026-07-19T06:43:29.540140Z,4,7,B,Thursday,5,13:15,14:05,VLSI Laboratory,EC3712,Dr. S. Karthik,Lab-1,Main Block,2,Lab,Lab-1,,All,
f3e4b151-fe20-4127-83e9-e2e5b7aad6de,ECE,2021,2026-2027,1.2,2026-07-19T06:43:29.540140Z,4,7,B,Thursday,6,14:05,14:55,VLSI Laboratory,EC3712,Dr. S. Karthik,Lab-1,Main Block,2,Lab,Lab-1,,All,
3cd81dfd-35cc-48e7-923c-8baf052d83fc,ECE,2021,2026-2027,1.2,2026-07-19T06:43:29.540140Z,4,7,B,Thursday,7,14:55,15:45,VLSI Laboratory,EC3712,Dr. S. Karthik,Lab-1,Main Block,2,Lab,Lab-1,,All,
21e1aa7e-a979-4ba0-83bb-8770ed2b32b2,ECE,2021,2026-2027,1.2,2026-07-19T06:43:29.540140Z,4,7,B,Friday,1,08:45,09:35,Project Work,EC3711,Dr. K. Natarajan,C217,Main Block,2,Mini Project,,,All,
b89a268e-4482-4465-a142-c64025a21e6c,ECE,2021,2026-2027,1.2,2026-07-19T06:43:29.540140Z,4,7,B,Friday,2,09:35,10:25,Optical Communication,EC3701,Prof. G. Kumar,C278,Main Block,3,Lecture,,,All,
15d457dd-2f65-476c-a59a-082ec88bee09,ECE,2021,2026-2027,1.2,2026-07-19T06:43:29.540140Z,4,7,B,Friday,3,10:45,11:35,RF and Microwave Engineering,EC3702,Dr. R. Ramesh,C317,Main Block,3,Lecture,,,All,
433e33b5-47df-4f63-85f5-01ecc011a129,ECE,2021,2026-2027,1.2,2026-07-19T06:43:29.540140Z,4,7,B,Friday,4,11:35,12:25,Project Work,EC3711,Dr. K. Natarajan,C275,Main Block,2,Mini Project,,,All,
adecfd2c-6c3d-44e7-826c-69af1a1fb24b,ECE,2021,2026-2027,1.2,2026-07-19T06:43:29.540140Z,4,7,B,Friday,5,13:15,14:05,Optical Communication,EC3701,Prof. G. Kumar,C177,Main Block,3,Lecture,,,All,
009804e7-cacb-4598-9fc1-f62a7b48747f,ECE,2021,2026-2027,1.2,2026-07-19T06:43:29.540140Z,4,7,B,Friday,6,14:05,14:55,Project Work,EC3711,Dr. K. Natarajan,C404,Main Block,2,Mini Project,,,All,
57db149e-a7f1-4e16-897b-f191779ddcbd,ECE,2021,2026-2027,1.2,2026-07-19T06:43:29.540140Z,4,7,B,Friday,7,14:55,15:45,Project Work,EC3711,Dr. K. Natarajan,C376,Main Block,2,Mini Project,,,All,
41c35548-ead9-437c-8eeb-0d1aad7c652b,ECE,2021,2026-2027,1.2,2026-07-19T06:43:29.540140Z,4,7,B,Saturday,1,08:45,09:35,Project Work,EC3711,Dr. K. Natarajan,C274,Main Block,2,Mini Project,,,All,
20022686-fc3d-4b35-9dad-07338414f0ed,ECE,2021,2026-2027,1.2,2026-07-19T06:43:29.540140Z,4,7,B,Saturday,2,09:35,10:25,Project Work,EC3711,Dr. K. Natarajan,C216,Main Block,2,Mini Project,,,All,
dfb3744a-fd92-4653-baa7-23cdb4258af2,ECE,2021,2026-2027,1.2,2026-07-19T06:43:29.540140Z,4,7,B,Saturday,3,10:45,11:35,Project Work,EC3711,Dr. K. Natarajan,C101,Main Block,2,Mini Project,,,All,
c2496eed-ff21-4fbd-a63f-792bd2f69710,ECE,2021,2026-2027,1.2,2026-07-19T06:43:29.540140Z,4,7,B,Saturday,4,11:35,12:25,Project Work,EC3711,Dr. K. Natarajan,C130,Main Block,2,Mini Project,,,All,
edb0b707-e58c-4fe5-869d-e44aaec6b055,ECE,2021,2026-2027,1.2,2026-07-19T06:43:29.540140Z,4,7,B,Saturday,5,13:15,14:05,VLSI Laboratory,EC3712,Dr. S. Karthik,Lab-10,Main Block,2,Lab,Lab-10,,All,
92621e7b-62d2-4c34-be03-62c28f8bbf3b,ECE,2021,2026-2027,1.2,2026-07-19T06:43:29.540140Z,4,7,B,Saturday,6,14:05,14:55,VLSI Laboratory,EC3712,Dr. S. Karthik,Lab-10,Main Block,2,Lab,Lab-10,,All,
d9b70a34-f42c-49c8-802a-9191469c0503,ECE,2021,2026-2027,1.2,2026-07-19T06:43:29.540140Z,4,7,B,Saturday,7,14:55,15:45,VLSI Laboratory,EC3712,Dr. S. Karthik,Lab-10,Main Block,2,Lab,Lab-10,,All,
248b1515-3d87-4b15-b21a-af6a8a4db846,EEE,2021,2026-2027,1.2,2026-07-19T06:43:29.540140Z,1,1,A,Monday,1,08:45,09:35,Professional English - I,HS3152,Dr. S. Krishnan,C148,Main Block,3,Lecture,,,All,
1fcd8417-22a8-498e-8043-5b353ddd0bc3,EEE,2021,2026-2027,1.2,2026-07-19T06:43:29.540140Z,1,1,A,Monday,2,09:35,10:25,Heritage of Tamils,GE3152,Dr. M. Sundaram,C131,Main Block,1,Lecture,,,All,
d1414ebf-e148-4d0d-aae1-fe4846943e46,EEE,2021,2026-2027,1.2,2026-07-19T06:43:29.540140Z,1,1,A,Monday,3,10:45,11:35,Professional English - I,HS3152,Dr. S. Krishnan,C356,Main Block,3,Lecture,,,All,
f03689a4-044c-43dc-adf8-e98058d16871,EEE,2021,2026-2027,1.2,2026-07-19T06:43:29.540140Z,1,1,A,Monday,4,11:35,12:25,Professional English - I,HS3152,Dr. S. Krishnan,C273,Main Block,3,Lecture,,,All,
bdc03230-ea26-4bb4-8549-5c0d7c0a08f8,EEE,2021,2026-2027,1.2,2026-07-19T06:43:29.540140Z,1,1,A,Monday,5,13:15,14:05,Engineering Chemistry,CY3151,Prof. V. Natarajan,C355,Main Block,3,Lecture,,,All,
07efa1af-b0da-4438-aa58-3f1d4e079168,EEE,2021,2026-2027,1.2,2026-07-19T06:43:29.540140Z,1,1,A,Monday,6,14:05,14:55,Heritage of Tamils,GE3152,Dr. M. Sundaram,C352,Main Block,1,Lecture,,,All,
67644588-7d29-4fb0-9dd0-dfe5f76a9951,EEE,2021,2026-2027,1.2,2026-07-19T06:43:29.540140Z,1,1,A,Monday,7,14:55,15:45,Basic Electrical and Electronics Engineering,BE3151,Dr. R. Natarajan,C336,Main Block,3,Lecture,,,All,
312a8206-06d4-48d9-8828-ec368c364918,EEE,2021,2026-2027,1.2,2026-07-19T06:43:29.540140Z,1,1,A,Tuesday,1,08:45,09:35,Basic Electrical and Electronics Engineering,BE3151,Dr. R. Natarajan,C136,Main Block,3,Lecture,,,All,
c2e40936-a2b9-47ab-b47b-370fb4e55d47,EEE,2021,2026-2027,1.2,2026-07-19T06:43:29.540140Z,1,1,A,Tuesday,2,09:35,10:25,Basic Electrical and Electronics Engineering,BE3151,Dr. R. Natarajan,C303,Main Block,3,Lecture,,,All,
f21bb1ef-c550-4f15-ae47-ce2ee431e071,EEE,2021,2026-2027,1.2,2026-07-19T06:43:29.540140Z,1,1,A,Tuesday,3,10:45,11:35,Basic Electrical and Electronics Engineering,BE3151,Dr. R. Natarajan,C227,Main Block,3,Lecture,,,All,
bc6af864-4b8b-4ea6-954f-5093fa7c0029,EEE,2021,2026-2027,1.2,2026-07-19T06:43:29.540140Z,1,1,A,Tuesday,4,11:35,12:25,Engineering Physics,PH3151,Dr. R. Karthik,C374,Main Block,3,Lecture,,,All,
99f45fbd-ae5f-409b-a3da-a0f29f98da23,EEE,2021,2026-2027,1.2,2026-07-19T06:43:29.540140Z,1,1,A,Tuesday,5,13:15,14:05,Programming Laboratory,GE3171,Prof. G. Rajan,Lab-9,Main Block,2,Lab,Lab-9,,All,
50cff607-0e79-4c56-8e6f-65cc8be1f325,EEE,2021,2026-2027,1.2,2026-07-19T06:43:29.540140Z,1,1,A,Tuesday,6,14:05,14:55,Programming Laboratory,GE3171,Prof. G. Rajan,Lab-9,Main Block,2,Lab,Lab-9,,All,
1532e1d1-1e36-49f8-9e9a-c85ef23b7e6d,EEE,2021,2026-2027,1.2,2026-07-19T06:43:29.540140Z,1,1,A,Tuesday,7,14:55,15:45,Programming Laboratory,GE3171,Prof. G. Rajan,Lab-9,Main Block,2,Lab,Lab-9,,All,
ae30cd3d-2fda-4879-a582-d04b013c6e6a,EEE,2021,2026-2027,1.2,2026-07-19T06:43:29.540140Z,1,1,A,Wednesday,1,08:45,09:35,Matrices and Calculus,MA3151,Prof. A. Rajan,C151,Main Block,4,Lecture,,,All,
762c5f67-3f7a-431c-b630-23a97e49cf1e,EEE,2021,2026-2027,1.2,2026-07-19T06:43:29.540140Z,1,1,A,Wednesday,2,09:35,10:25,Engineering Chemistry,CY3151,Prof. V. Natarajan,C226,Main Block,3,Lecture,,,All,
bbea217f-fc83-4c69-ba6a-a24968826f60,EEE,2021,2026-2027,1.2,2026-07-19T06:43:29.540140Z,1,1,A,Wednesday,3,10:45,11:35,Engineering Physics,PH3151,Dr. R. Karthik,C297,Main Block,3,Lecture,,,All,
986470dd-45d5-4a74-9ad0-cebc4ae426d9,EEE,2021,2026-2027,1.2,2026-07-19T06:43:29.540140Z,1,1,A,Wednesday,4,11:35,12:25,Matrices and Calculus,MA3151,Prof. A. Rajan,C160,Main Block,4,Lecture,,,All,
2ea5f215-4bfd-4ae2-b97b-ee83768a93c8,EEE,2021,2026-2027,1.2,2026-07-19T06:43:29.540140Z,1,1,A,Wednesday,5,13:15,14:05,Basic Electrical and Electronics Engineering,BE3151,Dr. R. Natarajan,C259,Main Block,3,Lecture,,,All,
ebbed244-7beb-451d-97af-c0b4516d361c,EEE,2021,2026-2027,1.2,2026-07-19T06:43:29.540140Z,1,1,A,Wednesday,6,14:05,14:55,Basic Electrical and Electronics Engineering,BE3151,Dr. R. Natarajan,C282,Main Block,3,Lecture,,,All,
f2590dbd-44f5-45c5-b5d6-c8cd7c02bdeb,EEE,2021,2026-2027,1.2,2026-07-19T06:43:29.540140Z,1,1,A,Wednesday,7,14:55,15:45,Basic Electrical and Electronics Engineering,BE3151,Dr. R. Natarajan,C244,Main Block,3,Lecture,,,All,
1121afd7-7e52-4bdf-8047-0f23459790ff,EEE,2021,2026-2027,1.2,2026-07-19T06:43:29.540140Z,1,1,A,Thursday,1,08:45,09:35,Engineering Chemistry,CY3151,Prof. V. Natarajan,C107,Main Block,3,Lecture,,,All,
a947ed47-cf45-4233-86d0-d49ccc18acf6,EEE,2021,2026-2027,1.2,2026-07-19T06:43:29.540140Z,1,1,A,Thursday,2,09:35,10:25,Engineering Physics,PH3151,Dr. R. Karthik,C381,Main Block,3,Lecture,,,All,
3e4197a5-7e72-4e0b-b189-9bdd5c7330b3,EEE,2021,2026-2027,1.2,2026-07-19T06:43:29.540140Z,1,1,A,Thursday,3,10:45,11:35,Engineering Physics,PH3151,Dr. R. Karthik,C315,Main Block,3,Lecture,,,All,
03d8353b-3acd-498c-8e0f-9f0611f365ce,EEE,2021,2026-2027,1.2,2026-07-19T06:43:29.540140Z,1,1,A,Thursday,4,11:35,12:25,Professional English - I,HS3152,Dr. S. Krishnan,C354,Main Block,3,Lecture,,,All,
33dca646-e1b0-4706-9732-7f9849c59c6b,EEE,2021,2026-2027,1.2,2026-07-19T06:43:29.540140Z,1,1,A,Thursday,5,13:15,14:05,Physics and Chemistry Laboratory,BS3171,Dr. P. Ramesh,Lab-1,Main Block,2,Lab,Lab-1,,All,
0427f44a-5618-4390-8722-3dab1810f98e,EEE,2021,2026-2027,1.2,2026-07-19T06:43:29.540140Z,1,1,A,Thursday,6,14:05,14:55,Physics and Chemistry Laboratory,BS3171,Dr. P. Ramesh,Lab-1,Main Block,2,Lab,Lab-1,,All,
86239472-d5f3-4295-8c03-68bb5c03956e,EEE,2021,2026-2027,1.2,2026-07-19T06:43:29.540140Z,1,1,A,Thursday,7,14:55,15:45,Physics and Chemistry Laboratory,BS3171,Dr. P. Ramesh,Lab-1,Main Block,2,Lab,Lab-1,,All,
b9865684-0cf5-4fd6-9077-c9ac4c031c00,EEE,2021,2026-2027,1.2,2026-07-19T06:43:29.540140Z,1,1,A,Friday,1,08:45,09:35,Engineering Physics,PH3151,Dr. R. Karthik,C274,Main Block,3,Lecture,,,All,
3e887583-0049-4716-a75e-2c47a9a7a011,EEE,2021,2026-2027,1.2,2026-07-19T06:43:29.540140Z,1,1,A,Friday,2,09:35,10:25,Engineering Chemistry,CY3151,Prof. V. Natarajan,C224,Main Block,3,Lecture,,,All,
916cb3e4-473d-475b-9232-94f25771e6f1,EEE,2021,2026-2027,1.2,2026-07-19T06:43:29.540140Z,1,1,A,Friday,3,10:45,11:35,Engineering Physics,PH3151,Dr. R. Karthik,C347,Main Block,3,Lecture,,,All,
3dbd8dce-6256-4024-a791-7f30d7b46291,EEE,2021,2026-2027,1.2,2026-07-19T06:43:29.540140Z,1,1,A,Friday,4,11:35,12:25,Professional English - I,HS3152,Dr. S. Krishnan,C399,Main Block,3,Lecture,,,All,
e30c9010-b266-4c37-8db3-d65df26e8bd6,EEE,2021,2026-2027,1.2,2026-07-19T06:43:29.540140Z,1,1,A,Friday,5,13:15,14:05,Engineering Physics,PH3151,Dr. R. Karthik,C288,Main Block,3,Lecture,,,All,
a955e49b-c94b-4cbe-913e-c7dc0ad8297f,EEE,2021,2026-2027,1.2,2026-07-19T06:43:29.540140Z,1,1,A,Friday,6,14:05,14:55,Heritage of Tamils,GE3152,Dr. M. Sundaram,C269,Main Block,1,Lecture,,,All,
8d383aad-96de-441c-9914-739eaf32e426,EEE,2021,2026-2027,1.2,2026-07-19T06:43:29.540140Z,1,1,A,Friday,7,14:55,15:45,Professional English - I,HS3152,Dr. S. Krishnan,C344,Main Block,3,Lecture,,,All,
ed14b740-2029-4d48-bef0-37c2219c7c29,EEE,2021,2026-2027,1.2,2026-07-19T06:43:29.540140Z,1,1,A,Saturday,1,08:45,09:35,Engineering Physics,PH3151,Dr. R. Karthik,C284,Main Block,3,Lecture,,,All,
0cff0822-0234-4d6c-92f6-b8c13c6ff1c1,EEE,2021,2026-2027,1.2,2026-07-19T06:43:29.540140Z,1,1,A,Saturday,2,09:35,10:25,Engineering Physics,PH3151,Dr. R. Karthik,C232,Main Block,3,Lecture,,,All,
a31ee439-b369-4a14-9de9-e56a8e8b643f,EEE,2021,2026-2027,1.2,2026-07-19T06:43:29.540140Z,1,1,A,Saturday,3,10:45,11:35,Engineering Chemistry,CY3151,Prof. V. Natarajan,C294,Main Block,3,Lecture,,,All,
6932cc2e-c2b1-4b16-8c2c-4e751273f39a,EEE,2021,2026-2027,1.2,2026-07-19T06:43:29.540140Z,1,1,A,Saturday,4,11:35,12:25,Engineering Chemistry,CY3151,Prof. V. Natarajan,C177,Main Block,3,Lecture,,,All,
ea247312-7410-4eae-961a-8c3dec6152b1,EEE,2021,2026-2027,1.2,2026-07-19T06:43:29.540140Z,1,1,A,Saturday,5,13:15,14:05,English Laboratory,GE3172,Dr. K. Karthik,Lab-7,Main Block,1,Lab,Lab-7,,All,
af5591d9-ec08-4e7c-96b7-2ee6df0937f1,EEE,2021,2026-2027,1.2,2026-07-19T06:43:29.540140Z,1,1,A,Saturday,6,14:05,14:55,English Laboratory,GE3172,Dr. K. Karthik,Lab-7,Main Block,1,Lab,Lab-7,,All,
f18226b2-2b7a-4ccd-be59-edd6f4697ad6,EEE,2021,2026-2027,1.2,2026-07-19T06:43:29.540140Z,1,1,A,Saturday,7,14:55,15:45,English Laboratory,GE3172,Dr. K. Karthik,Lab-7,Main Block,1,Lab,Lab-7,,All,
f48794d9-8103-4e24-82bd-745874f65d44,EEE,2021,2026-2027,1.2,2026-07-19T06:43:29.540140Z,1,1,B,Monday,1,08:45,09:35,Matrices and Calculus,MA3151,Dr. P. Ramesh,C309,Main Block,4,Lecture,,,All,
37ae46cd-0bdd-4ee9-b766-f48a909eece6,EEE,2021,2026-2027,1.2,2026-07-19T06:43:29.540140Z,1,1,B,Monday,2,09:35,10:25,Basic Electrical and Electronics Engineering,BE3151,Dr. R. Kumar,C159,Main Block,3,Lecture,,,All,
bcbc2bad-7609-4555-9112-0c5811b40378,EEE,2021,2026-2027,1.2,2026-07-19T06:43:29.540140Z,1,1,B,Monday,3,10:45,11:35,Basic Electrical and Electronics Engineering,BE3151,Dr. R. Kumar,C328,Main Block,3,Lecture,,,All,
dd114553-e811-4f64-931d-8527794579bc,EEE,2021,2026-2027,1.2,2026-07-19T06:43:29.540140Z,1,1,B,Monday,4,11:35,12:25,Heritage of Tamils,GE3152,Dr. R. Ramesh,C176,Main Block,1,Lecture,,,All,
47566c84-84fd-4c3b-b6cb-2b9a6dc057df,EEE,2021,2026-2027,1.2,2026-07-19T06:43:29.540140Z,1,1,B,Monday,5,13:15,14:05,Heritage of Tamils,GE3152,Dr. R. Ramesh,C187,Main Block,1,Lecture,,,All,
b9306e98-cafd-42b2-ac5f-933515ae5940,EEE,2021,2026-2027,1.2,2026-07-19T06:43:29.540140Z,1,1,B,Monday,6,14:05,14:55,Basic Electrical and Electronics Engineering,BE3151,Dr. R. Kumar,C266,Main Block,3,Lecture,,,All,
e4d3b1f7-d105-44cb-9498-fb4c8e039364,EEE,2021,2026-2027,1.2,2026-07-19T06:43:29.540140Z,1,1,B,Monday,7,14:55,15:45,Engineering Chemistry,CY3151,Dr. S. Sundaram,C285,Main Block,3,Lecture,,,All,
4c2fbe24-6013-482d-a609-d75e4794b744,EEE,2021,2026-2027,1.2,2026-07-19T06:43:29.540140Z,1,1,B,Tuesday,1,08:45,09:35,Engineering Chemistry,CY3151,Dr. S. Sundaram,C303,Main Block,3,Lecture,,,All,
9b46d11a-a6ad-4e87-9af4-9e787a344698,EEE,2021,2026-2027,1.2,2026-07-19T06:43:29.540140Z,1,1,B,Tuesday,2,09:35,10:25,Basic Electrical and Electronics Engineering,BE3151,Dr. R. Kumar,C187,Main Block,3,Lecture,,,All,
d939d402-96d8-4a31-a4cb-4652ec6e17c2,EEE,2021,2026-2027,1.2,2026-07-19T06:43:29.540140Z,1,1,B,Tuesday,3,10:45,11:35,Engineering Physics,PH3151,Dr. R. Rajan,C259,Main Block,3,Lecture,,,All,
09808fba-2be4-466d-99aa-83a70872edd9,EEE,2021,2026-2027,1.2,2026-07-19T06:43:29.540140Z,1,1,B,Tuesday,4,11:35,12:25,Matrices and Calculus,MA3151,Dr. P. Ramesh,C159,Main Block,4,Lecture,,,All,
1d85e763-6095-4f78-a7c1-c38daf4e65cd,EEE,2021,2026-2027,1.2,2026-07-19T06:43:29.540140Z,1,1,B,Tuesday,5,13:15,14:05,Programming Laboratory,GE3171,Dr. M. Srinivasan,Lab-1,Main Block,2,Lab,Lab-1,,All,
801a814d-e982-41b6-aafe-053773273348,EEE,2021,2026-2027,1.2,2026-07-19T06:43:29.540140Z,1,1,B,Tuesday,6,14:05,14:55,Programming Laboratory,GE3171,Dr. M. Srinivasan,Lab-1,Main Block,2,Lab,Lab-1,,All,
12689e41-fc48-4c12-9eae-e89a19a6db66,EEE,2021,2026-2027,1.2,2026-07-19T06:43:29.540140Z,1,1,B,Tuesday,7,14:55,15:45,Programming Laboratory,GE3171,Dr. M. Srinivasan,Lab-1,Main Block,2,Lab,Lab-1,,All,
e1d63d22-90c5-49d6-856d-99d4b0ac2c11,EEE,2021,2026-2027,1.2,2026-07-19T06:43:29.540140Z,1,1,B,Wednesday,1,08:45,09:35,Basic Electrical and Electronics Engineering,BE3151,Dr. R. Kumar,C229,Main Block,3,Lecture,,,All,
dcdc2b22-a2ec-490c-be5e-e5090ca01063,EEE,2021,2026-2027,1.2,2026-07-19T06:43:29.540140Z,1,1,B,Wednesday,2,09:35,10:25,Basic Electrical and Electronics Engineering,BE3151,Dr. R. Kumar,C209,Main Block,3,Lecture,,,All,
357f0095-fc31-4572-9660-e401044463a4,EEE,2021,2026-2027,1.2,2026-07-19T06:43:29.540140Z,1,1,B,Wednesday,3,10:45,11:35,Engineering Physics,PH3151,Dr. R. Rajan,C347,Main Block,3,Lecture,,,All,
de73877e-d0b3-4bb9-9b9d-4bb32011c750,EEE,2021,2026-2027,1.2,2026-07-19T06:43:29.540140Z,1,1,B,Wednesday,4,11:35,12:25,Matrices and Calculus,MA3151,Dr. P. Ramesh,C232,Main Block,4,Lecture,,,All,
4540fc68-2108-4b9b-91dc-ee7050b05f3d,EEE,2021,2026-2027,1.2,2026-07-19T06:43:29.540140Z,1,1,B,Wednesday,5,13:15,14:05,Heritage of Tamils,GE3152,Dr. R. Ramesh,C394,Main Block,1,Lecture,,,All,
e7e0c64b-8615-496d-b302-89e3f66ec946,EEE,2021,2026-2027,1.2,2026-07-19T06:43:29.540140Z,1,1,B,Wednesday,6,14:05,14:55,Basic Electrical and Electronics Engineering,BE3151,Dr. R. Kumar,C251,Main Block,3,Lecture,,,All,
3fee8ed5-df44-4f7f-8cdd-779df9a130c1,EEE,2021,2026-2027,1.2,2026-07-19T06:43:29.540140Z,1,1,B,Wednesday,7,14:55,15:45,Engineering Physics,PH3151,Dr. R. Rajan,C132,Main Block,3,Lecture,,,All,
ec47e563-1ea6-4c32-925f-d2de63fd47a1,EEE,2021,2026-2027,1.2,2026-07-19T06:43:29.540140Z,1,1,B,Thursday,1,08:45,09:35,Heritage of Tamils,GE3152,Dr. R. Ramesh,C258,Main Block,1,Lecture,,,All,
7d1c05c1-23cf-4f22-8e53-f9524b28e15e,EEE,2021,2026-2027,1.2,2026-07-19T06:43:29.540140Z,1,1,B,Thursday,2,09:35,10:25,Engineering Physics,PH3151,Dr. R. Rajan,C272,Main Block,3,Lecture,,,All,
fd69d9c9-4245-4780-9d43-a66f9488752e,EEE,2021,2026-2027,1.2,2026-07-19T06:43:29.540140Z,1,1,B,Thursday,3,10:45,11:35,Matrices and Calculus,MA3151,Dr. P. Ramesh,C180,Main Block,4,Lecture,,,All,
dfd249ef-63a9-4a5e-9c9a-6293e4ea4f5b,EEE,2021,2026-2027,1.2,2026-07-19T06:43:29.540140Z,1,1,B,Thursday,4,11:35,12:25,Basic Electrical and Electronics Engineering,BE3151,Dr. R. Kumar,C155,Main Block,3,Lecture,,,All,
e9a9c7ab-b327-48e8-b6e8-7466f72b4399,EEE,2021,2026-2027,1.2,2026-07-19T06:43:29.540140Z,1,1,B,Thursday,5,13:15,14:05,Physics and Chemistry Laboratory,BS3171,Dr. M. Karthik,Lab-4,Main Block,2,Lab,Lab-4,,All,
133149d1-5aed-4c96-887a-1a5cf72fb1f9,EEE,2021,2026-2027,1.2,2026-07-19T06:43:29.540140Z,1,1,B,Thursday,6,14:05,14:55,Physics and Chemistry Laboratory,BS3171,Dr. M. Karthik,Lab-4,Main Block,2,Lab,Lab-4,,All,
78925874-5652-49f8-9b8b-e0bbe7c9b749,EEE,2021,2026-2027,1.2,2026-07-19T06:43:29.540140Z,1,1,B,Thursday,7,14:55,15:45,Physics and Chemistry Laboratory,BS3171,Dr. M. Karthik,Lab-4,Main Block,2,Lab,Lab-4,,All,
1e9860de-d49f-429d-a3ca-0649560f8caa,EEE,2021,2026-2027,1.2,2026-07-19T06:43:29.540140Z,1,1,B,Friday,1,08:45,09:35,Professional English - I,HS3152,Dr. S. Ramesh,C315,Main Block,3,Lecture,,,All,
e1204d31-72ee-4b87-9e7f-8af70cb7809e,EEE,2021,2026-2027,1.2,2026-07-19T06:43:29.540140Z,1,1,B,Friday,2,09:35,10:25,Matrices and Calculus,MA3151,Dr. P. Ramesh,C334,Main Block,4,Lecture,,,All,
452752d0-817a-4bf3-9f79-78d3837cc119,EEE,2021,2026-2027,1.2,2026-07-19T06:43:29.540140Z,1,1,B,Friday,3,10:45,11:35,Engineering Physics,PH3151,Dr. R. Rajan,C275,Main Block,3,Lecture,,,All,
08677319-0296-4a10-ab00-a53fcb3e99e9,EEE,2021,2026-2027,1.2,2026-07-19T06:43:29.540140Z,1,1,B,Friday,4,11:35,12:25,Heritage of Tamils,GE3152,Dr. R. Ramesh,C353,Main Block,1,Lecture,,,All,
9856b355-03c3-4555-8cd2-35161763b0f8,EEE,2021,2026-2027,1.2,2026-07-19T06:43:29.540140Z,1,1,B,Friday,5,13:15,14:05,Heritage of Tamils,GE3152,Dr. R. Ramesh,C278,Main Block,1,Lecture,,,All,
28a63401-47b4-49ef-9c94-ec6c7b99ae1b,EEE,2021,2026-2027,1.2,2026-07-19T06:43:29.540140Z,1,1,B,Friday,6,14:05,14:55,Engineering Physics,PH3151,Dr. R. Rajan,C132,Main Block,3,Lecture,,,All,
5a9d845d-dff1-4c21-af26-2c0a568c4f6b,EEE,2021,2026-2027,1.2,2026-07-19T06:43:29.540140Z,1,1,B,Friday,7,14:55,15:45,Basic Electrical and Electronics Engineering,BE3151,Dr. R. Kumar,C401,Main Block,3,Lecture,,,All,
0dee4528-eb9d-459c-962a-154d3f6c4357,EEE,2021,2026-2027,1.2,2026-07-19T06:43:29.540140Z,1,1,B,Saturday,1,08:45,09:35,Professional English - I,HS3152,Dr. S. Ramesh,C154,Main Block,3,Lecture,,,All,
ea73a0b0-a082-4843-89c0-208c144ab4aa,EEE,2021,2026-2027,1.2,2026-07-19T06:43:29.540140Z,1,1,B,Saturday,2,09:35,10:25,Professional English - I,HS3152,Dr. S. Ramesh,C359,Main Block,3,Lecture,,,All,
28d7ee6b-39c7-4f30-9a52-d5757c9558aa,EEE,2021,2026-2027,1.2,2026-07-19T06:43:29.540140Z,1,1,B,Saturday,3,10:45,11:35,Basic Electrical and Electronics Engineering,BE3151,Dr. R. Kumar,C191,Main Block,3,Lecture,,,All,
e17da507-439e-4283-bce3-fd3e55aecda7,EEE,2021,2026-2027,1.2,2026-07-19T06:43:29.540140Z,1,1,B,Saturday,4,11:35,12:25,Professional English - I,HS3152,Dr. S. Ramesh,C116,Main Block,3,Lecture,,,All,
b33a52a4-b8fe-4eb6-a14c-c53f7ccf9e47,EEE,2021,2026-2027,1.2,2026-07-19T06:43:29.540140Z,1,1,B,Saturday,5,13:15,14:05,English Laboratory,GE3172,Prof. V. Sundaram,Lab-1,Main Block,1,Lab,Lab-1,,All,
c6cf6b4e-89f8-4c92-90e2-23774340f159,EEE,2021,2026-2027,1.2,2026-07-19T06:43:29.540140Z,1,1,B,Saturday,6,14:05,14:55,English Laboratory,GE3172,Prof. V. Sundaram,Lab-1,Main Block,1,Lab,Lab-1,,All,
d5f5fc1c-4495-49d0-8677-fa7fc3bf8cdb,EEE,2021,2026-2027,1.2,2026-07-19T06:43:29.540140Z,1,1,B,Saturday,7,14:55,15:45,English Laboratory,GE3172,Prof. V. Sundaram,Lab-1,Main Block,1,Lab,Lab-1,,All,
bd077406-a36f-4328-ace1-164985779299,EEE,2021,2026-2027,1.2,2026-07-19T06:43:29.540140Z,2,3,A,Monday,1,08:45,09:35,Electromagnetic Fields,EE3303,Prof. V. Ramesh,C128,Main Block,3,Lecture,,,All,
f8437fa8-bf6f-4cc9-9eea-109308872b2b,EEE,2021,2026-2027,1.2,2026-07-19T06:43:29.540140Z,2,3,A,Monday,2,09:35,10:25,Digital Logic Circuits,EE3304,Prof. A. Sundaram,C128,Main Block,3,Lecture,,,All,
9fbb8efc-0e74-4d6b-82dd-28bdba65a0f5,EEE,2021,2026-2027,1.2,2026-07-19T06:43:29.540140Z,2,3,A,Monday,3,10:45,11:35,Digital Logic Circuits,EE3304,Prof. A. Sundaram,C152,Main Block,3,Lecture,,,All,
86e8f652-33b0-46da-bf1b-7a491e266203,EEE,2021,2026-2027,1.2,2026-07-19T06:43:29.540140Z,2,3,A,Monday,4,11:35,12:25,Electromagnetic Fields,EE3303,Prof. V. Ramesh,C401,Main Block,3,Lecture,,,All,
c67c6920-fa38-4794-b97c-f22a85558d39,EEE,2021,2026-2027,1.2,2026-07-19T06:43:29.540140Z,2,3,A,Monday,5,13:15,14:05,Digital Logic Circuits,EE3304,Prof. A. Sundaram,C367,Main Block,3,Lecture,,,All,
806689d8-20c5-4dd9-a9eb-74896c005ff3,EEE,2021,2026-2027,1.2,2026-07-19T06:43:29.540140Z,2,3,A,Monday,6,14:05,14:55,Electromagnetic Fields,EE3303,Prof. V. Ramesh,C150,Main Block,3,Lecture,,,All,
25f19737-3e11-4d04-a4a9-b01b8d90e989,EEE,2021,2026-2027,1.2,2026-07-19T06:43:29.540140Z,2,3,A,Monday,7,14:55,15:45,Electromagnetic Fields,EE3303,Prof. V. Ramesh,C309,Main Block,3,Lecture,,,All,
3a2fd4ec-763f-4944-84b3-d1960fe760bd,EEE,2021,2026-2027,1.2,2026-07-19T06:43:29.540140Z,2,3,A,Tuesday,1,08:45,09:35,Electrical Machines I,EE3302,Dr. K. Natarajan,C161,Main Block,4,Lecture,,,All,
2cc18cb9-4d40-43df-89ef-eb8fe0844ea6,EEE,2021,2026-2027,1.2,2026-07-19T06:43:29.540140Z,2,3,A,Tuesday,2,09:35,10:25,Electrical Machines I,EE3302,Dr. K. Natarajan,C216,Main Block,4,Lecture,,,All,
45ec4134-c127-4994-be6a-835ed54c6162,EEE,2021,2026-2027,1.2,2026-07-19T06:43:29.540140Z,2,3,A,Tuesday,3,10:45,11:35,Digital Logic Circuits,EE3304,Prof. A. Sundaram,C140,Main Block,3,Lecture,,,All,
1e412c8b-6f08-435d-bf67-78ce25819105,EEE,2021,2026-2027,1.2,2026-07-19T06:43:29.540140Z,2,3,A,Tuesday,4,11:35,12:25,Electrical Machines I,EE3302,Dr. K. Natarajan,C274,Main Block,4,Lecture,,,All,
f8f3a230-4e2a-40dd-a363-31c694a1566b,EEE,2021,2026-2027,1.2,2026-07-19T06:43:29.540140Z,2,3,A,Tuesday,5,13:15,14:05,Electrical Machines Laboratory,EE3311,Dr. P. Sundaram,Lab-4,Main Block,2,Lab,Lab-4,,All,
ab4c219e-87a6-4167-8b38-92e060473c43,EEE,2021,2026-2027,1.2,2026-07-19T06:43:29.540140Z,2,3,A,Tuesday,6,14:05,14:55,Electrical Machines Laboratory,EE3311,Dr. P. Sundaram,Lab-4,Main Block,2,Lab,Lab-4,,All,
90001ef1-205b-4fc4-a16a-4087f714168b,EEE,2021,2026-2027,1.2,2026-07-19T06:43:29.540140Z,2,3,A,Tuesday,7,14:55,15:45,Electrical Machines Laboratory,EE3311,Dr. P. Sundaram,Lab-4,Main Block,2,Lab,Lab-4,,All,
33ee7748-8c2c-4db2-bb04-c6299324f024,EEE,2021,2026-2027,1.2,2026-07-19T06:43:29.540140Z,2,3,A,Wednesday,1,08:45,09:35,Electrical Machines I,EE3302,Dr. K. Natarajan,C226,Main Block,4,Lecture,,,All,
94f0dad6-9552-4afb-83d0-fc3506c7e52e,EEE,2021,2026-2027,1.2,2026-07-19T06:43:29.540140Z,2,3,A,Wednesday,2,09:35,10:25,Power Systems I,EE3301,Dr. K. Sundaram,C194,Main Block,4,Lecture,,,All,
b38ad6bc-00b2-4f37-a6b6-826e37a1206c,EEE,2021,2026-2027,1.2,2026-07-19T06:43:29.540140Z,2,3,A,Wednesday,3,10:45,11:35,Electromagnetic Fields,EE3303,Prof. V. Ramesh,C394,Main Block,3,Lecture,,,All,
6a3668c2-8501-4969-88b6-a30d4bde1d61,EEE,2021,2026-2027,1.2,2026-07-19T06:43:29.540140Z,2,3,A,Wednesday,4,11:35,12:25,Electromagnetic Fields,EE3303,Prof. V. Ramesh,C151,Main Block,3,Lecture,,,All,
9ab6ada3-c52c-4686-8680-056708b27e47,EEE,2021,2026-2027,1.2,2026-07-19T06:43:29.540140Z,2,3,A,Wednesday,5,13:15,14:05,Electromagnetic Fields,EE3303,Prof. V. Ramesh,C304,Main Block,3,Lecture,,,All,
0c3ce566-f6fb-47a6-a4a2-1efe9dc26a18,EEE,2021,2026-2027,1.2,2026-07-19T06:43:29.540140Z,2,3,A,Wednesday,6,14:05,14:55,Power Systems I,EE3301,Dr. K. Sundaram,C309,Main Block,4,Lecture,,,All,
17a64d0d-b814-45d8-aaba-7ecf2895d0d2,EEE,2021,2026-2027,1.2,2026-07-19T06:43:29.540140Z,2,3,A,Wednesday,7,14:55,15:45,Digital Logic Circuits,EE3304,Prof. A. Sundaram,C404,Main Block,3,Lecture,,,All,
0851570a-52a6-480d-a91d-762958eaff30,EEE,2021,2026-2027,1.2,2026-07-19T06:43:29.540140Z,2,3,A,Thursday,1,08:45,09:35,Electrical Machines I,EE3302,Dr. K. Natarajan,C284,Main Block,4,Lecture,,,All,
b0db1b8b-8ffd-434b-b5ec-2fc082827871,EEE,2021,2026-2027,1.2,2026-07-19T06:43:29.540140Z,2,3,A,Thursday,2,09:35,10:25,Electrical Machines I,EE3302,Dr. K. Natarajan,C303,Main Block,4,Lecture,,,All,
3b479c09-b56b-44ea-b2e8-d83b1c1e093a,EEE,2021,2026-2027,1.2,2026-07-19T06:43:29.540140Z,2,3,A,Thursday,3,10:45,11:35,Electrical Machines I,EE3302,Dr. K. Natarajan,C267,Main Block,4,Lecture,,,All,
beac752a-6df2-4dee-9244-ed950790313c,EEE,2021,2026-2027,1.2,2026-07-19T06:43:29.540140Z,2,3,A,Thursday,4,11:35,12:25,Digital Logic Circuits,EE3304,Prof. A. Sundaram,C114,Main Block,3,Lecture,,,All,
f184e49a-f666-4ff6-9f4b-aab78d33f63a,EEE,2021,2026-2027,1.2,2026-07-19T06:43:29.540140Z,2,3,A,Thursday,5,13:15,14:05,Electrical Machines Laboratory,EE3311,Dr. P. Sundaram,Lab-7,Main Block,2,Lab,Lab-7,,All,
ba282824-1570-43d6-9bbc-edb048093974,EEE,2021,2026-2027,1.2,2026-07-19T06:43:29.540140Z,2,3,A,Thursday,6,14:05,14:55,Electrical Machines Laboratory,EE3311,Dr. P. Sundaram,Lab-7,Main Block,2,Lab,Lab-7,,All,
2d7fe7a4-cb1a-4375-999d-f6382d44ee10,EEE,2021,2026-2027,1.2,2026-07-19T06:43:29.540140Z,2,3,A,Thursday,7,14:55,15:45,Electrical Machines Laboratory,EE3311,Dr. P. Sundaram,Lab-7,Main Block,2,Lab,Lab-7,,All,
24ae58d6-e95c-48e3-a585-495c8aa4ab9f,EEE,2021,2026-2027,1.2,2026-07-19T06:43:29.540140Z,2,3,A,Friday,1,08:45,09:35,Electromagnetic Fields,EE3303,Prof. V. Ramesh,C256,Main Block,3,Lecture,,,All,
d0ca041f-f4f6-4384-b684-cc73104a3a79,EEE,2021,2026-2027,1.2,2026-07-19T06:43:29.540140Z,2,3,A,Friday,2,09:35,10:25,Digital Logic Circuits,EE3304,Prof. A. Sundaram,C144,Main Block,3,Lecture,,,All,
1e4cdf7c-e3b7-4cda-90eb-0bb04946c24d,EEE,2021,2026-2027,1.2,2026-07-19T06:43:29.540140Z,2,3,A,Friday,3,10:45,11:35,Power Systems I,EE3301,Dr. K. Sundaram,C202,Main Block,4,Lecture,,,All,
06b501a0-5b23-4c05-ab7d-a586948613c0,EEE,2021,2026-2027,1.2,2026-07-19T06:43:29.540140Z,2,3,A,Friday,4,11:35,12:25,Digital Logic Circuits,EE3304,Prof. A. Sundaram,C191,Main Block,3,Lecture,,,All,
f494ea53-298b-4d7f-b6c0-1a697feb31a9,EEE,2021,2026-2027,1.2,2026-07-19T06:43:29.540140Z,2,3,A,Friday,5,13:15,14:05,Power Systems I,EE3301,Dr. K. Sundaram,C215,Main Block,4,Lecture,,,All,
c467c1f8-8803-4b29-89a5-1cc53847277b,EEE,2021,2026-2027,1.2,2026-07-19T06:43:29.540140Z,2,3,A,Friday,6,14:05,14:55,Digital Logic Circuits,EE3304,Prof. A. Sundaram,C349,Main Block,3,Lecture,,,All,
663c2f68-9f93-4514-a1b4-3ea196b458d4,EEE,2021,2026-2027,1.2,2026-07-19T06:43:29.540140Z,2,3,A,Friday,7,14:55,15:45,Digital Logic Circuits,EE3304,Prof. A. Sundaram,C326,Main Block,3,Lecture,,,All,
031596d7-4f34-4b7a-8a03-648ca504983e,EEE,2021,2026-2027,1.2,2026-07-19T06:43:29.540140Z,2,3,A,Saturday,1,08:45,09:35,Electrical Machines I,EE3302,Dr. K. Natarajan,C182,Main Block,4,Lecture,,,All,
8b4ae1b4-2e78-4094-acde-ea13eabdad68,EEE,2021,2026-2027,1.2,2026-07-19T06:43:29.540140Z,2,3,A,Saturday,2,09:35,10:25,Digital Logic Circuits,EE3304,Prof. A. Sundaram,C193,Main Block,3,Lecture,,,All,
c97e6ff1-b423-45e3-8302-473e86f48c84,EEE,2021,2026-2027,1.2,2026-07-19T06:43:29.540140Z,2,3,A,Saturday,3,10:45,11:35,Digital Logic Circuits,EE3304,Prof. A. Sundaram,C281,Main Block,3,Lecture,,,All,
6c6c6e98-ddef-42c0-87f7-cd5fb9cd4175,EEE,2021,2026-2027,1.2,2026-07-19T06:43:29.540140Z,2,3,A,Saturday,4,11:35,12:25,Digital Logic Circuits,EE3304,Prof. A. Sundaram,C343,Main Block,3,Lecture,,,All,
6f7a0b26-e506-4076-9ea0-408e5f12060a,EEE,2021,2026-2027,1.2,2026-07-19T06:43:29.540140Z,2,3,A,Saturday,5,13:15,14:05,Electrical Machines Laboratory,EE3311,Dr. P. Sundaram,Lab-5,Main Block,2,Lab,Lab-5,,All,
e01d7b49-6da5-4b0e-a949-6f3a216db163,EEE,2021,2026-2027,1.2,2026-07-19T06:43:29.540140Z,2,3,A,Saturday,6,14:05,14:55,Electrical Machines Laboratory,EE3311,Dr. P. Sundaram,Lab-5,Main Block,2,Lab,Lab-5,,All,
aeedd55f-27b0-4695-95ed-ac5f7af176f7,EEE,2021,2026-2027,1.2,2026-07-19T06:43:29.540140Z,2,3,A,Saturday,7,14:55,15:45,Electrical Machines Laboratory,EE3311,Dr. P. Sundaram,Lab-5,Main Block,2,Lab,Lab-5,,All,
f94f34db-ced3-46cf-844d-124c3ec7f9c5,EEE,2021,2026-2027,1.2,2026-07-19T06:43:29.540140Z,2,3,B,Monday,1,08:45,09:35,Electrical Machines I,EE3302,Dr. K. Ramesh,C214,Main Block,4,Lecture,,,All,
10d4a90d-0d1b-4a45-b5c8-5e5ae6fa6657,EEE,2021,2026-2027,1.2,2026-07-19T06:43:29.540140Z,2,3,B,Monday,2,09:35,10:25,Electromagnetic Fields,EE3303,Prof. V. Krishnan,C158,Main Block,3,Lecture,,,All,
40467018-4b16-48fc-a3c0-11eceb1db263,EEE,2021,2026-2027,1.2,2026-07-19T06:43:29.540140Z,2,3,B,Monday,3,10:45,11:35,Electrical Machines I,EE3302,Dr. K. Ramesh,C293,Main Block,4,Lecture,,,All,
116a9187-2596-48a4-bf4b-3ce2ac7d42cf,EEE,2021,2026-2027,1.2,2026-07-19T06:43:29.540140Z,2,3,B,Monday,4,11:35,12:25,Electrical Machines I,EE3302,Dr. K. Ramesh,C287,Main Block,4,Lecture,,,All,
4b5c3157-7244-40fe-9cd7-0136999d6961,EEE,2021,2026-2027,1.2,2026-07-19T06:43:29.540140Z,2,3,B,Monday,5,13:15,14:05,Electrical Machines I,EE3302,Dr. K. Ramesh,C348,Main Block,4,Lecture,,,All,
88fa8027-d665-4e46-aae5-5c89bc8a037f,EEE,2021,2026-2027,1.2,2026-07-19T06:43:29.540140Z,2,3,B,Monday,6,14:05,14:55,Power Systems I,EE3301,Dr. S. Srinivasan,C381,Main Block,4,Lecture,,,All,
4517af4a-814a-4095-8378-74395268e007,EEE,2021,2026-2027,1.2,2026-07-19T06:43:29.540140Z,2,3,B,Monday,7,14:55,15:45,Electromagnetic Fields,EE3303,Prof. V. Krishnan,C227,Main Block,3,Lecture,,,All,
4eebdb69-2a42-4309-84d4-8a155c04bd1b,EEE,2021,2026-2027,1.2,2026-07-19T06:43:29.540140Z,2,3,B,Tuesday,1,08:45,09:35,Electrical Machines I,EE3302,Dr. K. Ramesh,C190,Main Block,4,Lecture,,,All,
6516edd0-1261-438d-b34a-0bd8d5783629,EEE,2021,2026-2027,1.2,2026-07-19T06:43:29.540140Z,2,3,B,Tuesday,2,09:35,10:25,Electrical Machines I,EE3302,Dr. K. Ramesh,C338,Main Block,4,Lecture,,,All,
8352f9bc-74fa-4586-857e-416918f74728,EEE,2021,2026-2027,1.2,2026-07-19T06:43:29.540140Z,2,3,B,Tuesday,3,10:45,11:35,Digital Logic Circuits,EE3304,Prof. G. Kumar,C137,Main Block,3,Lecture,,,All,
2d3583fd-7017-42a7-bb97-23abc238de78,EEE,2021,2026-2027,1.2,2026-07-19T06:43:29.540140Z,2,3,B,Tuesday,4,11:35,12:25,Power Systems I,EE3301,Dr. S. Srinivasan,C199,Main Block,4,Lecture,,,All,
0daca2c2-c10b-4b21-b8b0-7b041f8e1768,EEE,2021,2026-2027,1.2,2026-07-19T06:43:29.540140Z,2,3,B,Tuesday,5,13:15,14:05,Electrical Machines Laboratory,EE3311,Dr. P. Rajan,Lab-4,Main Block,2,Lab,Lab-4,,All,
18bd4c20-c369-4942-aa91-b4b1aad29a55,EEE,2021,2026-2027,1.2,2026-07-19T06:43:29.540140Z,2,3,B,Tuesday,6,14:05,14:55,Electrical Machines Laboratory,EE3311,Dr. P. Rajan,Lab-4,Main Block,2,Lab,Lab-4,,All,
2935f4c3-ef4e-4526-8871-b32d992cffb5,EEE,2021,2026-2027,1.2,2026-07-19T06:43:29.540140Z,2,3,B,Tuesday,7,14:55,15:45,Electrical Machines Laboratory,EE3311,Dr. P. Rajan,Lab-4,Main Block,2,Lab,Lab-4,,All,
813db837-7383-4df1-8832-44abb5e11219,EEE,2021,2026-2027,1.2,2026-07-19T06:43:29.540140Z,2,3,B,Wednesday,1,08:45,09:35,Power Systems I,EE3301,Dr. S. Srinivasan,C214,Main Block,4,Lecture,,,All,
1af1c43e-bdb1-4fcb-a478-f7bcc0589e50,EEE,2021,2026-2027,1.2,2026-07-19T06:43:29.540140Z,2,3,B,Wednesday,2,09:35,10:25,Electrical Machines I,EE3302,Dr. K. Ramesh,C154,Main Block,4,Lecture,,,All,
2bac9772-3c24-4c9b-81fd-1069ea114200,EEE,2021,2026-2027,1.2,2026-07-19T06:43:29.540140Z,2,3,B,Wednesday,3,10:45,11:35,Electromagnetic Fields,EE3303,Prof. V. Krishnan,C169,Main Block,3,Lecture,,,All,
aa46e9a8-4c4b-45a4-b1de-df0d59243cd0,EEE,2021,2026-2027,1.2,2026-07-19T06:43:29.540140Z,2,3,B,Wednesday,4,11:35,12:25,Digital Logic Circuits,EE3304,Prof. G. Kumar,C320,Main Block,3,Lecture,,,All,
cbef7893-016c-4c39-acc6-924e72c8c2ef,EEE,2021,2026-2027,1.2,2026-07-19T06:43:29.540140Z,2,3,B,Wednesday,5,13:15,14:05,Digital Logic Circuits,EE3304,Prof. G. Kumar,C272,Main Block,3,Lecture,,,All,
738ea5fc-54c1-4207-9b42-8e37815c4745,EEE,2021,2026-2027,1.2,2026-07-19T06:43:29.540140Z,2,3,B,Wednesday,6,14:05,14:55,Power Systems I,EE3301,Dr. S. Srinivasan,C325,Main Block,4,Lecture,,,All,
fb025315-98e1-4ccd-9a66-6731c2ee157c,EEE,2021,2026-2027,1.2,2026-07-19T06:43:29.540140Z,2,3,B,Wednesday,7,14:55,15:45,Digital Logic Circuits,EE3304,Prof. G. Kumar,C310,Main Block,3,Lecture,,,All,
850ff822-336c-404d-b719-e023920aaaa7,EEE,2021,2026-2027,1.2,2026-07-19T06:43:29.540140Z,2,3,B,Thursday,1,08:45,09:35,Digital Logic Circuits,EE3304,Prof. G. Kumar,C112,Main Block,3,Lecture,,,All,
0c1a6e89-e335-4227-b9a4-42efed6d1986,EEE,2021,2026-2027,1.2,2026-07-19T06:43:29.540140Z,2,3,B,Thursday,2,09:35,10:25,Electrical Machines I,EE3302,Dr. K. Ramesh,C271,Main Block,4,Lecture,,,All,
13f71220-7abf-4007-8191-59f921873265,EEE,2021,2026-2027,1.2,2026-07-19T06:43:29.540140Z,2,3,B,Thursday,3,10:45,11:35,Electromagnetic Fields,EE3303,Prof. V. Krishnan,C244,Main Block,3,Lecture,,,All,
32ca729a-0653-492b-af13-4a8d0af4bd8e,EEE,2021,2026-2027,1.2,2026-07-19T06:43:29.540140Z,2,3,B,Thursday,4,11:35,12:25,Electromagnetic Fields,EE3303,Prof. V. Krishnan,C265,Main Block,3,Lecture,,,All,
c3ec03f7-aedb-4424-84e6-52b9747b63a3,EEE,2021,2026-2027,1.2,2026-07-19T06:43:29.540140Z,2,3,B,Thursday,5,13:15,14:05,Electrical Machines Laboratory,EE3311,Dr. P. Rajan,Lab-8,Main Block,2,Lab,Lab-8,,All,
bace63a2-b581-488c-ae0a-d9edfab796f9,EEE,2021,2026-2027,1.2,2026-07-19T06:43:29.540140Z,2,3,B,Thursday,6,14:05,14:55,Electrical Machines Laboratory,EE3311,Dr. P. Rajan,Lab-8,Main Block,2,Lab,Lab-8,,All,
44439754-d443-4596-8f24-5e5ea699b809,EEE,2021,2026-2027,1.2,2026-07-19T06:43:29.540140Z,2,3,B,Thursday,7,14:55,15:45,Electrical Machines Laboratory,EE3311,Dr. P. Rajan,Lab-8,Main Block,2,Lab,Lab-8,,All,
875b03af-798d-4863-8e27-fb670c203670,EEE,2021,2026-2027,1.2,2026-07-19T06:43:29.540140Z,2,3,B,Friday,1,08:45,09:35,Digital Logic Circuits,EE3304,Prof. G. Kumar,C221,Main Block,3,Lecture,,,All,
0f843767-a488-42c6-85c8-a753a0a8dee2,EEE,2021,2026-2027,1.2,2026-07-19T06:43:29.540140Z,2,3,B,Friday,2,09:35,10:25,Digital Logic Circuits,EE3304,Prof. G. Kumar,C183,Main Block,3,Lecture,,,All,
0c393eef-8a8b-43cd-9536-67763fe56a05,EEE,2021,2026-2027,1.2,2026-07-19T06:43:29.540140Z,2,3,B,Friday,3,10:45,11:35,Electromagnetic Fields,EE3303,Prof. V. Krishnan,C156,Main Block,3,Lecture,,,All,
937bde3f-0ec6-4534-9d7f-2810c595c3a9,EEE,2021,2026-2027,1.2,2026-07-19T06:43:29.540140Z,2,3,B,Friday,4,11:35,12:25,Power Systems I,EE3301,Dr. S. Srinivasan,C174,Main Block,4,Lecture,,,All,
148e0553-d0e2-4b31-8011-b3bab17f57ae,EEE,2021,2026-2027,1.2,2026-07-19T06:43:29.540140Z,2,3,B,Friday,5,13:15,14:05,Electromagnetic Fields,EE3303,Prof. V. Krishnan,C145,Main Block,3,Lecture,,,All,
ccdfa8b4-f9ce-473c-a96e-0262a237037f,EEE,2021,2026-2027,1.2,2026-07-19T06:43:29.540140Z,2,3,B,Friday,6,14:05,14:55,Digital Logic Circuits,EE3304,Prof. G. Kumar,C245,Main Block,3,Lecture,,,All,
a79e8f5d-7287-45b8-b663-922efb8cb85c,EEE,2021,2026-2027,1.2,2026-07-19T06:43:29.540140Z,2,3,B,Friday,7,14:55,15:45,Electromagnetic Fields,EE3303,Prof. V. Krishnan,C294,Main Block,3,Lecture,,,All,
0f21d6c7-5545-4d14-9559-540b9dbabb93,EEE,2021,2026-2027,1.2,2026-07-19T06:43:29.540140Z,2,3,B,Saturday,1,08:45,09:35,Power Systems I,EE3301,Dr. S. Srinivasan,C173,Main Block,4,Lecture,,,All,
3672baa5-400e-4089-9e77-98d657101090,EEE,2021,2026-2027,1.2,2026-07-19T06:43:29.540140Z,2,3,B,Saturday,2,09:35,10:25,Electrical Machines I,EE3302,Dr. K. Ramesh,C360,Main Block,4,Lecture,,,All,
1c97182e-0e7c-4887-b017-fad23271c578,EEE,2021,2026-2027,1.2,2026-07-19T06:43:29.540140Z,2,3,B,Saturday,3,10:45,11:35,Digital Logic Circuits,EE3304,Prof. G. Kumar,C176,Main Block,3,Lecture,,,All,
ed0af22a-6f74-49a2-ac20-eea6355af2ea,EEE,2021,2026-2027,1.2,2026-07-19T06:43:29.540140Z,2,3,B,Saturday,4,11:35,12:25,Electrical Machines I,EE3302,Dr. K. Ramesh,C250,Main Block,4,Lecture,,,All,
7a215016-f5ef-4b41-b711-a406eb4e2c66,EEE,2021,2026-2027,1.2,2026-07-19T06:43:29.540140Z,2,3,B,Saturday,5,13:15,14:05,Electrical Machines Laboratory,EE3311,Dr. P. Rajan,Lab-1,Main Block,2,Lab,Lab-1,,All,
a39ea290-94ea-44c4-9a49-8b4e47f62175,EEE,2021,2026-2027,1.2,2026-07-19T06:43:29.540140Z,2,3,B,Saturday,6,14:05,14:55,Electrical Machines Laboratory,EE3311,Dr. P. Rajan,Lab-1,Main Block,2,Lab,Lab-1,,All,
4c26c827-de0f-4acc-81ce-d6c62212ca27,EEE,2021,2026-2027,1.2,2026-07-19T06:43:29.540140Z,2,3,B,Saturday,7,14:55,15:45,Electrical Machines Laboratory,EE3311,Dr. P. Rajan,Lab-1,Main Block,2,Lab,Lab-1,,All,
4b81f09d-9e0e-4951-ab15-a84dc5087dcb,EEE,2021,2026-2027,1.2,2026-07-19T06:43:29.540140Z,3,5,A,Monday,1,08:45,09:35,Renewable Energy Systems,EE3551,Dr. M. Venkatesh,C144,Main Block,3,Lecture,,,All,
16be1a4a-c5d0-4fd5-a6d8-25d3f04eec2b,EEE,2021,2026-2027,1.2,2026-07-19T06:43:29.540140Z,3,5,A,Monday,2,09:35,10:25,Renewable Energy Systems,EE3551,Dr. M. Venkatesh,C157,Main Block,3,Lecture,,,All,
d7cf8271-6269-4c8e-b740-9e49afba2011,EEE,2021,2026-2027,1.2,2026-07-19T06:43:29.540140Z,3,5,A,Monday,3,10:45,11:35,Protection and Switchgear,EE3502,Dr. S. Natarajan,C398,Main Block,3,Lecture,,,All,
ca8e0ec6-b652-46e8-bf02-1a3b3b8c6ae5,EEE,2021,2026-2027,1.2,2026-07-19T06:43:29.540140Z,3,5,A,Monday,4,11:35,12:25,Microprocessors and Microcontrollers,EE3503,Dr. M. Krishnan,C398,Main Block,4,Lecture,,,All,
457656e5-6b6f-4e54-9290-ad1dd86bc351,EEE,2021,2026-2027,1.2,2026-07-19T06:43:29.540140Z,3,5,A,Monday,5,13:15,14:05,Renewable Energy Systems,EE3551,Dr. M. Venkatesh,C392,Main Block,3,Lecture,,,All,
65e2ac00-fc7f-4ff5-a5ee-0beb0c75e0c9,EEE,2021,2026-2027,1.2,2026-07-19T06:43:29.540140Z,3,5,A,Monday,6,14:05,14:55,Protection and Switchgear,EE3502,Dr. S. Natarajan,C146,Main Block,3,Lecture,,,All,
377b6433-946b-45eb-898c-a4eb72a1899f,EEE,2021,2026-2027,1.2,2026-07-19T06:43:29.540140Z,3,5,A,Monday,7,14:55,15:45,Power Electronics,EE3501,Dr. R. Kumar,C359,Main Block,3,Lecture,,,All,
6e645e6d-5881-441b-93f0-cceb3df89cc6,EEE,2021,2026-2027,1.2,2026-07-19T06:43:29.540140Z,3,5,A,Tuesday,1,08:45,09:35,Power Electronics,EE3501,Dr. R. Kumar,C251,Main Block,3,Lecture,,,All,
2cf35df8-882f-47b8-b34d-8ad79fa0c03b,EEE,2021,2026-2027,1.2,2026-07-19T06:43:29.540140Z,3,5,A,Tuesday,2,09:35,10:25,Microprocessors and Microcontrollers,EE3503,Dr. M. Krishnan,C121,Main Block,4,Lecture,,,All,
a02b8a01-8114-4bff-97ae-420b62b0a754,EEE,2021,2026-2027,1.2,2026-07-19T06:43:29.540140Z,3,5,A,Tuesday,3,10:45,11:35,Microprocessors and Microcontrollers,EE3503,Dr. M. Krishnan,C254,Main Block,4,Lecture,,,All,
2c1daaa4-f9a2-493f-ae6b-eef61500a180,EEE,2021,2026-2027,1.2,2026-07-19T06:43:29.540140Z,3,5,A,Tuesday,4,11:35,12:25,Protection and Switchgear,EE3502,Dr. S. Natarajan,C219,Main Block,3,Lecture,,,All,
f414ea41-752c-4fa0-99ce-1621909510c5,EEE,2021,2026-2027,1.2,2026-07-19T06:43:29.540140Z,3,5,A,Tuesday,5,13:15,14:05,Power Electronics Laboratory,EE3511,Prof. G. Rajan,Lab-3,Main Block,2,Lab,Lab-3,,All,
104c1194-0f0f-4134-b13b-2c8109fb16c9,EEE,2021,2026-2027,1.2,2026-07-19T06:43:29.540140Z,3,5,A,Tuesday,6,14:05,14:55,Power Electronics Laboratory,EE3511,Prof. G. Rajan,Lab-3,Main Block,2,Lab,Lab-3,,All,
09785932-2647-4a15-88d4-33766888c388,EEE,2021,2026-2027,1.2,2026-07-19T06:43:29.540140Z,3,5,A,Tuesday,7,14:55,15:45,Power Electronics Laboratory,EE3511,Prof. G. Rajan,Lab-3,Main Block,2,Lab,Lab-3,,All,
9ea4ded3-1903-457a-b6dd-28273ad3c069,EEE,2021,2026-2027,1.2,2026-07-19T06:43:29.540140Z,3,5,A,Wednesday,1,08:45,09:35,Renewable Energy Systems,EE3551,Dr. M. Venkatesh,C344,Main Block,3,Lecture,,,All,
e43ea81c-b82c-4bde-983d-de5c64af967b,EEE,2021,2026-2027,1.2,2026-07-19T06:43:29.540140Z,3,5,A,Wednesday,2,09:35,10:25,Microprocessors and Microcontrollers,EE3503,Dr. M. Krishnan,C217,Main Block,4,Lecture,,,All,
ab7d78fa-7905-420d-885f-90b391f8fb04,EEE,2021,2026-2027,1.2,2026-07-19T06:43:29.540140Z,3,5,A,Wednesday,3,10:45,11:35,Protection and Switchgear,EE3502,Dr. S. Natarajan,C357,Main Block,3,Lecture,,,All,
d2b98b38-5e60-4af8-bb08-bbfda44e9f1d,EEE,2021,2026-2027,1.2,2026-07-19T06:43:29.540140Z,3,5,A,Wednesday,4,11:35,12:25,Power Electronics,EE3501,Dr. R. Kumar,C111,Main Block,3,Lecture,,,All,
f3c37cd5-9f26-44c9-b33b-4b8ce672c6de,EEE,2021,2026-2027,1.2,2026-07-19T06:43:29.540140Z,3,5,A,Wednesday,5,13:15,14:05,Protection and Switchgear,EE3502,Dr. S. Natarajan,C223,Main Block,3,Lecture,,,All,
36bc9384-96ff-464c-97f0-fe05ec5683ce,EEE,2021,2026-2027,1.2,2026-07-19T06:43:29.540140Z,3,5,A,Wednesday,6,14:05,14:55,Renewable Energy Systems,EE3551,Dr. M. Venkatesh,C299,Main Block,3,Lecture,,,All,
3c0aec2a-9883-47d2-93fb-6fd9a5872e73,EEE,2021,2026-2027,1.2,2026-07-19T06:43:29.540140Z,3,5,A,Wednesday,7,14:55,15:45,Power Electronics,EE3501,Dr. R. Kumar,C289,Main Block,3,Lecture,,,All,
fbc4dfc5-e93c-45d6-9b64-e7151ebaa633,EEE,2021,2026-2027,1.2,2026-07-19T06:43:29.540140Z,3,5,A,Thursday,1,08:45,09:35,Power Electronics,EE3501,Dr. R. Kumar,C246,Main Block,3,Lecture,,,All,
7fcff306-5c15-48b2-ad89-db3536652ca9,EEE,2021,2026-2027,1.2,2026-07-19T06:43:29.540140Z,3,5,A,Thursday,2,09:35,10:25,Power Electronics,EE3501,Dr. R. Kumar,C394,Main Block,3,Lecture,,,All,
1ecaa80b-7ad2-4e7c-9bee-2951fa4b5834,EEE,2021,2026-2027,1.2,2026-07-19T06:43:29.540140Z,3,5,A,Thursday,3,10:45,11:35,Microprocessors and Microcontrollers,EE3503,Dr. M. Krishnan,C304,Main Block,4,Lecture,,,All,
b506521a-d063-4ff7-8787-4b42169130f9,EEE,2021,2026-2027,1.2,2026-07-19T06:43:29.540140Z,3,5,A,Thursday,4,11:35,12:25,Power Electronics,EE3501,Dr. R. Kumar,C209,Main Block,3,Lecture,,,All,
b37244a1-bece-42b0-902c-f4b5eeed262f,EEE,2021,2026-2027,1.2,2026-07-19T06:43:29.540140Z,3,5,A,Thursday,5,13:15,14:05,Power Electronics Laboratory,EE3511,Prof. G. Rajan,Lab-4,Main Block,2,Lab,Lab-4,,All,
916a7af6-b7cf-4365-bc4b-bcc08cb2db75,EEE,2021,2026-2027,1.2,2026-07-19T06:43:29.540140Z,3,5,A,Thursday,6,14:05,14:55,Power Electronics Laboratory,EE3511,Prof. G. Rajan,Lab-4,Main Block,2,Lab,Lab-4,,All,
e3c40950-e0d5-4581-a8e9-3c9fb6ad3858,EEE,2021,2026-2027,1.2,2026-07-19T06:43:29.540140Z,3,5,A,Thursday,7,14:55,15:45,Power Electronics Laboratory,EE3511,Prof. G. Rajan,Lab-4,Main Block,2,Lab,Lab-4,,All,
13c1ddce-c67b-426a-9516-9bdf53a32e04,EEE,2021,2026-2027,1.2,2026-07-19T06:43:29.540140Z,3,5,A,Friday,1,08:45,09:35,Microprocessors and Microcontrollers,EE3503,Dr. M. Krishnan,C331,Main Block,4,Lecture,,,All,
b1d1f80c-8985-469f-8e12-f4e27acb0ff4,EEE,2021,2026-2027,1.2,2026-07-19T06:43:29.540140Z,3,5,A,Friday,2,09:35,10:25,Power Electronics,EE3501,Dr. R. Kumar,C147,Main Block,3,Lecture,,,All,
3a611740-a056-4256-a3ca-e75c79786d15,EEE,2021,2026-2027,1.2,2026-07-19T06:43:29.540140Z,3,5,A,Friday,3,10:45,11:35,Microprocessors and Microcontrollers,EE3503,Dr. M. Krishnan,C380,Main Block,4,Lecture,,,All,
566db3da-93b9-45bf-a939-a9db621060d4,EEE,2021,2026-2027,1.2,2026-07-19T06:43:29.540140Z,3,5,A,Friday,4,11:35,12:25,Protection and Switchgear,EE3502,Dr. S. Natarajan,C218,Main Block,3,Lecture,,,All,
7b2abb92-f0a0-4058-9141-4bb0638a3c11,EEE,2021,2026-2027,1.2,2026-07-19T06:43:29.540140Z,3,5,A,Friday,5,13:15,14:05,Microprocessors and Microcontrollers,EE3503,Dr. M. Krishnan,C231,Main Block,4,Lecture,,,All,
5816e559-7ce2-4c76-9ead-794614d2b957,EEE,2021,2026-2027,1.2,2026-07-19T06:43:29.540140Z,3,5,A,Friday,6,14:05,14:55,Power Electronics,EE3501,Dr. R. Kumar,C197,Main Block,3,Lecture,,,All,
26cf9a61-47a6-411c-aa01-49f221118938,EEE,2021,2026-2027,1.2,2026-07-19T06:43:29.540140Z,3,5,A,Friday,7,14:55,15:45,Renewable Energy Systems,EE3551,Dr. M. Venkatesh,C351,Main Block,3,Lecture,,,All,
f986ec6a-8562-4268-862c-f97e2e34be09,EEE,2021,2026-2027,1.2,2026-07-19T06:43:29.540140Z,3,5,A,Saturday,1,08:45,09:35,Power Electronics,EE3501,Dr. R. Kumar,C123,Main Block,3,Lecture,,,All,
915246d1-f347-4f3d-8a26-8baa47fa4804,EEE,2021,2026-2027,1.2,2026-07-19T06:43:29.540140Z,3,5,A,Saturday,2,09:35,10:25,Protection and Switchgear,EE3502,Dr. S. Natarajan,C259,Main Block,3,Lecture,,,All,
a2a1cf18-7068-4905-99e5-ece95e265256,EEE,2021,2026-2027,1.2,2026-07-19T06:43:29.540140Z,3,5,A,Saturday,3,10:45,11:35,Protection and Switchgear,EE3502,Dr. S. Natarajan,C216,Main Block,3,Lecture,,,All,
50953244-4271-46c4-a563-fc965aaac49b,EEE,2021,2026-2027,1.2,2026-07-19T06:43:29.540140Z,3,5,A,Saturday,4,11:35,12:25,Power Electronics,EE3501,Dr. R. Kumar,C115,Main Block,3,Lecture,,,All,
81eacda4-cf86-485e-b9ec-1991ba840b9b,EEE,2021,2026-2027,1.2,2026-07-19T06:43:29.540140Z,3,5,A,Saturday,5,13:15,14:05,Power Electronics Laboratory,EE3511,Prof. G. Rajan,Lab-4,Main Block,2,Lab,Lab-4,,All,
d03686a6-e52c-4330-a1b8-b7fd656c1b95,EEE,2021,2026-2027,1.2,2026-07-19T06:43:29.540140Z,3,5,A,Saturday,6,14:05,14:55,Power Electronics Laboratory,EE3511,Prof. G. Rajan,Lab-4,Main Block,2,Lab,Lab-4,,All,
630bad3a-2b86-450a-9669-703ace995f5c,EEE,2021,2026-2027,1.2,2026-07-19T06:43:29.540140Z,3,5,A,Saturday,7,14:55,15:45,Power Electronics Laboratory,EE3511,Prof. G. Rajan,Lab-4,Main Block,2,Lab,Lab-4,,All,
bc2a2097-18dd-4a15-b3b4-343a34956857,EEE,2021,2026-2027,1.2,2026-07-19T06:43:29.540140Z,3,5,B,Monday,1,08:45,09:35,Protection and Switchgear,EE3502,Dr. P. Balaji,C273,Main Block,3,Lecture,,,All,
bddfe341-64e8-4b20-8bf4-db80b6cd1eab,EEE,2021,2026-2027,1.2,2026-07-19T06:43:29.540140Z,3,5,B,Monday,2,09:35,10:25,Protection and Switchgear,EE3502,Dr. P. Balaji,C217,Main Block,3,Lecture,,,All,
6a580484-3cb3-4a01-88e8-dbaec891790a,EEE,2021,2026-2027,1.2,2026-07-19T06:43:29.540140Z,3,5,B,Monday,3,10:45,11:35,Renewable Energy Systems,EE3551,Prof. A. Krishnan,C174,Main Block,3,Lecture,,,All,
49d7afe8-78eb-4ff2-9f67-338ff6a68138,EEE,2021,2026-2027,1.2,2026-07-19T06:43:29.540140Z,3,5,B,Monday,4,11:35,12:25,Protection and Switchgear,EE3502,Dr. P. Balaji,C208,Main Block,3,Lecture,,,All,
990c5810-ab01-41f7-a22c-952529487a9b,EEE,2021,2026-2027,1.2,2026-07-19T06:43:29.540140Z,3,5,B,Monday,5,13:15,14:05,Power Electronics,EE3501,Dr. M. Balaji,C293,Main Block,3,Lecture,,,All,
73a419ac-9a25-4984-a414-241a42fd3691,EEE,2021,2026-2027,1.2,2026-07-19T06:43:29.540140Z,3,5,B,Monday,6,14:05,14:55,Renewable Energy Systems,EE3551,Prof. A. Krishnan,C398,Main Block,3,Lecture,,,All,
a33b17ae-a1c0-46c0-8010-32638e1e947b,EEE,2021,2026-2027,1.2,2026-07-19T06:43:29.540140Z,3,5,B,Monday,7,14:55,15:45,Power Electronics,EE3501,Dr. M. Balaji,C372,Main Block,3,Lecture,,,All,
0248ed34-a23b-4201-bca1-230a00b9a05b,EEE,2021,2026-2027,1.2,2026-07-19T06:43:29.540140Z,3,5,B,Tuesday,1,08:45,09:35,Power Electronics,EE3501,Dr. M. Balaji,C364,Main Block,3,Lecture,,,All,
5272338d-2f29-4d30-af78-55d6918c208e,EEE,2021,2026-2027,1.2,2026-07-19T06:43:29.540140Z,3,5,B,Tuesday,2,09:35,10:25,Protection and Switchgear,EE3502,Dr. P. Balaji,C226,Main Block,3,Lecture,,,All,
082acac4-c943-4e15-a772-614c256dd2e4,EEE,2021,2026-2027,1.2,2026-07-19T06:43:29.540140Z,3,5,B,Tuesday,3,10:45,11:35,Protection and Switchgear,EE3502,Dr. P. Balaji,C373,Main Block,3,Lecture,,,All,
b8251aec-a206-4926-8f15-68e69517a8d4,EEE,2021,2026-2027,1.2,2026-07-19T06:43:29.540140Z,3,5,B,Tuesday,4,11:35,12:25,Power Electronics,EE3501,Dr. M. Balaji,C319,Main Block,3,Lecture,,,All,
93637896-37d7-44b1-9976-636438d8d871,EEE,2021,2026-2027,1.2,2026-07-19T06:43:29.540140Z,3,5,B,Tuesday,5,13:15,14:05,Power Electronics Laboratory,EE3511,Dr. R. Sundaram,Lab-9,Main Block,2,Lab,Lab-9,,All,
6639c9af-a3f6-4bd0-91c5-31934bdfc470,EEE,2021,2026-2027,1.2,2026-07-19T06:43:29.540140Z,3,5,B,Tuesday,6,14:05,14:55,Power Electronics Laboratory,EE3511,Dr. R. Sundaram,Lab-9,Main Block,2,Lab,Lab-9,,All,
0f15d584-b4b4-4fe1-b2ba-5c79692d9180,EEE,2021,2026-2027,1.2,2026-07-19T06:43:29.540140Z,3,5,B,Tuesday,7,14:55,15:45,Power Electronics Laboratory,EE3511,Dr. R. Sundaram,Lab-9,Main Block,2,Lab,Lab-9,,All,
f6c5cc67-9388-4bfe-ab92-f0f5c10456cd,EEE,2021,2026-2027,1.2,2026-07-19T06:43:29.540140Z,3,5,B,Wednesday,1,08:45,09:35,Power Electronics,EE3501,Dr. M. Balaji,C333,Main Block,3,Lecture,,,All,
26889fcb-4cf5-47fb-8ca4-6f63e27b4824,EEE,2021,2026-2027,1.2,2026-07-19T06:43:29.540140Z,3,5,B,Wednesday,2,09:35,10:25,Renewable Energy Systems,EE3551,Prof. A. Krishnan,C344,Main Block,3,Lecture,,,All,
4235f166-b998-4b6c-bb5b-9078a38d1d2d,EEE,2021,2026-2027,1.2,2026-07-19T06:43:29.540140Z,3,5,B,Wednesday,3,10:45,11:35,Renewable Energy Systems,EE3551,Prof. A. Krishnan,C182,Main Block,3,Lecture,,,All,
e2c216a5-d03b-4b51-b30d-b398f0892166,EEE,2021,2026-2027,1.2,2026-07-19T06:43:29.540140Z,3,5,B,Wednesday,4,11:35,12:25,Protection and Switchgear,EE3502,Dr. P. Balaji,C167,Main Block,3,Lecture,,,All,
743c5261-1cd8-46b7-9d5b-f0462cd86909,EEE,2021,2026-2027,1.2,2026-07-19T06:43:29.540140Z,3,5,B,Wednesday,5,13:15,14:05,Protection and Switchgear,EE3502,Dr. P. Balaji,C379,Main Block,3,Lecture,,,All,
4b7d9464-b82e-493a-9ff4-1f3f2ed0e0c1,EEE,2021,2026-2027,1.2,2026-07-19T06:43:29.540140Z,3,5,B,Wednesday,6,14:05,14:55,Power Electronics,EE3501,Dr. M. Balaji,C290,Main Block,3,Lecture,,,All,
2eeb155f-b07f-46c5-b471-ddf172fc1cdf,EEE,2021,2026-2027,1.2,2026-07-19T06:43:29.540140Z,3,5,B,Wednesday,7,14:55,15:45,Power Electronics,EE3501,Dr. M. Balaji,C372,Main Block,3,Lecture,,,All,
025f490d-55d9-4c35-b5df-89d2c699182f,EEE,2021,2026-2027,1.2,2026-07-19T06:43:29.540140Z,3,5,B,Thursday,1,08:45,09:35,Power Electronics,EE3501,Dr. M. Balaji,C231,Main Block,3,Lecture,,,All,
af49d8e5-4958-4a1b-b0d3-892d5bc09f83,EEE,2021,2026-2027,1.2,2026-07-19T06:43:29.540140Z,3,5,B,Thursday,2,09:35,10:25,Renewable Energy Systems,EE3551,Prof. A. Krishnan,C342,Main Block,3,Lecture,,,All,
60a1c1c6-c108-4b5c-89a9-d57a7c7296c2,EEE,2021,2026-2027,1.2,2026-07-19T06:43:29.540140Z,3,5,B,Thursday,3,10:45,11:35,Renewable Energy Systems,EE3551,Prof. A. Krishnan,C175,Main Block,3,Lecture,,,All,
5e964e22-a62b-4a95-9188-a07dcb3d90c0,EEE,2021,2026-2027,1.2,2026-07-19T06:43:29.540140Z,3,5,B,Thursday,4,11:35,12:25,Microprocessors and Microcontrollers,EE3503,Prof. G. Venkatesh,C203,Main Block,4,Lecture,,,All,
b7fda456-e143-4d78-9757-dbada6bf6b59,EEE,2021,2026-2027,1.2,2026-07-19T06:43:29.540140Z,3,5,B,Thursday,5,13:15,14:05,Power Electronics Laboratory,EE3511,Dr. R. Sundaram,Lab-7,Main Block,2,Lab,Lab-7,,All,
d49386bf-fca9-4f09-9b32-08a6ced29c4a,EEE,2021,2026-2027,1.2,2026-07-19T06:43:29.540140Z,3,5,B,Thursday,6,14:05,14:55,Power Electronics Laboratory,EE3511,Dr. R. Sundaram,Lab-7,Main Block,2,Lab,Lab-7,,All,
9f094291-dcf2-453e-947a-9a92449580f5,EEE,2021,2026-2027,1.2,2026-07-19T06:43:29.540140Z,3,5,B,Thursday,7,14:55,15:45,Power Electronics Laboratory,EE3511,Dr. R. Sundaram,Lab-7,Main Block,2,Lab,Lab-7,,All,
5cbe8ec2-2979-42db-a2b8-302535c3e5d3,EEE,2021,2026-2027,1.2,2026-07-19T06:43:29.540140Z,3,5,B,Friday,1,08:45,09:35,Power Electronics,EE3501,Dr. M. Balaji,C359,Main Block,3,Lecture,,,All,
b665e1b9-3663-480b-af0d-528f7c4ae509,EEE,2021,2026-2027,1.2,2026-07-19T06:43:29.540140Z,3,5,B,Friday,2,09:35,10:25,Power Electronics,EE3501,Dr. M. Balaji,C282,Main Block,3,Lecture,,,All,
c6a525ac-30d3-474f-9d32-2d84a673af92,EEE,2021,2026-2027,1.2,2026-07-19T06:43:29.540140Z,3,5,B,Friday,3,10:45,11:35,Protection and Switchgear,EE3502,Dr. P. Balaji,C204,Main Block,3,Lecture,,,All,
b3e6e07d-3f81-43fb-b979-5d1e8f98d106,EEE,2021,2026-2027,1.2,2026-07-19T06:43:29.540140Z,3,5,B,Friday,4,11:35,12:25,Renewable Energy Systems,EE3551,Prof. A. Krishnan,C325,Main Block,3,Lecture,,,All,
310ad0aa-882d-438a-a88f-923dfc0fc7e4,EEE,2021,2026-2027,1.2,2026-07-19T06:43:29.540140Z,3,5,B,Friday,5,13:15,14:05,Renewable Energy Systems,EE3551,Prof. A. Krishnan,C239,Main Block,3,Lecture,,,All,
ced3df94-3c62-4285-8ed0-f12d298e8ff5,EEE,2021,2026-2027,1.2,2026-07-19T06:43:29.540140Z,3,5,B,Friday,6,14:05,14:55,Protection and Switchgear,EE3502,Dr. P. Balaji,C348,Main Block,3,Lecture,,,All,
0bd46ec4-c1b8-4ff6-8cf2-a8e6ec756de5,EEE,2021,2026-2027,1.2,2026-07-19T06:43:29.540140Z,3,5,B,Friday,7,14:55,15:45,Power Electronics,EE3501,Dr. M. Balaji,C388,Main Block,3,Lecture,,,All,
c6f81307-f13b-47d8-a30d-08a84095a1d7,EEE,2021,2026-2027,1.2,2026-07-19T06:43:29.540140Z,3,5,B,Saturday,1,08:45,09:35,Renewable Energy Systems,EE3551,Prof. A. Krishnan,C121,Main Block,3,Lecture,,,All,
e4d35643-01dd-4eac-ae00-d5cd9c576cc6,EEE,2021,2026-2027,1.2,2026-07-19T06:43:29.540140Z,3,5,B,Saturday,2,09:35,10:25,Microprocessors and Microcontrollers,EE3503,Prof. G. Venkatesh,C150,Main Block,4,Lecture,,,All,
0adb0774-1091-4088-a2f4-c6b2e2b71753,EEE,2021,2026-2027,1.2,2026-07-19T06:43:29.540140Z,3,5,B,Saturday,3,10:45,11:35,Protection and Switchgear,EE3502,Dr. P. Balaji,C367,Main Block,3,Lecture,,,All,
6d394f76-aff5-479a-a130-4c4cb34b64f1,EEE,2021,2026-2027,1.2,2026-07-19T06:43:29.540140Z,3,5,B,Saturday,4,11:35,12:25,Protection and Switchgear,EE3502,Dr. P. Balaji,C337,Main Block,3,Lecture,,,All,
3251303f-478c-4458-a92c-31ed6991387c,EEE,2021,2026-2027,1.2,2026-07-19T06:43:29.540140Z,3,5,B,Saturday,5,13:15,14:05,Power Electronics Laboratory,EE3511,Dr. R. Sundaram,Lab-8,Main Block,2,Lab,Lab-8,,All,
02a9f060-5d62-4327-8e7a-d71db6b06047,EEE,2021,2026-2027,1.2,2026-07-19T06:43:29.540140Z,3,5,B,Saturday,6,14:05,14:55,Power Electronics Laboratory,EE3511,Dr. R. Sundaram,Lab-8,Main Block,2,Lab,Lab-8,,All,
7b29b677-4f7b-4b55-8c50-d9eb7be51c0b,EEE,2021,2026-2027,1.2,2026-07-19T06:43:29.540140Z,3,5,B,Saturday,7,14:55,15:45,Power Electronics Laboratory,EE3511,Dr. R. Sundaram,Lab-8,Main Block,2,Lab,Lab-8,,All,
853f0274-6ca7-4aed-adcd-814ba2cdfdce,EEE,2021,2026-2027,1.2,2026-07-19T06:43:29.540140Z,4,7,A,Monday,1,08:45,09:35,Project Work,EE3711,Prof. V. Balaji,C301,Main Block,2,Mini Project,,,All,
e1c9b6dc-4f1e-4c13-b0c6-601f323e4359,EEE,2021,2026-2027,1.2,2026-07-19T06:43:29.540140Z,4,7,A,Monday,2,09:35,10:25,Energy Management,EE3791,Dr. S. Rajan,C205,Main Block,2,Lecture,,,All,
556f1548-fddf-43fb-b642-1cde80e100fe,EEE,2021,2026-2027,1.2,2026-07-19T06:43:29.540140Z,4,7,A,Monday,3,10:45,11:35,Project Work,EE3711,Prof. V. Balaji,C207,Main Block,2,Mini Project,,,All,
9dc7b0f7-d70c-4c43-ab97-0206f3dc178a,EEE,2021,2026-2027,1.2,2026-07-19T06:43:29.540140Z,4,7,A,Monday,4,11:35,12:25,Energy Management,EE3791,Dr. S. Rajan,C259,Main Block,2,Lecture,,,All,
d590c262-f560-4e70-b5db-e69c309dc8e4,EEE,2021,2026-2027,1.2,2026-07-19T06:43:29.540140Z,4,7,A,Monday,5,13:15,14:05,Power System Operation and Control,EE3701,Prof. G. Srinivasan,C357,Main Block,3,Lecture,,,All,
8e3d84e6-73bf-4d1c-882a-af31381deffa,EEE,2021,2026-2027,1.2,2026-07-19T06:43:29.540140Z,4,7,A,Monday,6,14:05,14:55,Project Work,EE3711,Prof. V. Balaji,C321,Main Block,2,Mini Project,,,All,
5cc7b2ce-2b2b-456b-b205-b68f567ce500,EEE,2021,2026-2027,1.2,2026-07-19T06:43:29.540140Z,4,7,A,Monday,7,14:55,15:45,Project Work,EE3711,Prof. V. Balaji,C341,Main Block,2,Mini Project,,,All,
d8d8e20f-c9a8-4b21-993b-9f10d34b5baa,EEE,2021,2026-2027,1.2,2026-07-19T06:43:29.540140Z,4,7,A,Tuesday,1,08:45,09:35,Project Work,EE3711,Prof. V. Balaji,C124,Main Block,2,Mini Project,,,All,
3db9a27a-559a-4945-8587-593662241ad0,EEE,2021,2026-2027,1.2,2026-07-19T06:43:29.540140Z,4,7,A,Tuesday,2,09:35,10:25,Power System Operation and Control,EE3701,Prof. G. Srinivasan,C280,Main Block,3,Lecture,,,All,
95cd1837-aa6e-4836-8fd1-01afbc7b0e68,EEE,2021,2026-2027,1.2,2026-07-19T06:43:29.540140Z,4,7,A,Tuesday,3,10:45,11:35,Project Work,EE3711,Prof. V. Balaji,C311,Main Block,2,Mini Project,,,All,
a4e9ce53-c389-4956-be5a-9c22b3807d45,EEE,2021,2026-2027,1.2,2026-07-19T06:43:29.540140Z,4,7,A,Tuesday,4,11:35,12:25,Energy Management,EE3791,Dr. S. Rajan,C272,Main Block,2,Lecture,,,All,
33598edb-7761-4b3d-a495-fb3216eef8ab,EEE,2021,2026-2027,1.2,2026-07-19T06:43:29.540140Z,4,7,A,Tuesday,5,13:15,14:05,Power System Simulation Laboratory,EE3712,Dr. K. Natarajan,Lab-7,Main Block,2,Lab,Lab-7,,All,
b2e15074-5309-482a-871e-750adcb5e163,EEE,2021,2026-2027,1.2,2026-07-19T06:43:29.540140Z,4,7,A,Tuesday,6,14:05,14:55,Power System Simulation Laboratory,EE3712,Dr. K. Natarajan,Lab-7,Main Block,2,Lab,Lab-7,,All,
5e5d2c10-fd16-447b-8cec-ca37dc8d362c,EEE,2021,2026-2027,1.2,2026-07-19T06:43:29.540140Z,4,7,A,Tuesday,7,14:55,15:45,Power System Simulation Laboratory,EE3712,Dr. K. Natarajan,Lab-7,Main Block,2,Lab,Lab-7,,All,
b30e533b-5c1e-4957-8af3-fc9acc472533,EEE,2021,2026-2027,1.2,2026-07-19T06:43:29.540140Z,4,7,A,Wednesday,1,08:45,09:35,Energy Management,EE3791,Dr. S. Rajan,C248,Main Block,2,Lecture,,,All,
4bd4713f-2fee-4790-9a4f-7c698d296d65,EEE,2021,2026-2027,1.2,2026-07-19T06:43:29.540140Z,4,7,A,Wednesday,2,09:35,10:25,Power System Operation and Control,EE3701,Prof. G. Srinivasan,C255,Main Block,3,Lecture,,,All,
1afe0cfc-6d1c-4b32-a9c5-650e6a728a4f,EEE,2021,2026-2027,1.2,2026-07-19T06:43:29.540140Z,4,7,A,Wednesday,3,10:45,11:35,High Voltage Engineering,EE3702,Dr. M. Srinivasan,C180,Main Block,3,Lecture,,,All,
2d5550f4-876b-474a-9002-85998a9ec36e,EEE,2021,2026-2027,1.2,2026-07-19T06:43:29.540140Z,4,7,A,Wednesday,4,11:35,12:25,Energy Management,EE3791,Dr. S. Rajan,C120,Main Block,2,Lecture,,,All,
73a8132b-8cd3-4ad2-b211-c9af15f7e591,EEE,2021,2026-2027,1.2,2026-07-19T06:43:29.540140Z,4,7,A,Wednesday,5,13:15,14:05,Power System Operation and Control,EE3701,Prof. G. Srinivasan,C268,Main Block,3,Lecture,,,All,
44ddf630-2a9f-46cc-b350-a2b6f89da46c,EEE,2021,2026-2027,1.2,2026-07-19T06:43:29.540140Z,4,7,A,Wednesday,6,14:05,14:55,High Voltage Engineering,EE3702,Dr. M. Srinivasan,C336,Main Block,3,Lecture,,,All,
ee190383-d070-4935-9ede-53d2ad21b34d,EEE,2021,2026-2027,1.2,2026-07-19T06:43:29.540140Z,4,7,A,Wednesday,7,14:55,15:45,Power System Operation and Control,EE3701,Prof. G. Srinivasan,C242,Main Block,3,Lecture,,,All,
c0336200-2792-4b32-818d-7c97fc2855d3,EEE,2021,2026-2027,1.2,2026-07-19T06:43:29.540140Z,4,7,A,Thursday,1,08:45,09:35,Project Work,EE3711,Prof. V. Balaji,C200,Main Block,2,Mini Project,,,All,
c941b1d8-c1fe-4370-adf8-ce98737369af,EEE,2021,2026-2027,1.2,2026-07-19T06:43:29.540140Z,4,7,A,Thursday,2,09:35,10:25,High Voltage Engineering,EE3702,Dr. M. Srinivasan,C392,Main Block,3,Lecture,,,All,
48b0207e-99aa-404e-ba29-f1444c041184,EEE,2021,2026-2027,1.2,2026-07-19T06:43:29.540140Z,4,7,A,Thursday,3,10:45,11:35,Energy Management,EE3791,Dr. S. Rajan,C138,Main Block,2,Lecture,,,All,
a8331cc8-276a-40ba-a08d-791fefe41200,EEE,2021,2026-2027,1.2,2026-07-19T06:43:29.540140Z,4,7,A,Thursday,4,11:35,12:25,Power System Operation and Control,EE3701,Prof. G. Srinivasan,C280,Main Block,3,Lecture,,,All,
76e254cf-b409-41d1-aa53-75f7a39e851d,EEE,2021,2026-2027,1.2,2026-07-19T06:43:29.540140Z,4,7,A,Thursday,5,13:15,14:05,Power System Simulation Laboratory,EE3712,Dr. K. Natarajan,Lab-7,Main Block,2,Lab,Lab-7,,All,
5a3abf38-06b2-40d1-8ad6-8eb3fb3f3a00,EEE,2021,2026-2027,1.2,2026-07-19T06:43:29.540140Z,4,7,A,Thursday,6,14:05,14:55,Power System Simulation Laboratory,EE3712,Dr. K. Natarajan,Lab-7,Main Block,2,Lab,Lab-7,,All,
bfb7ae2f-6435-4d08-af87-0a9c55fd3f53,EEE,2021,2026-2027,1.2,2026-07-19T06:43:29.540140Z,4,7,A,Thursday,7,14:55,15:45,Power System Simulation Laboratory,EE3712,Dr. K. Natarajan,Lab-7,Main Block,2,Lab,Lab-7,,All,
03088442-d437-4670-b924-13e9d083a98e,EEE,2021,2026-2027,1.2,2026-07-19T06:43:29.540140Z,4,7,A,Friday,1,08:45,09:35,Project Work,EE3711,Prof. V. Balaji,C278,Main Block,2,Mini Project,,,All,
11f066c4-4f91-4c7b-a0d6-6da3309afaec,EEE,2021,2026-2027,1.2,2026-07-19T06:43:29.540140Z,4,7,A,Friday,2,09:35,10:25,Energy Management,EE3791,Dr. S. Rajan,C366,Main Block,2,Lecture,,,All,
dd9e2b0d-a95d-409f-8db0-f89058b39ded,EEE,2021,2026-2027,1.2,2026-07-19T06:43:29.540140Z,4,7,A,Friday,3,10:45,11:35,Project Work,EE3711,Prof. V. Balaji,C179,Main Block,2,Mini Project,,,All,
69748e6b-abf9-4088-bc25-7d0adaf4e5b0,EEE,2021,2026-2027,1.2,2026-07-19T06:43:29.540140Z,4,7,A,Friday,4,11:35,12:25,High Voltage Engineering,EE3702,Dr. M. Srinivasan,C359,Main Block,3,Lecture,,,All,
e7673d01-ebd1-44ea-9038-5806848c2941,EEE,2021,2026-2027,1.2,2026-07-19T06:43:29.540140Z,4,7,A,Friday,5,13:15,14:05,Energy Management,EE3791,Dr. S. Rajan,C161,Main Block,2,Lecture,,,All,
02fde7cf-3a3b-4fa6-b4eb-2ecb06ccd1c5,EEE,2021,2026-2027,1.2,2026-07-19T06:43:29.540140Z,4,7,A,Friday,6,14:05,14:55,High Voltage Engineering,EE3702,Dr. M. Srinivasan,C389,Main Block,3,Lecture,,,All,
cbdb44a9-2706-49f9-82ed-613927d5b012,EEE,2021,2026-2027,1.2,2026-07-19T06:43:29.540140Z,4,7,A,Friday,7,14:55,15:45,Project Work,EE3711,Prof. V. Balaji,C169,Main Block,2,Mini Project,,,All,
766569b3-5b8a-4afc-9baf-2c6523c02f2f,EEE,2021,2026-2027,1.2,2026-07-19T06:43:29.540140Z,4,7,A,Saturday,1,08:45,09:35,Energy Management,EE3791,Dr. S. Rajan,C373,Main Block,2,Lecture,,,All,
b458d0d9-8615-4678-a201-d6c876171a3b,EEE,2021,2026-2027,1.2,2026-07-19T06:43:29.540140Z,4,7,A,Saturday,2,09:35,10:25,High Voltage Engineering,EE3702,Dr. M. Srinivasan,C205,Main Block,3,Lecture,,,All,
6de22bd1-6809-4616-875a-c9cef1a3944b,EEE,2021,2026-2027,1.2,2026-07-19T06:43:29.540140Z,4,7,A,Saturday,3,10:45,11:35,Project Work,EE3711,Prof. V. Balaji,C296,Main Block,2,Mini Project,,,All,
00b9f693-338c-4391-a329-b61493998e94,EEE,2021,2026-2027,1.2,2026-07-19T06:43:29.540140Z,4,7,A,Saturday,4,11:35,12:25,Project Work,EE3711,Prof. V. Balaji,C157,Main Block,2,Mini Project,,,All,
8921349d-5bd7-4982-87c7-f1ed5114aa0d,EEE,2021,2026-2027,1.2,2026-07-19T06:43:29.540140Z,4,7,A,Saturday,5,13:15,14:05,Power System Simulation Laboratory,EE3712,Dr. K. Natarajan,Lab-6,Main Block,2,Lab,Lab-6,,All,
dfbc31aa-88d7-433c-bab3-1960da95bcb4,EEE,2021,2026-2027,1.2,2026-07-19T06:43:29.540140Z,4,7,A,Saturday,6,14:05,14:55,Power System Simulation Laboratory,EE3712,Dr. K. Natarajan,Lab-6,Main Block,2,Lab,Lab-6,,All,
3bd57db0-b4c4-4388-933d-9db4f3209dbe,EEE,2021,2026-2027,1.2,2026-07-19T06:43:29.540140Z,4,7,A,Saturday,7,14:55,15:45,Power System Simulation Laboratory,EE3712,Dr. K. Natarajan,Lab-6,Main Block,2,Lab,Lab-6,,All,
b90e42ce-f1de-490a-8a7e-112d1983d3f6,EEE,2021,2026-2027,1.2,2026-07-19T06:43:29.540140Z,4,7,B,Monday,1,08:45,09:35,Power System Operation and Control,EE3701,Dr. K. Sundaram,C253,Main Block,3,Lecture,,,All,
1dbf7eaa-6f5a-4756-9e25-2d0d46130b70,EEE,2021,2026-2027,1.2,2026-07-19T06:43:29.540140Z,4,7,B,Monday,2,09:35,10:25,Power System Operation and Control,EE3701,Dr. K. Sundaram,C299,Main Block,3,Lecture,,,All,
6ed48c60-2de1-467f-b63b-fc3efa77d2c6,EEE,2021,2026-2027,1.2,2026-07-19T06:43:29.540140Z,4,7,B,Monday,3,10:45,11:35,High Voltage Engineering,EE3702,Prof. G. Krishnan,C184,Main Block,3,Lecture,,,All,
b6946c13-4887-4519-9160-14c27fbbf6a5,EEE,2021,2026-2027,1.2,2026-07-19T06:43:29.540140Z,4,7,B,Monday,4,11:35,12:25,High Voltage Engineering,EE3702,Prof. G. Krishnan,C314,Main Block,3,Lecture,,,All,
5e8021cc-f063-420c-be43-2a806b9fc82e,EEE,2021,2026-2027,1.2,2026-07-19T06:43:29.540140Z,4,7,B,Monday,5,13:15,14:05,Project Work,EE3711,Prof. G. Venkatesh,C292,Main Block,2,Mini Project,,,All,
ed990f94-dfac-4090-86b8-9bd96da24782,EEE,2021,2026-2027,1.2,2026-07-19T06:43:29.540140Z,4,7,B,Monday,6,14:05,14:55,Project Work,EE3711,Prof. G. Venkatesh,C300,Main Block,2,Mini Project,,,All,
af705ec4-bab2-4d44-a1eb-2b3e6db5c9d5,EEE,2021,2026-2027,1.2,2026-07-19T06:43:29.540140Z,4,7,B,Monday,7,14:55,15:45,Energy Management,EE3791,Prof. A. Karthik,C362,Main Block,2,Lecture,,,All,
fea1f624-4696-46d8-b7b5-25624eed10b9,EEE,2021,2026-2027,1.2,2026-07-19T06:43:29.540140Z,4,7,B,Tuesday,1,08:45,09:35,Power System Operation and Control,EE3701,Dr. K. Sundaram,C255,Main Block,3,Lecture,,,All,
492a2044-fb5b-42b8-9a9f-736ae2daa7af,EEE,2021,2026-2027,1.2,2026-07-19T06:43:29.540140Z,4,7,B,Tuesday,2,09:35,10:25,High Voltage Engineering,EE3702,Prof. G. Krishnan,C101,Main Block,3,Lecture,,,All,
15d619a6-c951-4674-afeb-0239c7f584a2,EEE,2021,2026-2027,1.2,2026-07-19T06:43:29.540140Z,4,7,B,Tuesday,3,10:45,11:35,Energy Management,EE3791,Prof. A. Karthik,C307,Main Block,2,Lecture,,,All,
4a5ecd2a-99d3-4656-a0da-ce030e03f5fc,EEE,2021,2026-2027,1.2,2026-07-19T06:43:29.540140Z,4,7,B,Tuesday,4,11:35,12:25,Project Work,EE3711,Prof. G. Venkatesh,C389,Main Block,2,Mini Project,,,All,
10da91d2-1e02-403e-9dc0-a72e4fafc4d5,EEE,2021,2026-2027,1.2,2026-07-19T06:43:29.540140Z,4,7,B,Tuesday,5,13:15,14:05,Power System Simulation Laboratory,EE3712,Prof. G. Balaji,Lab-8,Main Block,2,Lab,Lab-8,,All,
8066ef8c-39a5-415c-8acd-8d371f0c27e9,EEE,2021,2026-2027,1.2,2026-07-19T06:43:29.540140Z,4,7,B,Tuesday,6,14:05,14:55,Power System Simulation Laboratory,EE3712,Prof. G. Balaji,Lab-8,Main Block,2,Lab,Lab-8,,All,
65bf4497-795c-4286-a07b-78eb9d43957c,EEE,2021,2026-2027,1.2,2026-07-19T06:43:29.540140Z,4,7,B,Tuesday,7,14:55,15:45,Power System Simulation Laboratory,EE3712,Prof. G. Balaji,Lab-8,Main Block,2,Lab,Lab-8,,All,
7d284b37-73b7-4ea4-8ad2-2244e23ed21e,EEE,2021,2026-2027,1.2,2026-07-19T06:43:29.540140Z,4,7,B,Wednesday,1,08:45,09:35,Energy Management,EE3791,Prof. A. Karthik,C199,Main Block,2,Lecture,,,All,
4149b357-48d1-48d6-b9e6-f6370328f069,EEE,2021,2026-2027,1.2,2026-07-19T06:43:29.540140Z,4,7,B,Wednesday,2,09:35,10:25,Power System Operation and Control,EE3701,Dr. K. Sundaram,C250,Main Block,3,Lecture,,,All,
d594826f-d464-4fef-ae21-d68782a45e9f,EEE,2021,2026-2027,1.2,2026-07-19T06:43:29.540140Z,4,7,B,Wednesday,3,10:45,11:35,High Voltage Engineering,EE3702,Prof. G. Krishnan,C117,Main Block,3,Lecture,,,All,
f427ee88-9242-46ee-8340-36106a4327a4,EEE,2021,2026-2027,1.2,2026-07-19T06:43:29.540140Z,4,7,B,Wednesday,4,11:35,12:25,Project Work,EE3711,Prof. G. Venkatesh,C232,Main Block,2,Mini Project,,,All,
d57b73ac-9fa5-4f1e-8b32-947a2b9f1d01,EEE,2021,2026-2027,1.2,2026-07-19T06:43:29.540140Z,4,7,B,Wednesday,5,13:15,14:05,Project Work,EE3711,Prof. G. Venkatesh,C223,Main Block,2,Mini Project,,,All,
485a87cb-4c8b-4af8-b2f3-a1489d351aa4,EEE,2021,2026-2027,1.2,2026-07-19T06:43:29.540140Z,4,7,B,Wednesday,6,14:05,14:55,High Voltage Engineering,EE3702,Prof. G. Krishnan,C304,Main Block,3,Lecture,,,All,
7fd46f2b-34db-41a6-b5d6-3b9d6edc168b,EEE,2021,2026-2027,1.2,2026-07-19T06:43:29.540140Z,4,7,B,Wednesday,7,14:55,15:45,Energy Management,EE3791,Prof. A. Karthik,C195,Main Block,2,Lecture,,,All,
0c1db233-9d14-4dba-a30b-3425a80740dd,EEE,2021,2026-2027,1.2,2026-07-19T06:43:29.540140Z,4,7,B,Thursday,1,08:45,09:35,Energy Management,EE3791,Prof. A. Karthik,C164,Main Block,2,Lecture,,,All,
c5c8ffe7-9c45-4ba5-8ea3-59f020ef0f4b,EEE,2021,2026-2027,1.2,2026-07-19T06:43:29.540140Z,4,7,B,Thursday,2,09:35,10:25,High Voltage Engineering,EE3702,Prof. G. Krishnan,C197,Main Block,3,Lecture,,,All,
3dea9915-3027-4fe2-a0e2-f831957821bd,EEE,2021,2026-2027,1.2,2026-07-19T06:43:29.540140Z,4,7,B,Thursday,3,10:45,11:35,Project Work,EE3711,Prof. G. Venkatesh,C360,Main Block,2,Mini Project,,,All,
e8a718f7-cd08-429a-b2f3-01f9f63b680d,EEE,2021,2026-2027,1.2,2026-07-19T06:43:29.540140Z,4,7,B,Thursday,4,11:35,12:25,Project Work,EE3711,Prof. G. Venkatesh,C394,Main Block,2,Mini Project,,,All,
97ad6e8e-045a-4114-9ed8-1512b38f2295,EEE,2021,2026-2027,1.2,2026-07-19T06:43:29.540140Z,4,7,B,Thursday,5,13:15,14:05,Power System Simulation Laboratory,EE3712,Prof. G. Balaji,Lab-1,Main Block,2,Lab,Lab-1,,All,
501c82be-e3b7-40e1-9757-a0437e899adb,EEE,2021,2026-2027,1.2,2026-07-19T06:43:29.540140Z,4,7,B,Thursday,6,14:05,14:55,Power System Simulation Laboratory,EE3712,Prof. G. Balaji,Lab-1,Main Block,2,Lab,Lab-1,,All,
a0c1dc7b-96ea-4606-a2d8-04924f661c4c,EEE,2021,2026-2027,1.2,2026-07-19T06:43:29.540140Z,4,7,B,Thursday,7,14:55,15:45,Power System Simulation Laboratory,EE3712,Prof. G. Balaji,Lab-1,Main Block,2,Lab,Lab-1,,All,
6cafe455-d190-4143-b8f5-52725f3fafb2,EEE,2021,2026-2027,1.2,2026-07-19T06:43:29.540140Z,4,7,B,Friday,1,08:45,09:35,Project Work,EE3711,Prof. G. Venkatesh,C220,Main Block,2,Mini Project,,,All,
1feffc95-4941-4fb2-b5de-906450716676,EEE,2021,2026-2027,1.2,2026-07-19T06:43:29.540140Z,4,7,B,Friday,2,09:35,10:25,Energy Management,EE3791,Prof. A. Karthik,C120,Main Block,2,Lecture,,,All,
2ec53684-bfa3-4f7a-918e-2fd104a3c375,EEE,2021,2026-2027,1.2,2026-07-19T06:43:29.540140Z,4,7,B,Friday,3,10:45,11:35,High Voltage Engineering,EE3702,Prof. G. Krishnan,C392,Main Block,3,Lecture,,,All,
f4c609d3-e571-4ef2-98ea-a33267ba2014,EEE,2021,2026-2027,1.2,2026-07-19T06:43:29.540140Z,4,7,B,Friday,4,11:35,12:25,High Voltage Engineering,EE3702,Prof. G. Krishnan,C323,Main Block,3,Lecture,,,All,
98fa7e3f-46be-4812-b2da-337e596980c2,EEE,2021,2026-2027,1.2,2026-07-19T06:43:29.540140Z,4,7,B,Friday,5,13:15,14:05,Power System Operation and Control,EE3701,Dr. K. Sundaram,C268,Main Block,3,Lecture,,,All,
6228570c-d7e1-4ac5-a1ce-25c8d26bdc37,EEE,2021,2026-2027,1.2,2026-07-19T06:43:29.540140Z,4,7,B,Friday,6,14:05,14:55,Project Work,EE3711,Prof. G. Venkatesh,C246,Main Block,2,Mini Project,,,All,
85795dc6-29dd-4558-8f14-25a2951d42a7,EEE,2021,2026-2027,1.2,2026-07-19T06:43:29.540140Z,4,7,B,Friday,7,14:55,15:45,Energy Management,EE3791,Prof. A. Karthik,C395,Main Block,2,Lecture,,,All,
c8d581fc-733b-4578-81fa-db1a1bb186a8,EEE,2021,2026-2027,1.2,2026-07-19T06:43:29.540140Z,4,7,B,Saturday,1,08:45,09:35,Energy Management,EE3791,Prof. A. Karthik,C404,Main Block,2,Lecture,,,All,
4419a421-2109-4ce1-bfd3-ff48675be236,EEE,2021,2026-2027,1.2,2026-07-19T06:43:29.540140Z,4,7,B,Saturday,2,09:35,10:25,Project Work,EE3711,Prof. G. Venkatesh,C215,Main Block,2,Mini Project,,,All,
4c4cda57-be1e-469b-b08f-8b04434af7fc,EEE,2021,2026-2027,1.2,2026-07-19T06:43:29.540140Z,4,7,B,Saturday,3,10:45,11:35,Energy Management,EE3791,Prof. A. Karthik,C101,Main Block,2,Lecture,,,All,
42e4efdc-0d9f-45d4-a528-034d4b3b6d46,EEE,2021,2026-2027,1.2,2026-07-19T06:43:29.540140Z,4,7,B,Saturday,4,11:35,12:25,Power System Operation and Control,EE3701,Dr. K. Sundaram,C320,Main Block,3,Lecture,,,All,
091f936b-e4fc-4720-8011-2134f254de17,EEE,2021,2026-2027,1.2,2026-07-19T06:43:29.540140Z,4,7,B,Saturday,5,13:15,14:05,Power System Simulation Laboratory,EE3712,Prof. G. Balaji,Lab-4,Main Block,2,Lab,Lab-4,,All,
bbe0e5c0-0e77-4778-8548-0d1e66408558,EEE,2021,2026-2027,1.2,2026-07-19T06:43:29.540140Z,4,7,B,Saturday,6,14:05,14:55,Power System Simulation Laboratory,EE3712,Prof. G. Balaji,Lab-4,Main Block,2,Lab,Lab-4,,All,
56c597ed-b9d0-4f1e-8034-f20ad95b6322,EEE,2021,2026-2027,1.2,2026-07-19T06:43:29.540140Z,4,7,B,Saturday,7,14:55,15:45,Power System Simulation Laboratory,EE3712,Prof. G. Balaji,Lab-4,Main Block,2,Lab,Lab-4,,All,
5168e90c-7d53-497f-9a5e-8896bdc646ef,MECH,2021,2026-2027,1.2,2026-07-19T06:43:29.540140Z,1,1,A,Monday,1,08:45,09:35,Engineering Chemistry,CY3151,Prof. A. Srinivasan,C102,Main Block,3,Lecture,,,All,
694765dd-5973-4a00-ad82-a90e88a903f6,MECH,2021,2026-2027,1.2,2026-07-19T06:43:29.540140Z,1,1,A,Monday,2,09:35,10:25,Professional English - I,HS3152,Dr. R. Krishnan,C165,Main Block,3,Lecture,,,All,
fabb9b25-a7c9-4d30-85cd-b02fdc9a0896,MECH,2021,2026-2027,1.2,2026-07-19T06:43:29.540140Z,1,1,A,Monday,3,10:45,11:35,Heritage of Tamils,GE3152,Dr. S. Ramesh,C316,Main Block,1,Lecture,,,All,
a74975a5-7ab1-44ec-936b-9f0685cac404,MECH,2021,2026-2027,1.2,2026-07-19T06:43:29.540140Z,1,1,A,Monday,4,11:35,12:25,Problem Solving and Python Programming,GE3151,Dr. S. Venkatesh,C135,Main Block,3,Lecture,,,All,
3f17ef25-dde5-462a-87db-92a9374c9a00,MECH,2021,2026-2027,1.2,2026-07-19T06:43:29.540140Z,1,1,A,Monday,5,13:15,14:05,Engineering Chemistry,CY3151,Prof. A. Srinivasan,C301,Main Block,3,Lecture,,,All,
c86421dd-ac6a-4e04-b6e2-f4078f1c939b,MECH,2021,2026-2027,1.2,2026-07-19T06:43:29.540140Z,1,1,A,Monday,6,14:05,14:55,Matrices and Calculus,MA3151,Dr. R. Srinivasan,C390,Main Block,4,Lecture,,,All,
5f89edec-418f-456c-8cd0-1ec3e6771f8c,MECH,2021,2026-2027,1.2,2026-07-19T06:43:29.540140Z,1,1,A,Monday,7,14:55,15:45,Heritage of Tamils,GE3152,Dr. S. Ramesh,C308,Main Block,1,Lecture,,,All,
5f04785a-1b4f-4238-9d7b-a9880f7cad1b,MECH,2021,2026-2027,1.2,2026-07-19T06:43:29.540140Z,1,1,A,Tuesday,1,08:45,09:35,Engineering Chemistry,CY3151,Prof. A. Srinivasan,C263,Main Block,3,Lecture,,,All,
54599114-a8b3-43b2-ae7e-8788dddd6456,MECH,2021,2026-2027,1.2,2026-07-19T06:43:29.540140Z,1,1,A,Tuesday,2,09:35,10:25,Heritage of Tamils,GE3152,Dr. S. Ramesh,C159,Main Block,1,Lecture,,,All,
2a966262-be8d-47e1-976b-b00929c6bec6,MECH,2021,2026-2027,1.2,2026-07-19T06:43:29.540140Z,1,1,A,Tuesday,3,10:45,11:35,Matrices and Calculus,MA3151,Dr. R. Srinivasan,C119,Main Block,4,Lecture,,,All,
d62a7489-0147-44cd-a5e0-a834560a320a,MECH,2021,2026-2027,1.2,2026-07-19T06:43:29.540140Z,1,1,A,Tuesday,4,11:35,12:25,Professional English - I,HS3152,Dr. R. Krishnan,C306,Main Block,3,Lecture,,,All,
1c283e6e-f406-4f01-9abd-6552915d7ae0,MECH,2021,2026-2027,1.2,2026-07-19T06:43:29.540140Z,1,1,A,Tuesday,5,13:15,14:05,Programming Laboratory,GE3171,Dr. P. Ramesh,Lab-7,Main Block,2,Lab,Lab-7,,All,
aae0a16a-5693-473e-bf21-ea99a1f9f368,MECH,2021,2026-2027,1.2,2026-07-19T06:43:29.540140Z,1,1,A,Tuesday,6,14:05,14:55,Programming Laboratory,GE3171,Dr. P. Ramesh,Lab-7,Main Block,2,Lab,Lab-7,,All,
5692818b-3eb5-4afc-8c9b-9c0302c89a42,MECH,2021,2026-2027,1.2,2026-07-19T06:43:29.540140Z,1,1,A,Tuesday,7,14:55,15:45,Programming Laboratory,GE3171,Dr. P. Ramesh,Lab-7,Main Block,2,Lab,Lab-7,,All,
c479a44d-a4ac-46d0-b59a-34437e0627fa,MECH,2021,2026-2027,1.2,2026-07-19T06:43:29.540140Z,1,1,A,Wednesday,1,08:45,09:35,Engineering Physics,PH3151,Prof. V. Natarajan,C170,Main Block,3,Lecture,,,All,
c1b44f67-e664-4938-890a-6c2f9bfc5b98,MECH,2021,2026-2027,1.2,2026-07-19T06:43:29.540140Z,1,1,A,Wednesday,2,09:35,10:25,Professional English - I,HS3152,Dr. R. Krishnan,C206,Main Block,3,Lecture,,,All,
e2fc27fe-c996-41f6-b348-1cb488dd4edd,MECH,2021,2026-2027,1.2,2026-07-19T06:43:29.540140Z,1,1,A,Wednesday,3,10:45,11:35,Problem Solving and Python Programming,GE3151,Dr. S. Venkatesh,C139,Main Block,3,Lecture,,,All,
9e06c59e-dcf6-4443-bcb6-2c17e7327838,MECH,2021,2026-2027,1.2,2026-07-19T06:43:29.540140Z,1,1,A,Wednesday,4,11:35,12:25,Professional English - I,HS3152,Dr. R. Krishnan,C162,Main Block,3,Lecture,,,All,
d7f2f273-f07a-4a45-84ce-42d909907d13,MECH,2021,2026-2027,1.2,2026-07-19T06:43:29.540140Z,1,1,A,Wednesday,5,13:15,14:05,Problem Solving and Python Programming,GE3151,Dr. S. Venkatesh,C404,Main Block,3,Lecture,,,All,
a45fb61c-7a97-4fa0-bd64-9179e3c28f6b,MECH,2021,2026-2027,1.2,2026-07-19T06:43:29.540140Z,1,1,A,Wednesday,6,14:05,14:55,Professional English - I,HS3152,Dr. R. Krishnan,C376,Main Block,3,Lecture,,,All,
33644310-5979-4ea1-a0e9-d76b9e62ed29,MECH,2021,2026-2027,1.2,2026-07-19T06:43:29.540140Z,1,1,A,Wednesday,7,14:55,15:45,Problem Solving and Python Programming,GE3151,Dr. S. Venkatesh,C350,Main Block,3,Lecture,,,All,
0c037fb9-185a-43b5-bdb9-8eda434aa0f6,MECH,2021,2026-2027,1.2,2026-07-19T06:43:29.540140Z,1,1,A,Thursday,1,08:45,09:35,Problem Solving and Python Programming,GE3151,Dr. S. Venkatesh,C311,Main Block,3,Lecture,,,All,
cd0a917b-982c-48b6-8f14-c8206b488a0f,MECH,2021,2026-2027,1.2,2026-07-19T06:43:29.540140Z,1,1,A,Thursday,2,09:35,10:25,Professional English - I,HS3152,Dr. R. Krishnan,C289,Main Block,3,Lecture,,,All,
01d1bf0d-aabf-423b-aa87-2592f12d0b5b,MECH,2021,2026-2027,1.2,2026-07-19T06:43:29.540140Z,1,1,A,Thursday,3,10:45,11:35,Problem Solving and Python Programming,GE3151,Dr. S. Venkatesh,C238,Main Block,3,Lecture,,,All,
e2b52e4b-3301-40b6-86f3-d57d70be4b49,MECH,2021,2026-2027,1.2,2026-07-19T06:43:29.540140Z,1,1,A,Thursday,4,11:35,12:25,Problem Solving and Python Programming,GE3151,Dr. S. Venkatesh,C396,Main Block,3,Lecture,,,All,
0c893ca4-806b-41da-98fe-f37082d9aa3d,MECH,2021,2026-2027,1.2,2026-07-19T06:43:29.540140Z,1,1,A,Thursday,5,13:15,14:05,Physics and Chemistry Laboratory,BS3171,Prof. A. Kumar,Lab-1,Main Block,2,Lab,Lab-1,,All,
8cc71b77-d30d-47dd-8bac-d78f74c24ac7,MECH,2021,2026-2027,1.2,2026-07-19T06:43:29.540140Z,1,1,A,Thursday,6,14:05,14:55,Physics and Chemistry Laboratory,BS3171,Prof. A. Kumar,Lab-1,Main Block,2,Lab,Lab-1,,All,
3c021d90-4d2c-4f04-97d5-2571bb9d1cf6,MECH,2021,2026-2027,1.2,2026-07-19T06:43:29.540140Z,1,1,A,Thursday,7,14:55,15:45,Physics and Chemistry Laboratory,BS3171,Prof. A. Kumar,Lab-1,Main Block,2,Lab,Lab-1,,All,
aeeb2b73-5aed-46bd-baa3-42f2ca2a3b0e,MECH,2021,2026-2027,1.2,2026-07-19T06:43:29.540140Z,1,1,A,Friday,1,08:45,09:35,Engineering Physics,PH3151,Prof. V. Natarajan,C156,Main Block,3,Lecture,,,All,
2a73d26c-df56-4fae-afef-33dc928cdb9a,MECH,2021,2026-2027,1.2,2026-07-19T06:43:29.540140Z,1,1,A,Friday,2,09:35,10:25,Matrices and Calculus,MA3151,Dr. R. Srinivasan,C377,Main Block,4,Lecture,,,All,
6a9c0485-1bc9-4359-a5cf-860b434d911c,MECH,2021,2026-2027,1.2,2026-07-19T06:43:29.540140Z,1,1,A,Friday,3,10:45,11:35,Engineering Chemistry,CY3151,Prof. A. Srinivasan,C346,Main Block,3,Lecture,,,All,
8d323b07-b52c-4fef-8e6a-d7a06857c8b1,MECH,2021,2026-2027,1.2,2026-07-19T06:43:29.540140Z,1,1,A,Friday,4,11:35,12:25,Heritage of Tamils,GE3152,Dr. S. Ramesh,C361,Main Block,1,Lecture,,,All,
80ca92cc-db43-4d9c-b080-ca62e4d4c839,MECH,2021,2026-2027,1.2,2026-07-19T06:43:29.540140Z,1,1,A,Friday,5,13:15,14:05,Problem Solving and Python Programming,GE3151,Dr. S. Venkatesh,C214,Main Block,3,Lecture,,,All,
f1fd83f5-f674-4b28-a816-646ba73c7070,MECH,2021,2026-2027,1.2,2026-07-19T06:43:29.540140Z,1,1,A,Friday,6,14:05,14:55,Heritage of Tamils,GE3152,Dr. S. Ramesh,C264,Main Block,1,Lecture,,,All,
8e812c61-fa18-4d27-b3dc-4c603976e38a,MECH,2021,2026-2027,1.2,2026-07-19T06:43:29.540140Z,1,1,A,Friday,7,14:55,15:45,Engineering Physics,PH3151,Prof. V. Natarajan,C332,Main Block,3,Lecture,,,All,
a793fb29-16a5-40ff-9933-afebb070cd51,MECH,2021,2026-2027,1.2,2026-07-19T06:43:29.540140Z,1,1,A,Saturday,1,08:45,09:35,Professional English - I,HS3152,Dr. R. Krishnan,C319,Main Block,3,Lecture,,,All,
0ae4b89f-3201-464f-a42c-2e1ef3c4bfbe,MECH,2021,2026-2027,1.2,2026-07-19T06:43:29.540140Z,1,1,A,Saturday,2,09:35,10:25,Engineering Chemistry,CY3151,Prof. A. Srinivasan,C110,Main Block,3,Lecture,,,All,
04b20d16-bc58-42f4-9d49-30bb6c018921,MECH,2021,2026-2027,1.2,2026-07-19T06:43:29.540140Z,1,1,A,Saturday,3,10:45,11:35,Matrices and Calculus,MA3151,Dr. R. Srinivasan,C383,Main Block,4,Lecture,,,All,
5c7c2532-970c-49c5-8193-2f6fae5d5627,MECH,2021,2026-2027,1.2,2026-07-19T06:43:29.540140Z,1,1,A,Saturday,4,11:35,12:25,Heritage of Tamils,GE3152,Dr. S. Ramesh,C181,Main Block,1,Lecture,,,All,
212f0936-bb85-467f-9665-258a6f12299d,MECH,2021,2026-2027,1.2,2026-07-19T06:43:29.540140Z,1,1,A,Saturday,5,13:15,14:05,English Laboratory,GE3172,Prof. V. Venkatesh,Lab-6,Main Block,1,Lab,Lab-6,,All,
6c144a45-7d9f-42e4-b3ef-20539d0745d6,MECH,2021,2026-2027,1.2,2026-07-19T06:43:29.540140Z,1,1,A,Saturday,6,14:05,14:55,English Laboratory,GE3172,Prof. V. Venkatesh,Lab-6,Main Block,1,Lab,Lab-6,,All,
e82e0bdb-e8c9-485d-ad18-9884a79e81ee,MECH,2021,2026-2027,1.2,2026-07-19T06:43:29.540140Z,1,1,A,Saturday,7,14:55,15:45,English Laboratory,GE3172,Prof. V. Venkatesh,Lab-6,Main Block,1,Lab,Lab-6,,All,
a68ef58c-5a75-4bc4-a039-7b7609197537,MECH,2021,2026-2027,1.2,2026-07-19T06:43:29.540140Z,1,1,B,Monday,1,08:45,09:35,Problem Solving and Python Programming,GE3151,Prof. V. Karthik,C134,Main Block,3,Lecture,,,All,
6aac5127-4232-4788-8888-1999a8eda0f0,MECH,2021,2026-2027,1.2,2026-07-19T06:43:29.540140Z,1,1,B,Monday,2,09:35,10:25,Professional English - I,HS3152,Prof. V. Ramesh,C243,Main Block,3,Lecture,,,All,
ac945c2a-a007-4192-a482-32eb755aae53,MECH,2021,2026-2027,1.2,2026-07-19T06:43:29.540140Z,1,1,B,Monday,3,10:45,11:35,Problem Solving and Python Programming,GE3151,Prof. V. Karthik,C385,Main Block,3,Lecture,,,All,
36104086-8803-4815-9b82-ab2ff66a1b93,MECH,2021,2026-2027,1.2,2026-07-19T06:43:29.540140Z,1,1,B,Monday,4,11:35,12:25,Engineering Physics,PH3151,Prof. A. Venkatesh,C191,Main Block,3,Lecture,,,All,
cd0bdf05-77f0-4e32-9787-5c3907a97392,MECH,2021,2026-2027,1.2,2026-07-19T06:43:29.540140Z,1,1,B,Monday,5,13:15,14:05,Heritage of Tamils,GE3152,Dr. S. Srinivasan,C150,Main Block,1,Lecture,,,All,
0bfd3ede-fca2-4626-a7e7-b8959698d383,MECH,2021,2026-2027,1.2,2026-07-19T06:43:29.540140Z,1,1,B,Monday,6,14:05,14:55,Heritage of Tamils,GE3152,Dr. S. Srinivasan,C148,Main Block,1,Lecture,,,All,
22e64d8c-0426-4934-9c42-805b4f5a8625,MECH,2021,2026-2027,1.2,2026-07-19T06:43:29.540140Z,1,1,B,Monday,7,14:55,15:45,Problem Solving and Python Programming,GE3151,Prof. V. Karthik,C101,Main Block,3,Lecture,,,All,
d73e3ef4-38ca-4187-b8f8-ade01723e694,MECH,2021,2026-2027,1.2,2026-07-19T06:43:29.540140Z,1,1,B,Tuesday,1,08:45,09:35,Heritage of Tamils,GE3152,Dr. S. Srinivasan,C340,Main Block,1,Lecture,,,All,
f481f92c-20bd-4bd9-9aa7-797a77d0f814,MECH,2021,2026-2027,1.2,2026-07-19T06:43:29.540140Z,1,1,B,Tuesday,2,09:35,10:25,Matrices and Calculus,MA3151,Dr. S. Ramesh,C189,Main Block,4,Lecture,,,All,
8016cf7f-9c3a-4a39-8350-b5f70af07f68,MECH,2021,2026-2027,1.2,2026-07-19T06:43:29.540140Z,1,1,B,Tuesday,3,10:45,11:35,Engineering Physics,PH3151,Prof. A. Venkatesh,C116,Main Block,3,Lecture,,,All,
8acb0309-cc12-4cc2-872a-db3ec3a5893d,MECH,2021,2026-2027,1.2,2026-07-19T06:43:29.540140Z,1,1,B,Tuesday,4,11:35,12:25,Problem Solving and Python Programming,GE3151,Prof. V. Karthik,C301,Main Block,3,Lecture,,,All,
11c8f30d-e696-423d-a1af-fbff9d8aaffd,MECH,2021,2026-2027,1.2,2026-07-19T06:43:29.540140Z,1,1,B,Tuesday,5,13:15,14:05,Programming Laboratory,GE3171,Prof. A. Srinivasan,Lab-3,Main Block,2,Lab,Lab-3,,All,
52d4c34e-89cb-4a0d-b534-4ad9f71d7828,MECH,2021,2026-2027,1.2,2026-07-19T06:43:29.540140Z,1,1,B,Tuesday,6,14:05,14:55,Programming Laboratory,GE3171,Prof. A. Srinivasan,Lab-3,Main Block,2,Lab,Lab-3,,All,
ecd644f5-5a0e-4376-81fa-e5e34aa85d1a,MECH,2021,2026-2027,1.2,2026-07-19T06:43:29.540140Z,1,1,B,Tuesday,7,14:55,15:45,Programming Laboratory,GE3171,Prof. A. Srinivasan,Lab-3,Main Block,2,Lab,Lab-3,,All,
e397c784-3334-4d45-b81d-eb067527a1b4,MECH,2021,2026-2027,1.2,2026-07-19T06:43:29.540140Z,1,1,B,Wednesday,1,08:45,09:35,Heritage of Tamils,GE3152,Dr. S. Srinivasan,C259,Main Block,1,Lecture,,,All,
369c7e43-94fc-47ba-a99f-9794b1e5eaf1,MECH,2021,2026-2027,1.2,2026-07-19T06:43:29.540140Z,1,1,B,Wednesday,2,09:35,10:25,Problem Solving and Python Programming,GE3151,Prof. V. Karthik,C255,Main Block,3,Lecture,,,All,
f2923477-9402-44bb-9bf2-64683bd80e2e,MECH,2021,2026-2027,1.2,2026-07-19T06:43:29.540140Z,1,1,B,Wednesday,3,10:45,11:35,Engineering Chemistry,CY3151,Dr. S. Venkatesh,C362,Main Block,3,Lecture,,,All,
319d321a-29bb-4877-9c95-ca77660256df,MECH,2021,2026-2027,1.2,2026-07-19T06:43:29.540140Z,1,1,B,Wednesday,4,11:35,12:25,Engineering Chemistry,CY3151,Dr. S. Venkatesh,C191,Main Block,3,Lecture,,,All,
9793afe1-4a71-4807-b58a-070fddc8f028,MECH,2021,2026-2027,1.2,2026-07-19T06:43:29.540140Z,1,1,B,Wednesday,5,13:15,14:05,Heritage of Tamils,GE3152,Dr. S. Srinivasan,C316,Main Block,1,Lecture,,,All,
108689d4-c998-40fb-8449-4d1510844c6e,MECH,2021,2026-2027,1.2,2026-07-19T06:43:29.540140Z,1,1,B,Wednesday,6,14:05,14:55,Problem Solving and Python Programming,GE3151,Prof. V. Karthik,C283,Main Block,3,Lecture,,,All,
53c2fed0-b021-4331-bed5-91a7c91fe00f,MECH,2021,2026-2027,1.2,2026-07-19T06:43:29.540140Z,1,1,B,Wednesday,7,14:55,15:45,Engineering Chemistry,CY3151,Dr. S. Venkatesh,C146,Main Block,3,Lecture,,,All,
9b8d6a03-34b2-4375-a893-f27d90303f19,MECH,2021,2026-2027,1.2,2026-07-19T06:43:29.540140Z,1,1,B,Thursday,1,08:45,09:35,Problem Solving and Python Programming,GE3151,Prof. V. Karthik,C162,Main Block,3,Lecture,,,All,
c144ffa5-cd68-42fc-9554-23bdea858edd,MECH,2021,2026-2027,1.2,2026-07-19T06:43:29.540140Z,1,1,B,Thursday,2,09:35,10:25,Engineering Physics,PH3151,Prof. A. Venkatesh,C214,Main Block,3,Lecture,,,All,
3d68af52-e33c-4c9e-a217-436d052e2331,MECH,2021,2026-2027,1.2,2026-07-19T06:43:29.540140Z,1,1,B,Thursday,3,10:45,11:35,Heritage of Tamils,GE3152,Dr. S. Srinivasan,C208,Main Block,1,Lecture,,,All,
02fc0e9f-41c9-4ca1-86fd-ac7b3fbcb3f8,MECH,2021,2026-2027,1.2,2026-07-19T06:43:29.540140Z,1,1,B,Thursday,4,11:35,12:25,Matrices and Calculus,MA3151,Dr. S. Ramesh,C268,Main Block,4,Lecture,,,All,
9fc3e80d-3c50-4875-b2b5-1150d5b6f22e,MECH,2021,2026-2027,1.2,2026-07-19T06:43:29.540140Z,1,1,B,Thursday,5,13:15,14:05,Physics and Chemistry Laboratory,BS3171,Dr. K. Krishnan,Lab-8,Main Block,2,Lab,Lab-8,,All,
8d731e72-b892-45dc-8e3a-6262cc086f8e,MECH,2021,2026-2027,1.2,2026-07-19T06:43:29.540140Z,1,1,B,Thursday,6,14:05,14:55,Physics and Chemistry Laboratory,BS3171,Dr. K. Krishnan,Lab-8,Main Block,2,Lab,Lab-8,,All,
1e309cd3-0f07-42e8-a9b2-c42d0129bd57,MECH,2021,2026-2027,1.2,2026-07-19T06:43:29.540140Z,1,1,B,Thursday,7,14:55,15:45,Physics and Chemistry Laboratory,BS3171,Dr. K. Krishnan,Lab-8,Main Block,2,Lab,Lab-8,,All,
ca12372f-c4de-4e14-b1a3-da29ee9bdba9,MECH,2021,2026-2027,1.2,2026-07-19T06:43:29.540140Z,1,1,B,Friday,1,08:45,09:35,Engineering Chemistry,CY3151,Dr. S. Venkatesh,C347,Main Block,3,Lecture,,,All,
167dd0ca-3026-4a7d-befa-635083ffe284,MECH,2021,2026-2027,1.2,2026-07-19T06:43:29.540140Z,1,1,B,Friday,2,09:35,10:25,Engineering Chemistry,CY3151,Dr. S. Venkatesh,C107,Main Block,3,Lecture,,,All,
e590a2f4-ccf2-4728-8e93-c5ad97b397f2,MECH,2021,2026-2027,1.2,2026-07-19T06:43:29.540140Z,1,1,B,Friday,3,10:45,11:35,Engineering Chemistry,CY3151,Dr. S. Venkatesh,C217,Main Block,3,Lecture,,,All,
b447506b-5864-4c81-b603-6fd33de6dacf,MECH,2021,2026-2027,1.2,2026-07-19T06:43:29.540140Z,1,1,B,Friday,4,11:35,12:25,Engineering Chemistry,CY3151,Dr. S. Venkatesh,C221,Main Block,3,Lecture,,,All,
30491086-b22a-4e75-b753-3507d3801315,MECH,2021,2026-2027,1.2,2026-07-19T06:43:29.540140Z,1,1,B,Friday,5,13:15,14:05,Professional English - I,HS3152,Prof. V. Ramesh,C271,Main Block,3,Lecture,,,All,
575f2ff3-d0ed-44ae-8c4f-5a3bb7ac4236,MECH,2021,2026-2027,1.2,2026-07-19T06:43:29.540140Z,1,1,B,Friday,6,14:05,14:55,Engineering Chemistry,CY3151,Dr. S. Venkatesh,C125,Main Block,3,Lecture,,,All,
15b164a1-c090-41c8-bae7-55c1d4d58a96,MECH,2021,2026-2027,1.2,2026-07-19T06:43:29.540140Z,1,1,B,Friday,7,14:55,15:45,Heritage of Tamils,GE3152,Dr. S. Srinivasan,C380,Main Block,1,Lecture,,,All,
faaaeb8a-c143-422a-8054-280ed6b166e1,MECH,2021,2026-2027,1.2,2026-07-19T06:43:29.540140Z,1,1,B,Saturday,1,08:45,09:35,Heritage of Tamils,GE3152,Dr. S. Srinivasan,C357,Main Block,1,Lecture,,,All,
965f81b9-cb5c-4b72-b31f-35cf84838837,MECH,2021,2026-2027,1.2,2026-07-19T06:43:29.540140Z,1,1,B,Saturday,2,09:35,10:25,Engineering Physics,PH3151,Prof. A. Venkatesh,C400,Main Block,3,Lecture,,,All,
79452546-bde8-497e-a184-fd708d316bbf,MECH,2021,2026-2027,1.2,2026-07-19T06:43:29.540140Z,1,1,B,Saturday,3,10:45,11:35,Problem Solving and Python Programming,GE3151,Prof. V. Karthik,C276,Main Block,3,Lecture,,,All,
05708b57-2d2d-4c25-965f-05ff5893b7cd,MECH,2021,2026-2027,1.2,2026-07-19T06:43:29.540140Z,1,1,B,Saturday,4,11:35,12:25,Engineering Chemistry,CY3151,Dr. S. Venkatesh,C186,Main Block,3,Lecture,,,All,
7f8721ce-f8a7-4f96-924e-ce0f7f2114d0,MECH,2021,2026-2027,1.2,2026-07-19T06:43:29.540140Z,1,1,B,Saturday,5,13:15,14:05,English Laboratory,GE3172,Prof. G. Kumar,Lab-2,Main Block,1,Lab,Lab-2,,All,
013d3d99-af2d-40ec-a333-f6e58da8b223,MECH,2021,2026-2027,1.2,2026-07-19T06:43:29.540140Z,1,1,B,Saturday,6,14:05,14:55,English Laboratory,GE3172,Prof. G. Kumar,Lab-2,Main Block,1,Lab,Lab-2,,All,
0ad2158a-cac0-4dfb-b034-65aadee10eb8,MECH,2021,2026-2027,1.2,2026-07-19T06:43:29.540140Z,1,1,B,Saturday,7,14:55,15:45,English Laboratory,GE3172,Prof. G. Kumar,Lab-2,Main Block,1,Lab,Lab-2,,All,
98d205ea-b191-4035-a976-75da17e1baf0,MECH,2021,2026-2027,1.2,2026-07-19T06:43:29.540140Z,2,3,A,Monday,1,08:45,09:35,Manufacturing Technology I,ME3352,Prof. A. Natarajan,C135,Main Block,4,Lecture,,,All,
ceace925-e412-44fe-a7bb-ff015c02d1ba,MECH,2021,2026-2027,1.2,2026-07-19T06:43:29.540140Z,2,3,A,Monday,2,09:35,10:25,Manufacturing Technology I,ME3352,Prof. A. Natarajan,C256,Main Block,4,Lecture,,,All,
c8cac17f-c180-498a-995a-e42c28311502,MECH,2021,2026-2027,1.2,2026-07-19T06:43:29.540140Z,2,3,A,Monday,3,10:45,11:35,Engineering Thermodynamics,ME3351,Prof. A. Natarajan,C117,Main Block,4,Lecture,,,All,
d0dae9b8-dd71-411c-9529-e739e664f87d,MECH,2021,2026-2027,1.2,2026-07-19T06:43:29.540140Z,2,3,A,Monday,4,11:35,12:25,Manufacturing Technology I,ME3352,Prof. A. Natarajan,C109,Main Block,4,Lecture,,,All,
390d99d3-f339-47ac-ad4c-9588978ad5ea,MECH,2021,2026-2027,1.2,2026-07-19T06:43:29.540140Z,2,3,A,Monday,5,13:15,14:05,Fluid Mechanics and Machinery,ME3301,Dr. P. Srinivasan,C216,Main Block,3,Lecture,,,All,
3ccdff9d-f3f4-43dd-a63e-54a9dc088c49,MECH,2021,2026-2027,1.2,2026-07-19T06:43:29.540140Z,2,3,A,Monday,6,14:05,14:55,Engineering Thermodynamics,ME3351,Prof. A. Natarajan,C346,Main Block,4,Lecture,,,All,
4c903b56-a95f-415e-bfb2-806d7c733730,MECH,2021,2026-2027,1.2,2026-07-19T06:43:29.540140Z,2,3,A,Monday,7,14:55,15:45,Theory of Machines,ME3302,Dr. M. Balaji,C241,Main Block,3,Lecture,,,All,
eed22647-6e21-456a-bee7-56aa55b208a1,MECH,2021,2026-2027,1.2,2026-07-19T06:43:29.540140Z,2,3,A,Tuesday,1,08:45,09:35,Fluid Mechanics and Machinery,ME3301,Dr. P. Srinivasan,C107,Main Block,3,Lecture,,,All,
6eacaac8-9fff-4ac6-b0d0-6bc1a9bd7874,MECH,2021,2026-2027,1.2,2026-07-19T06:43:29.540140Z,2,3,A,Tuesday,2,09:35,10:25,Fluid Mechanics and Machinery,ME3301,Dr. P. Srinivasan,C372,Main Block,3,Lecture,,,All,
8a4d426a-f8f6-4ce2-b989-80ffbde31a1b,MECH,2021,2026-2027,1.2,2026-07-19T06:43:29.540140Z,2,3,A,Tuesday,3,10:45,11:35,Fluid Mechanics and Machinery,ME3301,Dr. P. Srinivasan,C219,Main Block,3,Lecture,,,All,
86122d29-db22-4921-b62d-051e37efd4f8,MECH,2021,2026-2027,1.2,2026-07-19T06:43:29.540140Z,2,3,A,Tuesday,4,11:35,12:25,Engineering Thermodynamics,ME3351,Prof. A. Natarajan,C120,Main Block,4,Lecture,,,All,
0da2b524-e0bb-43b6-9f58-1447bf9cf232,MECH,2021,2026-2027,1.2,2026-07-19T06:43:29.540140Z,2,3,A,Tuesday,5,13:15,14:05,Manufacturing Technology Laboratory,ME3311,Dr. P. Balaji,Lab-6,Main Block,2,Lab,Lab-6,,All,
f1ded400-57b7-4b19-a26f-f216d07023ec,MECH,2021,2026-2027,1.2,2026-07-19T06:43:29.540140Z,2,3,A,Tuesday,6,14:05,14:55,Manufacturing Technology Laboratory,ME3311,Dr. P. Balaji,Lab-6,Main Block,2,Lab,Lab-6,,All,
3abd8bee-01f2-4317-ab72-ed66b0bb5d6a,MECH,2021,2026-2027,1.2,2026-07-19T06:43:29.540140Z,2,3,A,Tuesday,7,14:55,15:45,Manufacturing Technology Laboratory,ME3311,Dr. P. Balaji,Lab-6,Main Block,2,Lab,Lab-6,,All,
baa9094f-e3b4-4bda-922f-867ea73deb67,MECH,2021,2026-2027,1.2,2026-07-19T06:43:29.540140Z,2,3,A,Wednesday,1,08:45,09:35,Fluid Mechanics and Machinery,ME3301,Dr. P. Srinivasan,C354,Main Block,3,Lecture,,,All,
4520f3a1-d73f-4c95-8938-9e3d82e2da77,MECH,2021,2026-2027,1.2,2026-07-19T06:43:29.540140Z,2,3,A,Wednesday,2,09:35,10:25,Theory of Machines,ME3302,Dr. M. Balaji,C218,Main Block,3,Lecture,,,All,
a0a26588-7cac-4f6b-a323-5ef2eb03e411,MECH,2021,2026-2027,1.2,2026-07-19T06:43:29.540140Z,2,3,A,Wednesday,3,10:45,11:35,Engineering Thermodynamics,ME3351,Prof. A. Natarajan,C365,Main Block,4,Lecture,,,All,
137c0ef2-1674-4700-96a3-00d6ed1cd2c0,MECH,2021,2026-2027,1.2,2026-07-19T06:43:29.540140Z,2,3,A,Wednesday,4,11:35,12:25,Fluid Mechanics and Machinery,ME3301,Dr. P. Srinivasan,C179,Main Block,3,Lecture,,,All,
c2171418-50a0-42b8-be01-3daf9b00d44a,MECH,2021,2026-2027,1.2,2026-07-19T06:43:29.540140Z,2,3,A,Wednesday,5,13:15,14:05,Engineering Thermodynamics,ME3351,Prof. A. Natarajan,C166,Main Block,4,Lecture,,,All,
b262049c-80f5-4b50-9c43-6c7292658138,MECH,2021,2026-2027,1.2,2026-07-19T06:43:29.540140Z,2,3,A,Wednesday,6,14:05,14:55,Manufacturing Technology I,ME3352,Prof. A. Natarajan,C292,Main Block,4,Lecture,,,All,
18ceb558-9842-4435-8240-77fc030b5873,MECH,2021,2026-2027,1.2,2026-07-19T06:43:29.540140Z,2,3,A,Wednesday,7,14:55,15:45,Engineering Thermodynamics,ME3351,Prof. A. Natarajan,C381,Main Block,4,Lecture,,,All,
6b93309c-ef29-451f-9306-284f4bf0a47d,MECH,2021,2026-2027,1.2,2026-07-19T06:43:29.540140Z,2,3,A,Thursday,1,08:45,09:35,Engineering Thermodynamics,ME3351,Prof. A. Natarajan,C212,Main Block,4,Lecture,,,All,
beaf2202-d7db-4e66-830c-9c8489ac8d74,MECH,2021,2026-2027,1.2,2026-07-19T06:43:29.540140Z,2,3,A,Thursday,2,09:35,10:25,Manufacturing Technology I,ME3352,Prof. A. Natarajan,C391,Main Block,4,Lecture,,,All,
374051ce-ae6d-4c91-89b7-60c211017198,MECH,2021,2026-2027,1.2,2026-07-19T06:43:29.540140Z,2,3,A,Thursday,3,10:45,11:35,Manufacturing Technology I,ME3352,Prof. A. Natarajan,C117,Main Block,4,Lecture,,,All,
45a99a51-ce45-4631-ba5e-49903de4bf39,MECH,2021,2026-2027,1.2,2026-07-19T06:43:29.540140Z,2,3,A,Thursday,4,11:35,12:25,Manufacturing Technology I,ME3352,Prof. A. Natarajan,C158,Main Block,4,Lecture,,,All,
5385cf21-000e-40ff-a06e-1dc1790978f4,MECH,2021,2026-2027,1.2,2026-07-19T06:43:29.540140Z,2,3,A,Thursday,5,13:15,14:05,Manufacturing Technology Laboratory,ME3311,Dr. P. Balaji,Lab-8,Main Block,2,Lab,Lab-8,,All,
d2c7dcad-b7dd-4055-9732-89ca10b5a255,MECH,2021,2026-2027,1.2,2026-07-19T06:43:29.540140Z,2,3,A,Thursday,6,14:05,14:55,Manufacturing Technology Laboratory,ME3311,Dr. P. Balaji,Lab-8,Main Block,2,Lab,Lab-8,,All,
f2407e53-0d64-4d81-ac56-cc93d18b3313,MECH,2021,2026-2027,1.2,2026-07-19T06:43:29.540140Z,2,3,A,Thursday,7,14:55,15:45,Manufacturing Technology Laboratory,ME3311,Dr. P. Balaji,Lab-8,Main Block,2,Lab,Lab-8,,All,
1ebbd45b-50ed-4101-b081-3cdb8e36f977,MECH,2021,2026-2027,1.2,2026-07-19T06:43:29.540140Z,2,3,A,Friday,1,08:45,09:35,Engineering Thermodynamics,ME3351,Prof. A. Natarajan,C136,Main Block,4,Lecture,,,All,
76125745-29d2-4c7d-b91d-6323b3f6b2d1,MECH,2021,2026-2027,1.2,2026-07-19T06:43:29.540140Z,2,3,A,Friday,2,09:35,10:25,Manufacturing Technology I,ME3352,Prof. A. Natarajan,C323,Main Block,4,Lecture,,,All,
6ef04bdc-9758-455b-a649-8faff5178837,MECH,2021,2026-2027,1.2,2026-07-19T06:43:29.540140Z,2,3,A,Friday,3,10:45,11:35,Manufacturing Technology I,ME3352,Prof. A. Natarajan,C333,Main Block,4,Lecture,,,All,
c2900c89-7167-4f7a-b07a-72c9d8767d11,MECH,2021,2026-2027,1.2,2026-07-19T06:43:29.540140Z,2,3,A,Friday,4,11:35,12:25,Manufacturing Technology I,ME3352,Prof. A. Natarajan,C110,Main Block,4,Lecture,,,All,
dcbe708c-0d3d-44f7-aef6-7a64d5f45511,MECH,2021,2026-2027,1.2,2026-07-19T06:43:29.540140Z,2,3,A,Friday,5,13:15,14:05,Fluid Mechanics and Machinery,ME3301,Dr. P. Srinivasan,C102,Main Block,3,Lecture,,,All,
3b134ba5-52a4-47b6-9c47-ac735706ffab,MECH,2021,2026-2027,1.2,2026-07-19T06:43:29.540140Z,2,3,A,Friday,6,14:05,14:55,Fluid Mechanics and Machinery,ME3301,Dr. P. Srinivasan,C308,Main Block,3,Lecture,,,All,
077a203d-ccf5-450b-bf54-6529bc72ab23,MECH,2021,2026-2027,1.2,2026-07-19T06:43:29.540140Z,2,3,A,Friday,7,14:55,15:45,Engineering Thermodynamics,ME3351,Prof. A. Natarajan,C186,Main Block,4,Lecture,,,All,
3c56c696-2e12-4238-b135-1bf49282e2c1,MECH,2021,2026-2027,1.2,2026-07-19T06:43:29.540140Z,2,3,A,Saturday,1,08:45,09:35,Engineering Thermodynamics,ME3351,Prof. A. Natarajan,C245,Main Block,4,Lecture,,,All,
82d664d5-ba96-4a14-9ad6-70b3b4179b83,MECH,2021,2026-2027,1.2,2026-07-19T06:43:29.540140Z,2,3,A,Saturday,2,09:35,10:25,Manufacturing Technology I,ME3352,Prof. A. Natarajan,C381,Main Block,4,Lecture,,,All,
8c47577a-1c78-44ab-9385-60f19c0414c7,MECH,2021,2026-2027,1.2,2026-07-19T06:43:29.540140Z,2,3,A,Saturday,3,10:45,11:35,Engineering Thermodynamics,ME3351,Prof. A. Natarajan,C191,Main Block,4,Lecture,,,All,
3b1fb56e-23db-4eaa-a84b-b5fd2c111043,MECH,2021,2026-2027,1.2,2026-07-19T06:43:29.540140Z,2,3,A,Saturday,4,11:35,12:25,Fluid Mechanics and Machinery,ME3301,Dr. P. Srinivasan,C207,Main Block,3,Lecture,,,All,
5d52ae87-6b4e-4560-aac4-969e60b515ed,MECH,2021,2026-2027,1.2,2026-07-19T06:43:29.540140Z,2,3,A,Saturday,5,13:15,14:05,Manufacturing Technology Laboratory,ME3311,Dr. P. Balaji,Lab-8,Main Block,2,Lab,Lab-8,,All,
89e150f7-ef3d-4a91-994f-7344e54664f1,MECH,2021,2026-2027,1.2,2026-07-19T06:43:29.540140Z,2,3,A,Saturday,6,14:05,14:55,Manufacturing Technology Laboratory,ME3311,Dr. P. Balaji,Lab-8,Main Block,2,Lab,Lab-8,,All,
dfbaee0e-c0d6-49a7-a558-caaa55f51ce4,MECH,2021,2026-2027,1.2,2026-07-19T06:43:29.540140Z,2,3,A,Saturday,7,14:55,15:45,Manufacturing Technology Laboratory,ME3311,Dr. P. Balaji,Lab-8,Main Block,2,Lab,Lab-8,,All,
b8d7b8e9-3d49-4e21-b9a3-1413b04b2ab0,MECH,2021,2026-2027,1.2,2026-07-19T06:43:29.540140Z,2,3,B,Monday,1,08:45,09:35,Theory of Machines,ME3302,Dr. K. Rajan,C139,Main Block,3,Lecture,,,All,
02a05201-bb59-40ab-b435-cdcd23a315c1,MECH,2021,2026-2027,1.2,2026-07-19T06:43:29.540140Z,2,3,B,Monday,2,09:35,10:25,Manufacturing Technology I,ME3352,Dr. K. Venkatesh,C209,Main Block,4,Lecture,,,All,
40a82d32-14bf-4e6c-bc99-45d6b41d65fd,MECH,2021,2026-2027,1.2,2026-07-19T06:43:29.540140Z,2,3,B,Monday,3,10:45,11:35,Theory of Machines,ME3302,Dr. K. Rajan,C338,Main Block,3,Lecture,,,All,
2ac25581-b92f-4c87-899c-4e958fbe9999,MECH,2021,2026-2027,1.2,2026-07-19T06:43:29.540140Z,2,3,B,Monday,4,11:35,12:25,Theory of Machines,ME3302,Dr. K. Rajan,C145,Main Block,3,Lecture,,,All,
3d0dc82d-1869-418f-b2bb-37ce2b8fa8ee,MECH,2021,2026-2027,1.2,2026-07-19T06:43:29.540140Z,2,3,B,Monday,5,13:15,14:05,Fluid Mechanics and Machinery,ME3301,Prof. V. Ramesh,C387,Main Block,3,Lecture,,,All,
598b6ce5-c41e-4eae-ac30-4a268bb74463,MECH,2021,2026-2027,1.2,2026-07-19T06:43:29.540140Z,2,3,B,Monday,6,14:05,14:55,Fluid Mechanics and Machinery,ME3301,Prof. V. Ramesh,C143,Main Block,3,Lecture,,,All,
e02b0e7d-a452-4f70-ad9c-eda5f10b723e,MECH,2021,2026-2027,1.2,2026-07-19T06:43:29.540140Z,2,3,B,Monday,7,14:55,15:45,Engineering Thermodynamics,ME3351,Dr. R. Sundaram,C221,Main Block,4,Lecture,,,All,
3a185dab-b2bb-402d-93bf-b31c99cff865,MECH,2021,2026-2027,1.2,2026-07-19T06:43:29.540140Z,2,3,B,Tuesday,1,08:45,09:35,Manufacturing Technology I,ME3352,Dr. K. Venkatesh,C295,Main Block,4,Lecture,,,All,
67845f1b-ac5f-4562-82de-562d0cd1e8d7,MECH,2021,2026-2027,1.2,2026-07-19T06:43:29.540140Z,2,3,B,Tuesday,2,09:35,10:25,Manufacturing Technology I,ME3352,Dr. K. Venkatesh,C145,Main Block,4,Lecture,,,All,
ed9e5f74-27f8-4e53-a803-c5f10c1985cd,MECH,2021,2026-2027,1.2,2026-07-19T06:43:29.540140Z,2,3,B,Tuesday,3,10:45,11:35,Fluid Mechanics and Machinery,ME3301,Prof. V. Ramesh,C141,Main Block,3,Lecture,,,All,
022c6ecb-172c-4251-9d9a-7b9cf257e3ed,MECH,2021,2026-2027,1.2,2026-07-19T06:43:29.540140Z,2,3,B,Tuesday,4,11:35,12:25,Manufacturing Technology I,ME3352,Dr. K. Venkatesh,C401,Main Block,4,Lecture,,,All,
479eb531-cc75-4105-8a59-c22a8bad59e9,MECH,2021,2026-2027,1.2,2026-07-19T06:43:29.540140Z,2,3,B,Tuesday,5,13:15,14:05,Manufacturing Technology Laboratory,ME3311,Dr. M. Rajan,Lab-1,Main Block,2,Lab,Lab-1,,All,
2c155e33-20fd-489b-bf00-83bdd382fffe,MECH,2021,2026-2027,1.2,2026-07-19T06:43:29.540140Z,2,3,B,Tuesday,6,14:05,14:55,Manufacturing Technology Laboratory,ME3311,Dr. M. Rajan,Lab-1,Main Block,2,Lab,Lab-1,,All,
ba9bac7a-0abf-493f-8c0a-0bd966435cd3,MECH,2021,2026-2027,1.2,2026-07-19T06:43:29.540140Z,2,3,B,Tuesday,7,14:55,15:45,Manufacturing Technology Laboratory,ME3311,Dr. M. Rajan,Lab-1,Main Block,2,Lab,Lab-1,,All,
6d2231b2-2e1c-401e-a4e6-b8903f690648,MECH,2021,2026-2027,1.2,2026-07-19T06:43:29.540140Z,2,3,B,Wednesday,1,08:45,09:35,Fluid Mechanics and Machinery,ME3301,Prof. V. Ramesh,C175,Main Block,3,Lecture,,,All,
ea17aaaa-9238-45d7-abce-7839546f7037,MECH,2021,2026-2027,1.2,2026-07-19T06:43:29.540140Z,2,3,B,Wednesday,2,09:35,10:25,Engineering Thermodynamics,ME3351,Dr. R. Sundaram,C121,Main Block,4,Lecture,,,All,
05a9a830-e809-496b-af0c-72c2b7dfd9ba,MECH,2021,2026-2027,1.2,2026-07-19T06:43:29.540140Z,2,3,B,Wednesday,3,10:45,11:35,Engineering Thermodynamics,ME3351,Dr. R. Sundaram,C130,Main Block,4,Lecture,,,All,
aefb8e07-7a13-4839-83a3-efbf7466d1a6,MECH,2021,2026-2027,1.2,2026-07-19T06:43:29.540140Z,2,3,B,Wednesday,4,11:35,12:25,Theory of Machines,ME3302,Dr. K. Rajan,C356,Main Block,3,Lecture,,,All,
b47bb51f-981c-4f5c-98e2-c489dc58e624,MECH,2021,2026-2027,1.2,2026-07-19T06:43:29.540140Z,2,3,B,Wednesday,5,13:15,14:05,Fluid Mechanics and Machinery,ME3301,Prof. V. Ramesh,C329,Main Block,3,Lecture,,,All,
3aacb393-acc6-4e2f-b3d4-006ac8d6360f,MECH,2021,2026-2027,1.2,2026-07-19T06:43:29.540140Z,2,3,B,Wednesday,6,14:05,14:55,Manufacturing Technology I,ME3352,Dr. K. Venkatesh,C294,Main Block,4,Lecture,,,All,
70ae35d9-d575-48c7-9f05-eb43136ddb58,MECH,2021,2026-2027,1.2,2026-07-19T06:43:29.540140Z,2,3,B,Wednesday,7,14:55,15:45,Theory of Machines,ME3302,Dr. K. Rajan,C113,Main Block,3,Lecture,,,All,
bca6c6c5-4248-46ee-b718-8d248a394e60,MECH,2021,2026-2027,1.2,2026-07-19T06:43:29.540140Z,2,3,B,Thursday,1,08:45,09:35,Theory of Machines,ME3302,Dr. K. Rajan,C153,Main Block,3,Lecture,,,All,
630c75f0-957b-4e48-b0c7-1c7321b027f7,MECH,2021,2026-2027,1.2,2026-07-19T06:43:29.540140Z,2,3,B,Thursday,2,09:35,10:25,Engineering Thermodynamics,ME3351,Dr. R. Sundaram,C171,Main Block,4,Lecture,,,All,
b9506daf-5702-4dce-86bb-5c5fd7b10d3b,MECH,2021,2026-2027,1.2,2026-07-19T06:43:29.540140Z,2,3,B,Thursday,3,10:45,11:35,Fluid Mechanics and Machinery,ME3301,Prof. V. Ramesh,C225,Main Block,3,Lecture,,,All,
5a49658f-a3dc-4b4f-a246-9ab93d3a7868,MECH,2021,2026-2027,1.2,2026-07-19T06:43:29.540140Z,2,3,B,Thursday,4,11:35,12:25,Manufacturing Technology I,ME3352,Dr. K. Venkatesh,C260,Main Block,4,Lecture,,,All,
aad38b7f-78bb-4b01-a7ea-45f49b8a8a1c,MECH,2021,2026-2027,1.2,2026-07-19T06:43:29.540140Z,2,3,B,Thursday,5,13:15,14:05,Manufacturing Technology Laboratory,ME3311,Dr. M. Rajan,Lab-9,Main Block,2,Lab,Lab-9,,All,
6e0c1413-5324-47eb-a9dc-5356f1c95104,MECH,2021,2026-2027,1.2,2026-07-19T06:43:29.540140Z,2,3,B,Thursday,6,14:05,14:55,Manufacturing Technology Laboratory,ME3311,Dr. M. Rajan,Lab-9,Main Block,2,Lab,Lab-9,,All,
16122bb6-3106-48ff-8e28-dff78096e24e,MECH,2021,2026-2027,1.2,2026-07-19T06:43:29.540140Z,2,3,B,Thursday,7,14:55,15:45,Manufacturing Technology Laboratory,ME3311,Dr. M. Rajan,Lab-9,Main Block,2,Lab,Lab-9,,All,
c5c668a3-acf5-4bb2-a66b-f61270473ddf,MECH,2021,2026-2027,1.2,2026-07-19T06:43:29.540140Z,2,3,B,Friday,1,08:45,09:35,Theory of Machines,ME3302,Dr. K. Rajan,C214,Main Block,3,Lecture,,,All,
576959e0-6dcc-48ab-b8b6-738e32cc7983,MECH,2021,2026-2027,1.2,2026-07-19T06:43:29.540140Z,2,3,B,Friday,2,09:35,10:25,Engineering Thermodynamics,ME3351,Dr. R. Sundaram,C187,Main Block,4,Lecture,,,All,
4b00c714-a08b-47ac-a290-74298ccc4922,MECH,2021,2026-2027,1.2,2026-07-19T06:43:29.540140Z,2,3,B,Friday,3,10:45,11:35,Theory of Machines,ME3302,Dr. K. Rajan,C352,Main Block,3,Lecture,,,All,
16c56aef-354b-4ba6-9d3f-b9e6f5a678b7,MECH,2021,2026-2027,1.2,2026-07-19T06:43:29.540140Z,2,3,B,Friday,4,11:35,12:25,Fluid Mechanics and Machinery,ME3301,Prof. V. Ramesh,C393,Main Block,3,Lecture,,,All,
0d7835b0-6b6b-49d9-bafc-070efab62218,MECH,2021,2026-2027,1.2,2026-07-19T06:43:29.540140Z,2,3,B,Friday,5,13:15,14:05,Theory of Machines,ME3302,Dr. K. Rajan,C265,Main Block,3,Lecture,,,All,
d0354d5e-840d-49d0-a83f-4a878a8ec76a,MECH,2021,2026-2027,1.2,2026-07-19T06:43:29.540140Z,2,3,B,Friday,6,14:05,14:55,Fluid Mechanics and Machinery,ME3301,Prof. V. Ramesh,C207,Main Block,3,Lecture,,,All,
d4eea18f-425b-4c95-9b32-5398eed678dd,MECH,2021,2026-2027,1.2,2026-07-19T06:43:29.540140Z,2,3,B,Friday,7,14:55,15:45,Manufacturing Technology I,ME3352,Dr. K. Venkatesh,C287,Main Block,4,Lecture,,,All,
c4c5273b-56af-4db4-a889-9322687b8f08,MECH,2021,2026-2027,1.2,2026-07-19T06:43:29.540140Z,2,3,B,Saturday,1,08:45,09:35,Fluid Mechanics and Machinery,ME3301,Prof. V. Ramesh,C152,Main Block,3,Lecture,,,All,
59e735b6-b1d6-4976-b1fa-3ff0c957751b,MECH,2021,2026-2027,1.2,2026-07-19T06:43:29.540140Z,2,3,B,Saturday,2,09:35,10:25,Theory of Machines,ME3302,Dr. K. Rajan,C168,Main Block,3,Lecture,,,All,
fdd454cc-cac5-4e05-8d88-6b6164ae8f1c,MECH,2021,2026-2027,1.2,2026-07-19T06:43:29.540140Z,2,3,B,Saturday,3,10:45,11:35,Engineering Thermodynamics,ME3351,Dr. R. Sundaram,C137,Main Block,4,Lecture,,,All,
739b948a-039c-4c93-8125-55b85b35a658,MECH,2021,2026-2027,1.2,2026-07-19T06:43:29.540140Z,2,3,B,Saturday,4,11:35,12:25,Fluid Mechanics and Machinery,ME3301,Prof. V. Ramesh,C168,Main Block,3,Lecture,,,All,
00463340-f215-4f52-a7ac-e020fa37a0bf,MECH,2021,2026-2027,1.2,2026-07-19T06:43:29.540140Z,2,3,B,Saturday,5,13:15,14:05,Manufacturing Technology Laboratory,ME3311,Dr. M. Rajan,Lab-6,Main Block,2,Lab,Lab-6,,All,
93dc17b0-34ce-4ec4-9262-226b178984d2,MECH,2021,2026-2027,1.2,2026-07-19T06:43:29.540140Z,2,3,B,Saturday,6,14:05,14:55,Manufacturing Technology Laboratory,ME3311,Dr. M. Rajan,Lab-6,Main Block,2,Lab,Lab-6,,All,
4def6bee-77c0-4fdb-8eec-bb10537fac9d,MECH,2021,2026-2027,1.2,2026-07-19T06:43:29.540140Z,2,3,B,Saturday,7,14:55,15:45,Manufacturing Technology Laboratory,ME3311,Dr. M. Rajan,Lab-6,Main Block,2,Lab,Lab-6,,All,
d5da995a-1875-4167-adc0-dfdc487e5ba7,MECH,2021,2026-2027,1.2,2026-07-19T06:43:29.540140Z,3,5,A,Monday,1,08:45,09:35,Heat and Mass Transfer,ME3502,Dr. K. Srinivasan,C329,Main Block,4,Lecture,,,All,
ced958f2-c065-4ea0-9691-73b4c69d0a42,MECH,2021,2026-2027,1.2,2026-07-19T06:43:29.540140Z,3,5,A,Monday,2,09:35,10:25,Design of Machine Elements,ME3501,Prof. V. Krishnan,C394,Main Block,4,Lecture,,,All,
794d2780-1075-4623-9e23-6cc9c316ef95,MECH,2021,2026-2027,1.2,2026-07-19T06:43:29.540140Z,3,5,A,Monday,3,10:45,11:35,Metrology and Measurements,ME3503,Prof. G. Sundaram,C151,Main Block,3,Lecture,,,All,
25e84adf-3097-40ee-ac0f-c36c7c3172d2,MECH,2021,2026-2027,1.2,2026-07-19T06:43:29.540140Z,3,5,A,Monday,4,11:35,12:25,Finite Element Analysis,ME3551,Dr. R. Rajan,C304,Main Block,3,Lecture,,,All,
420f54d0-f7a6-4801-b505-ea2ea19917ee,MECH,2021,2026-2027,1.2,2026-07-19T06:43:29.540140Z,3,5,A,Monday,5,13:15,14:05,Design of Machine Elements,ME3501,Prof. V. Krishnan,C379,Main Block,4,Lecture,,,All,
4e92e957-712b-4eaf-983a-05f595889e9b,MECH,2021,2026-2027,1.2,2026-07-19T06:43:29.540140Z,3,5,A,Monday,6,14:05,14:55,Finite Element Analysis,ME3551,Dr. R. Rajan,C105,Main Block,3,Lecture,,,All,
dc7f7e41-a00b-4f8e-bc18-524f1abcfb0f,MECH,2021,2026-2027,1.2,2026-07-19T06:43:29.540140Z,3,5,A,Monday,7,14:55,15:45,Metrology and Measurements,ME3503,Prof. G. Sundaram,C257,Main Block,3,Lecture,,,All,
74de9c5d-3263-413f-9d12-635d4a57af9c,MECH,2021,2026-2027,1.2,2026-07-19T06:43:29.540140Z,3,5,A,Tuesday,1,08:45,09:35,Metrology and Measurements,ME3503,Prof. G. Sundaram,C251,Main Block,3,Lecture,,,All,
1e42fd5e-d08d-4b0a-bf49-cea5ea188002,MECH,2021,2026-2027,1.2,2026-07-19T06:43:29.540140Z,3,5,A,Tuesday,2,09:35,10:25,Finite Element Analysis,ME3551,Dr. R. Rajan,C141,Main Block,3,Lecture,,,All,
5cbbe13e-0960-4e68-9042-240bcfc1068e,MECH,2021,2026-2027,1.2,2026-07-19T06:43:29.540140Z,3,5,A,Tuesday,3,10:45,11:35,Finite Element Analysis,ME3551,Dr. R. Rajan,C174,Main Block,3,Lecture,,,All,
895f615e-0194-4eb0-8b14-23f170f69da6,MECH,2021,2026-2027,1.2,2026-07-19T06:43:29.540140Z,3,5,A,Tuesday,4,11:35,12:25,Metrology and Measurements,ME3503,Prof. G. Sundaram,C279,Main Block,3,Lecture,,,All,
2c3a1b9d-8da1-42da-bac6-f941839d533c,MECH,2021,2026-2027,1.2,2026-07-19T06:43:29.540140Z,3,5,A,Tuesday,5,13:15,14:05,CAD/CAM Laboratory,ME3511,Dr. K. Ramesh,Lab-5,Main Block,2,Lab,Lab-5,,All,
01c934e1-8b68-4886-b424-a43cb081bb90,MECH,2021,2026-2027,1.2,2026-07-19T06:43:29.540140Z,3,5,A,Tuesday,6,14:05,14:55,CAD/CAM Laboratory,ME3511,Dr. K. Ramesh,Lab-5,Main Block,2,Lab,Lab-5,,All,
a41d2c51-7c53-4c72-aa74-6e98e6317c07,MECH,2021,2026-2027,1.2,2026-07-19T06:43:29.540140Z,3,5,A,Tuesday,7,14:55,15:45,CAD/CAM Laboratory,ME3511,Dr. K. Ramesh,Lab-5,Main Block,2,Lab,Lab-5,,All,
0d6f60d5-47dc-4a71-92d8-bdef424afe5a,MECH,2021,2026-2027,1.2,2026-07-19T06:43:29.540140Z,3,5,A,Wednesday,1,08:45,09:35,Metrology and Measurements,ME3503,Prof. G. Sundaram,C203,Main Block,3,Lecture,,,All,
cf392d4d-b19e-4868-a9b0-8dc5743f2d1e,MECH,2021,2026-2027,1.2,2026-07-19T06:43:29.540140Z,3,5,A,Wednesday,2,09:35,10:25,Metrology and Measurements,ME3503,Prof. G. Sundaram,C311,Main Block,3,Lecture,,,All,
1f0cb4a2-7a8e-46f3-93fd-5511cccce1b2,MECH,2021,2026-2027,1.2,2026-07-19T06:43:29.540140Z,3,5,A,Wednesday,3,10:45,11:35,Finite Element Analysis,ME3551,Dr. R. Rajan,C391,Main Block,3,Lecture,,,All,
dc27e423-d3ec-4df2-8db3-1600f6535f81,MECH,2021,2026-2027,1.2,2026-07-19T06:43:29.540140Z,3,5,A,Wednesday,4,11:35,12:25,Finite Element Analysis,ME3551,Dr. R. Rajan,C232,Main Block,3,Lecture,,,All,
7f78dbf2-83b2-4cff-a19a-5a6d48e3a9b3,MECH,2021,2026-2027,1.2,2026-07-19T06:43:29.540140Z,3,5,A,Wednesday,5,13:15,14:05,Metrology and Measurements,ME3503,Prof. G. Sundaram,C116,Main Block,3,Lecture,,,All,
e72ec365-9338-498a-b17b-1ce92a29c5d4,MECH,2021,2026-2027,1.2,2026-07-19T06:43:29.540140Z,3,5,A,Wednesday,6,14:05,14:55,Metrology and Measurements,ME3503,Prof. G. Sundaram,C385,Main Block,3,Lecture,,,All,
b991998d-0964-4d42-8d28-7325d40e67fd,MECH,2021,2026-2027,1.2,2026-07-19T06:43:29.540140Z,3,5,A,Wednesday,7,14:55,15:45,Metrology and Measurements,ME3503,Prof. G. Sundaram,C400,Main Block,3,Lecture,,,All,
70ee21a7-d0c3-4dfa-a339-30e5c706a99f,MECH,2021,2026-2027,1.2,2026-07-19T06:43:29.540140Z,3,5,A,Thursday,1,08:45,09:35,Heat and Mass Transfer,ME3502,Dr. K. Srinivasan,C189,Main Block,4,Lecture,,,All,
51bdd301-80f7-4579-8c49-d6709a2c2c08,MECH,2021,2026-2027,1.2,2026-07-19T06:43:29.540140Z,3,5,A,Thursday,2,09:35,10:25,Heat and Mass Transfer,ME3502,Dr. K. Srinivasan,C307,Main Block,4,Lecture,,,All,
20851997-2838-4509-bf38-32a1c1af12e7,MECH,2021,2026-2027,1.2,2026-07-19T06:43:29.540140Z,3,5,A,Thursday,3,10:45,11:35,Finite Element Analysis,ME3551,Dr. R. Rajan,C355,Main Block,3,Lecture,,,All,
a86ddc0e-4be8-4771-a326-ea61b280d720,MECH,2021,2026-2027,1.2,2026-07-19T06:43:29.540140Z,3,5,A,Thursday,4,11:35,12:25,Heat and Mass Transfer,ME3502,Dr. K. Srinivasan,C263,Main Block,4,Lecture,,,All,
264e50ff-82c0-4ef5-93ae-5b07c6decb9c,MECH,2021,2026-2027,1.2,2026-07-19T06:43:29.540140Z,3,5,A,Thursday,5,13:15,14:05,CAD/CAM Laboratory,ME3511,Dr. K. Ramesh,Lab-6,Main Block,2,Lab,Lab-6,,All,
acb94107-b049-4e1b-948e-f36e5adc2d17,MECH,2021,2026-2027,1.2,2026-07-19T06:43:29.540140Z,3,5,A,Thursday,6,14:05,14:55,CAD/CAM Laboratory,ME3511,Dr. K. Ramesh,Lab-6,Main Block,2,Lab,Lab-6,,All,
6166da83-e3a2-491d-8861-ddbf25212587,MECH,2021,2026-2027,1.2,2026-07-19T06:43:29.540140Z,3,5,A,Thursday,7,14:55,15:45,CAD/CAM Laboratory,ME3511,Dr. K. Ramesh,Lab-6,Main Block,2,Lab,Lab-6,,All,
f1e176c6-082a-4600-8ab0-b406722f2151,MECH,2021,2026-2027,1.2,2026-07-19T06:43:29.540140Z,3,5,A,Friday,1,08:45,09:35,Design of Machine Elements,ME3501,Prof. V. Krishnan,C128,Main Block,4,Lecture,,,All,
ffc051d5-12d5-423c-ae8a-cd5b9aab3ddd,MECH,2021,2026-2027,1.2,2026-07-19T06:43:29.540140Z,3,5,A,Friday,2,09:35,10:25,Design of Machine Elements,ME3501,Prof. V. Krishnan,C287,Main Block,4,Lecture,,,All,
c86ab7b9-140a-477f-b6b9-dddaab82ae36,MECH,2021,2026-2027,1.2,2026-07-19T06:43:29.540140Z,3,5,A,Friday,3,10:45,11:35,Design of Machine Elements,ME3501,Prof. V. Krishnan,C267,Main Block,4,Lecture,,,All,
deaecd68-4a90-43a2-97e7-1c575185e0cd,MECH,2021,2026-2027,1.2,2026-07-19T06:43:29.540140Z,3,5,A,Friday,4,11:35,12:25,Finite Element Analysis,ME3551,Dr. R. Rajan,C365,Main Block,3,Lecture,,,All,
c421362a-2f51-44f9-9f4e-efb587653dbd,MECH,2021,2026-2027,1.2,2026-07-19T06:43:29.540140Z,3,5,A,Friday,5,13:15,14:05,Design of Machine Elements,ME3501,Prof. V. Krishnan,C159,Main Block,4,Lecture,,,All,
5d106f19-1710-4097-a496-b317b8cea810,MECH,2021,2026-2027,1.2,2026-07-19T06:43:29.540140Z,3,5,A,Friday,6,14:05,14:55,Metrology and Measurements,ME3503,Prof. G. Sundaram,C197,Main Block,3,Lecture,,,All,
e506876b-eb46-4d44-9970-c3cda2b2ea1f,MECH,2021,2026-2027,1.2,2026-07-19T06:43:29.540140Z,3,5,A,Friday,7,14:55,15:45,Heat and Mass Transfer,ME3502,Dr. K. Srinivasan,C326,Main Block,4,Lecture,,,All,
e9cca2a3-843f-4022-b57f-b740ac26c7ee,MECH,2021,2026-2027,1.2,2026-07-19T06:43:29.540140Z,3,5,A,Saturday,1,08:45,09:35,Design of Machine Elements,ME3501,Prof. V. Krishnan,C139,Main Block,4,Lecture,,,All,
985cfd2b-829d-4cf7-bd0a-04624f6af9d0,MECH,2021,2026-2027,1.2,2026-07-19T06:43:29.540140Z,3,5,A,Saturday,2,09:35,10:25,Finite Element Analysis,ME3551,Dr. R. Rajan,C384,Main Block,3,Lecture,,,All,
df785b2e-8d85-4ccc-a531-26a80cf92721,MECH,2021,2026-2027,1.2,2026-07-19T06:43:29.540140Z,3,5,A,Saturday,3,10:45,11:35,Heat and Mass Transfer,ME3502,Dr. K. Srinivasan,C297,Main Block,4,Lecture,,,All,
dce8fe24-46c4-4409-abed-ceb9ddaa7806,MECH,2021,2026-2027,1.2,2026-07-19T06:43:29.540140Z,3,5,A,Saturday,4,11:35,12:25,Design of Machine Elements,ME3501,Prof. V. Krishnan,C205,Main Block,4,Lecture,,,All,
284197b1-e7a4-4ead-9fb9-5f8c3b273b27,MECH,2021,2026-2027,1.2,2026-07-19T06:43:29.540140Z,3,5,A,Saturday,5,13:15,14:05,CAD/CAM Laboratory,ME3511,Dr. K. Ramesh,Lab-6,Main Block,2,Lab,Lab-6,,All,
1b2434fa-a25e-495f-b617-183f5ab40bae,MECH,2021,2026-2027,1.2,2026-07-19T06:43:29.540140Z,3,5,A,Saturday,6,14:05,14:55,CAD/CAM Laboratory,ME3511,Dr. K. Ramesh,Lab-6,Main Block,2,Lab,Lab-6,,All,
33ab0d2f-5237-45a2-851f-e3bf11a1ee36,MECH,2021,2026-2027,1.2,2026-07-19T06:43:29.540140Z,3,5,A,Saturday,7,14:55,15:45,CAD/CAM Laboratory,ME3511,Dr. K. Ramesh,Lab-6,Main Block,2,Lab,Lab-6,,All,
fd3c356d-0bd0-4888-a5a0-3e5eb2cdff56,MECH,2021,2026-2027,1.2,2026-07-19T06:43:29.540140Z,3,5,B,Monday,1,08:45,09:35,Metrology and Measurements,ME3503,Prof. A. Krishnan,C180,Main Block,3,Lecture,,,All,
4a0d93a0-9035-4c5e-bcfb-764c5beb3f6c,MECH,2021,2026-2027,1.2,2026-07-19T06:43:29.540140Z,3,5,B,Monday,2,09:35,10:25,Finite Element Analysis,ME3551,Dr. R. Ramesh,C346,Main Block,3,Lecture,,,All,
211ead3c-8f15-4f18-b7d8-596a741587da,MECH,2021,2026-2027,1.2,2026-07-19T06:43:29.540140Z,3,5,B,Monday,3,10:45,11:35,Finite Element Analysis,ME3551,Dr. R. Ramesh,C270,Main Block,3,Lecture,,,All,
1a790ec5-9b61-464c-872d-c25007467d67,MECH,2021,2026-2027,1.2,2026-07-19T06:43:29.540140Z,3,5,B,Monday,4,11:35,12:25,Finite Element Analysis,ME3551,Dr. R. Ramesh,C265,Main Block,3,Lecture,,,All,
d17b3aa2-619e-4080-b733-a94f10d89e77,MECH,2021,2026-2027,1.2,2026-07-19T06:43:29.540140Z,3,5,B,Monday,5,13:15,14:05,Metrology and Measurements,ME3503,Prof. A. Krishnan,C286,Main Block,3,Lecture,,,All,
53a68496-92ea-442e-a56e-b0b014559aa8,MECH,2021,2026-2027,1.2,2026-07-19T06:43:29.540140Z,3,5,B,Monday,6,14:05,14:55,Design of Machine Elements,ME3501,Dr. R. Karthik,C401,Main Block,4,Lecture,,,All,
4f030b43-86b2-4a86-9cea-697212ead228,MECH,2021,2026-2027,1.2,2026-07-19T06:43:29.540140Z,3,5,B,Monday,7,14:55,15:45,Heat and Mass Transfer,ME3502,Dr. S. Balaji,C243,Main Block,4,Lecture,,,All,
6dc67387-825b-4ff3-9af6-528814cdcedc,MECH,2021,2026-2027,1.2,2026-07-19T06:43:29.540140Z,3,5,B,Tuesday,1,08:45,09:35,Finite Element Analysis,ME3551,Dr. R. Ramesh,C332,Main Block,3,Lecture,,,All,
8e646bdf-8790-408f-af43-c6b1bad4a730,MECH,2021,2026-2027,1.2,2026-07-19T06:43:29.540140Z,3,5,B,Tuesday,2,09:35,10:25,Finite Element Analysis,ME3551,Dr. R. Ramesh,C146,Main Block,3,Lecture,,,All,
b7b988e6-3176-48ba-9c12-a59b1523c789,MECH,2021,2026-2027,1.2,2026-07-19T06:43:29.540140Z,3,5,B,Tuesday,3,10:45,11:35,Finite Element Analysis,ME3551,Dr. R. Ramesh,C136,Main Block,3,Lecture,,,All,
8cd6d3c8-20cd-47db-a699-d7420327dffd,MECH,2021,2026-2027,1.2,2026-07-19T06:43:29.540140Z,3,5,B,Tuesday,4,11:35,12:25,Heat and Mass Transfer,ME3502,Dr. S. Balaji,C225,Main Block,4,Lecture,,,All,
0bbe8d3b-9aac-4b78-b423-90f8bc756db9,MECH,2021,2026-2027,1.2,2026-07-19T06:43:29.540140Z,3,5,B,Tuesday,5,13:15,14:05,CAD/CAM Laboratory,ME3511,Prof. V. Rajan,Lab-9,Main Block,2,Lab,Lab-9,,All,
7c87df23-c904-4e01-ac6a-6c33ddd86572,MECH,2021,2026-2027,1.2,2026-07-19T06:43:29.540140Z,3,5,B,Tuesday,6,14:05,14:55,CAD/CAM Laboratory,ME3511,Prof. V. Rajan,Lab-9,Main Block,2,Lab,Lab-9,,All,
d25f7da9-6218-47cb-95c4-b92bc41824d4,MECH,2021,2026-2027,1.2,2026-07-19T06:43:29.540140Z,3,5,B,Tuesday,7,14:55,15:45,CAD/CAM Laboratory,ME3511,Prof. V. Rajan,Lab-9,Main Block,2,Lab,Lab-9,,All,
87d5a0a4-baf5-4bac-8ebb-397f3952afd0,MECH,2021,2026-2027,1.2,2026-07-19T06:43:29.540140Z,3,5,B,Wednesday,1,08:45,09:35,Metrology and Measurements,ME3503,Prof. A. Krishnan,C306,Main Block,3,Lecture,,,All,
a53712d5-b780-4db7-95cb-d017e14eb07e,MECH,2021,2026-2027,1.2,2026-07-19T06:43:29.540140Z,3,5,B,Wednesday,2,09:35,10:25,Design of Machine Elements,ME3501,Dr. R. Karthik,C220,Main Block,4,Lecture,,,All,
5d3b957b-96a2-401b-a181-c402005e6f21,MECH,2021,2026-2027,1.2,2026-07-19T06:43:29.540140Z,3,5,B,Wednesday,3,10:45,11:35,Finite Element Analysis,ME3551,Dr. R. Ramesh,C317,Main Block,3,Lecture,,,All,
8e01c68e-0faf-4fbb-a07c-fec2ce299830,MECH,2021,2026-2027,1.2,2026-07-19T06:43:29.540140Z,3,5,B,Wednesday,4,11:35,12:25,Metrology and Measurements,ME3503,Prof. A. Krishnan,C367,Main Block,3,Lecture,,,All,
29c41357-4ebc-475c-971a-faf9ab66305f,MECH,2021,2026-2027,1.2,2026-07-19T06:43:29.540140Z,3,5,B,Wednesday,5,13:15,14:05,Metrology and Measurements,ME3503,Prof. A. Krishnan,C145,Main Block,3,Lecture,,,All,
193291a7-ef90-4d7e-89ac-23e3c5ade088,MECH,2021,2026-2027,1.2,2026-07-19T06:43:29.540140Z,3,5,B,Wednesday,6,14:05,14:55,Finite Element Analysis,ME3551,Dr. R. Ramesh,C126,Main Block,3,Lecture,,,All,
a2eb05bb-2981-4da2-b5ef-169c57cc2cb9,MECH,2021,2026-2027,1.2,2026-07-19T06:43:29.540140Z,3,5,B,Wednesday,7,14:55,15:45,Finite Element Analysis,ME3551,Dr. R. Ramesh,C269,Main Block,3,Lecture,,,All,
7fec4499-fef9-4a14-86fa-59381d5b224b,MECH,2021,2026-2027,1.2,2026-07-19T06:43:29.540140Z,3,5,B,Thursday,1,08:45,09:35,Heat and Mass Transfer,ME3502,Dr. S. Balaji,C190,Main Block,4,Lecture,,,All,
798e80b0-9a15-44fb-9b20-17d698841b36,MECH,2021,2026-2027,1.2,2026-07-19T06:43:29.540140Z,3,5,B,Thursday,2,09:35,10:25,Design of Machine Elements,ME3501,Dr. R. Karthik,C251,Main Block,4,Lecture,,,All,
85b608f5-f215-4253-8380-dc7e4d9c1512,MECH,2021,2026-2027,1.2,2026-07-19T06:43:29.540140Z,3,5,B,Thursday,3,10:45,11:35,Metrology and Measurements,ME3503,Prof. A. Krishnan,C208,Main Block,3,Lecture,,,All,
b22455f5-9bbc-43ff-9844-3bfb2fd51c3d,MECH,2021,2026-2027,1.2,2026-07-19T06:43:29.540140Z,3,5,B,Thursday,4,11:35,12:25,Design of Machine Elements,ME3501,Dr. R. Karthik,C357,Main Block,4,Lecture,,,All,
db335f97-c515-40fa-bfea-9786e4e648bf,MECH,2021,2026-2027,1.2,2026-07-19T06:43:29.540140Z,3,5,B,Thursday,5,13:15,14:05,CAD/CAM Laboratory,ME3511,Prof. V. Rajan,Lab-4,Main Block,2,Lab,Lab-4,,All,
21b0fdd2-374a-4987-8aba-e99896e69931,MECH,2021,2026-2027,1.2,2026-07-19T06:43:29.540140Z,3,5,B,Thursday,6,14:05,14:55,CAD/CAM Laboratory,ME3511,Prof. V. Rajan,Lab-4,Main Block,2,Lab,Lab-4,,All,
4f6b1796-3b4d-4e91-8d1e-5fe4c9e1c093,MECH,2021,2026-2027,1.2,2026-07-19T06:43:29.540140Z,3,5,B,Thursday,7,14:55,15:45,CAD/CAM Laboratory,ME3511,Prof. V. Rajan,Lab-4,Main Block,2,Lab,Lab-4,,All,
44b400be-65b1-49cb-8094-f70becdefe10,MECH,2021,2026-2027,1.2,2026-07-19T06:43:29.540140Z,3,5,B,Friday,1,08:45,09:35,Finite Element Analysis,ME3551,Dr. R. Ramesh,C359,Main Block,3,Lecture,,,All,
4daef9df-f51e-443f-8d93-6aaab6aa140b,MECH,2021,2026-2027,1.2,2026-07-19T06:43:29.540140Z,3,5,B,Friday,2,09:35,10:25,Heat and Mass Transfer,ME3502,Dr. S. Balaji,C378,Main Block,4,Lecture,,,All,
e6b8001c-c374-4ddc-b4c1-64e4779d3f61,MECH,2021,2026-2027,1.2,2026-07-19T06:43:29.540140Z,3,5,B,Friday,3,10:45,11:35,Metrology and Measurements,ME3503,Prof. A. Krishnan,C352,Main Block,3,Lecture,,,All,
09406766-e12f-4d9d-9086-c2553fa6de5d,MECH,2021,2026-2027,1.2,2026-07-19T06:43:29.540140Z,3,5,B,Friday,4,11:35,12:25,Metrology and Measurements,ME3503,Prof. A. Krishnan,C274,Main Block,3,Lecture,,,All,
ceedb71b-8996-4e27-90a5-3ad806030537,MECH,2021,2026-2027,1.2,2026-07-19T06:43:29.540140Z,3,5,B,Friday,5,13:15,14:05,Finite Element Analysis,ME3551,Dr. R. Ramesh,C276,Main Block,3,Lecture,,,All,
e52753be-c295-43e8-aaf0-74589965504d,MECH,2021,2026-2027,1.2,2026-07-19T06:43:29.540140Z,3,5,B,Friday,6,14:05,14:55,Design of Machine Elements,ME3501,Dr. R. Karthik,C136,Main Block,4,Lecture,,,All,
0d8ff248-5a45-457f-9ab9-6c0b3a5bd015,MECH,2021,2026-2027,1.2,2026-07-19T06:43:29.540140Z,3,5,B,Friday,7,14:55,15:45,Heat and Mass Transfer,ME3502,Dr. S. Balaji,C283,Main Block,4,Lecture,,,All,
e1cef4df-a773-4fe2-8a22-241626f8950b,MECH,2021,2026-2027,1.2,2026-07-19T06:43:29.540140Z,3,5,B,Saturday,1,08:45,09:35,Metrology and Measurements,ME3503,Prof. A. Krishnan,C346,Main Block,3,Lecture,,,All,
93743e6e-6840-4b60-8944-3a01f50cafc4,MECH,2021,2026-2027,1.2,2026-07-19T06:43:29.540140Z,3,5,B,Saturday,2,09:35,10:25,Metrology and Measurements,ME3503,Prof. A. Krishnan,C355,Main Block,3,Lecture,,,All,
8aa35d13-f1f4-4ca2-93f0-01245c6941e4,MECH,2021,2026-2027,1.2,2026-07-19T06:43:29.540140Z,3,5,B,Saturday,3,10:45,11:35,Metrology and Measurements,ME3503,Prof. A. Krishnan,C159,Main Block,3,Lecture,,,All,
04c887d4-54c4-4594-8e2d-df95b343a6ed,MECH,2021,2026-2027,1.2,2026-07-19T06:43:29.540140Z,3,5,B,Saturday,4,11:35,12:25,Design of Machine Elements,ME3501,Dr. R. Karthik,C216,Main Block,4,Lecture,,,All,
10c52312-0570-4567-a6d6-5da05b12e06e,MECH,2021,2026-2027,1.2,2026-07-19T06:43:29.540140Z,3,5,B,Saturday,5,13:15,14:05,CAD/CAM Laboratory,ME3511,Prof. V. Rajan,Lab-1,Main Block,2,Lab,Lab-1,,All,
22a1f044-1eb6-4bf7-8606-60360d378c48,MECH,2021,2026-2027,1.2,2026-07-19T06:43:29.540140Z,3,5,B,Saturday,6,14:05,14:55,CAD/CAM Laboratory,ME3511,Prof. V. Rajan,Lab-1,Main Block,2,Lab,Lab-1,,All,
f334f43f-ec23-4cd8-9cef-fd9dd7493849,MECH,2021,2026-2027,1.2,2026-07-19T06:43:29.540140Z,3,5,B,Saturday,7,14:55,15:45,CAD/CAM Laboratory,ME3511,Prof. V. Rajan,Lab-1,Main Block,2,Lab,Lab-1,,All,
2a6146ce-4d1d-4542-86bf-34b24242b252,MECH,2021,2026-2027,1.2,2026-07-19T06:43:29.540140Z,4,7,A,Monday,1,08:45,09:35,Project Work,ME3711,Dr. P. Srinivasan,C234,Main Block,2,Mini Project,,,All,
296f203d-8a93-4811-8a32-205b09d259d1,MECH,2021,2026-2027,1.2,2026-07-19T06:43:29.540140Z,4,7,A,Monday,2,09:35,10:25,Refrigeration and Air Conditioning,ME3702,Dr. R. Krishnan,C359,Main Block,3,Lecture,,,All,
12e6d6f9-ffd4-4785-918f-bc1a8198faad,MECH,2021,2026-2027,1.2,2026-07-19T06:43:29.540140Z,4,7,A,Monday,3,10:45,11:35,Project Work,ME3711,Dr. P. Srinivasan,C226,Main Block,2,Mini Project,,,All,
256a7873-3003-404c-af3d-80f449ffdc80,MECH,2021,2026-2027,1.2,2026-07-19T06:43:29.540140Z,4,7,A,Monday,4,11:35,12:25,Refrigeration and Air Conditioning,ME3702,Dr. R. Krishnan,C285,Main Block,3,Lecture,,,All,
5eff04db-3eb0-4230-8e53-d5ef4d62663d,MECH,2021,2026-2027,1.2,2026-07-19T06:43:29.540140Z,4,7,A,Monday,5,13:15,14:05,Project Work,ME3711,Dr. P. Srinivasan,C311,Main Block,2,Mini Project,,,All,
3e060e27-7999-4b70-8df3-260103bf69d1,MECH,2021,2026-2027,1.2,2026-07-19T06:43:29.540140Z,4,7,A,Monday,6,14:05,14:55,Project Work,ME3711,Dr. P. Srinivasan,C265,Main Block,2,Mini Project,,,All,
0bde951d-9e64-4fa4-8e82-0da565b02e91,MECH,2021,2026-2027,1.2,2026-07-19T06:43:29.540140Z,4,7,A,Monday,7,14:55,15:45,Industrial Engineering,ME3791,Prof. G. Balaji,C115,Main Block,2,Lecture,,,All,
5ef8e302-d101-461c-84cf-96e68396e768,MECH,2021,2026-2027,1.2,2026-07-19T06:43:29.540140Z,4,7,A,Tuesday,1,08:45,09:35,Industrial Engineering,ME3791,Prof. G. Balaji,C154,Main Block,2,Lecture,,,All,
ba352334-128f-4eb2-9e20-3332661098b8,MECH,2021,2026-2027,1.2,2026-07-19T06:43:29.540140Z,4,7,A,Tuesday,2,09:35,10:25,Robotics and Automation,ME3701,Prof. G. Ramesh,C311,Main Block,3,Lecture,,,All,
9da2890f-4393-4b2d-9fec-bd06881276ee,MECH,2021,2026-2027,1.2,2026-07-19T06:43:29.540140Z,4,7,A,Tuesday,3,10:45,11:35,Refrigeration and Air Conditioning,ME3702,Dr. R. Krishnan,C233,Main Block,3,Lecture,,,All,
ac5a29e7-eba2-46d9-b2da-7eed8214de3c,MECH,2021,2026-2027,1.2,2026-07-19T06:43:29.540140Z,4,7,A,Tuesday,4,11:35,12:25,Robotics and Automation,ME3701,Prof. G. Ramesh,C127,Main Block,3,Lecture,,,All,
c05e13df-d062-4631-988c-a76b1fc4658f,MECH,2021,2026-2027,1.2,2026-07-19T06:43:29.540140Z,4,7,A,Tuesday,5,13:15,14:05,Automation Laboratory,ME3712,Dr. K. Srinivasan,Lab-4,Main Block,2,Lab,Lab-4,,All,
2d19b935-f45b-4219-a764-bdc6ff09da04,MECH,2021,2026-2027,1.2,2026-07-19T06:43:29.540140Z,4,7,A,Tuesday,6,14:05,14:55,Automation Laboratory,ME3712,Dr. K. Srinivasan,Lab-4,Main Block,2,Lab,Lab-4,,All,
1b5a9011-e666-45df-a5d8-1d8539b47439,MECH,2021,2026-2027,1.2,2026-07-19T06:43:29.540140Z,4,7,A,Tuesday,7,14:55,15:45,Automation Laboratory,ME3712,Dr. K. Srinivasan,Lab-4,Main Block,2,Lab,Lab-4,,All,
ce9dd9de-c7d6-4b9a-adf9-ae8937f627ce,MECH,2021,2026-2027,1.2,2026-07-19T06:43:29.540140Z,4,7,A,Wednesday,1,08:45,09:35,Robotics and Automation,ME3701,Prof. G. Ramesh,C269,Main Block,3,Lecture,,,All,
4c304192-8987-44b8-8b18-6f366d6c242f,MECH,2021,2026-2027,1.2,2026-07-19T06:43:29.540140Z,4,7,A,Wednesday,2,09:35,10:25,Industrial Engineering,ME3791,Prof. G. Balaji,C233,Main Block,2,Lecture,,,All,
55826018-404a-41be-8514-419f9d868eb0,MECH,2021,2026-2027,1.2,2026-07-19T06:43:29.540140Z,4,7,A,Wednesday,3,10:45,11:35,Project Work,ME3711,Dr. P. Srinivasan,C112,Main Block,2,Mini Project,,,All,
77cc5f2c-ccb0-4c4c-a0f9-337efeb66ca3,MECH,2021,2026-2027,1.2,2026-07-19T06:43:29.540140Z,4,7,A,Wednesday,4,11:35,12:25,Refrigeration and Air Conditioning,ME3702,Dr. R. Krishnan,C269,Main Block,3,Lecture,,,All,
99f4fdde-e534-4e74-9c17-e22873d152d9,MECH,2021,2026-2027,1.2,2026-07-19T06:43:29.540140Z,4,7,A,Wednesday,5,13:15,14:05,Robotics and Automation,ME3701,Prof. G. Ramesh,C356,Main Block,3,Lecture,,,All,
9cc98fff-b7ec-4469-b0b6-c2d471c62e80,MECH,2021,2026-2027,1.2,2026-07-19T06:43:29.540140Z,4,7,A,Wednesday,6,14:05,14:55,Robotics and Automation,ME3701,Prof. G. Ramesh,C353,Main Block,3,Lecture,,,All,
0956d132-6b9c-4d42-a4bf-f206a3868d9b,MECH,2021,2026-2027,1.2,2026-07-19T06:43:29.540140Z,4,7,A,Wednesday,7,14:55,15:45,Project Work,ME3711,Dr. P. Srinivasan,C395,Main Block,2,Mini Project,,,All,
59883c42-8fb7-4796-a96c-054f652063be,MECH,2021,2026-2027,1.2,2026-07-19T06:43:29.540140Z,4,7,A,Thursday,1,08:45,09:35,Refrigeration and Air Conditioning,ME3702,Dr. R. Krishnan,C227,Main Block,3,Lecture,,,All,
8418fb0e-bb6c-4a94-9e28-aefcf8568192,MECH,2021,2026-2027,1.2,2026-07-19T06:43:29.540140Z,4,7,A,Thursday,2,09:35,10:25,Project Work,ME3711,Dr. P. Srinivasan,C120,Main Block,2,Mini Project,,,All,
1e19ff1e-4d91-40cb-a3d9-2d72db6f26fb,MECH,2021,2026-2027,1.2,2026-07-19T06:43:29.540140Z,4,7,A,Thursday,3,10:45,11:35,Robotics and Automation,ME3701,Prof. G. Ramesh,C174,Main Block,3,Lecture,,,All,
735cd499-bd28-48b7-a6a6-8bf671dc7b28,MECH,2021,2026-2027,1.2,2026-07-19T06:43:29.540140Z,4,7,A,Thursday,4,11:35,12:25,Industrial Engineering,ME3791,Prof. G. Balaji,C146,Main Block,2,Lecture,,,All,
31524767-05d3-4e6b-882b-97b3ff207881,MECH,2021,2026-2027,1.2,2026-07-19T06:43:29.540140Z,4,7,A,Thursday,5,13:15,14:05,Automation Laboratory,ME3712,Dr. K. Srinivasan,Lab-9,Main Block,2,Lab,Lab-9,,All,
01e56130-5a54-4d9e-9276-cc57471d91a9,MECH,2021,2026-2027,1.2,2026-07-19T06:43:29.540140Z,4,7,A,Thursday,6,14:05,14:55,Automation Laboratory,ME3712,Dr. K. Srinivasan,Lab-9,Main Block,2,Lab,Lab-9,,All,
21133308-4ed0-4190-acfe-d53904a7490c,MECH,2021,2026-2027,1.2,2026-07-19T06:43:29.540140Z,4,7,A,Thursday,7,14:55,15:45,Automation Laboratory,ME3712,Dr. K. Srinivasan,Lab-9,Main Block,2,Lab,Lab-9,,All,
28364692-c3c1-4e29-ac98-b1ed94f18ee0,MECH,2021,2026-2027,1.2,2026-07-19T06:43:29.540140Z,4,7,A,Friday,1,08:45,09:35,Industrial Engineering,ME3791,Prof. G. Balaji,C183,Main Block,2,Lecture,,,All,
847e3f13-09b9-49e4-8d08-575b257bcb87,MECH,2021,2026-2027,1.2,2026-07-19T06:43:29.540140Z,4,7,A,Friday,2,09:35,10:25,Refrigeration and Air Conditioning,ME3702,Dr. R. Krishnan,C108,Main Block,3,Lecture,,,All,
9ad5dc10-c52f-4dc1-b7e1-a96e261230e4,MECH,2021,2026-2027,1.2,2026-07-19T06:43:29.540140Z,4,7,A,Friday,3,10:45,11:35,Refrigeration and Air Conditioning,ME3702,Dr. R. Krishnan,C219,Main Block,3,Lecture,,,All,
46f04bb3-6a86-4341-9b9e-6d5aba068766,MECH,2021,2026-2027,1.2,2026-07-19T06:43:29.540140Z,4,7,A,Friday,4,11:35,12:25,Refrigeration and Air Conditioning,ME3702,Dr. R. Krishnan,C160,Main Block,3,Lecture,,,All,
6665ed53-c7c6-4c5a-bb1e-df98145c6388,MECH,2021,2026-2027,1.2,2026-07-19T06:43:29.540140Z,4,7,A,Friday,5,13:15,14:05,Refrigeration and Air Conditioning,ME3702,Dr. R. Krishnan,C271,Main Block,3,Lecture,,,All,
fffe8b83-a803-4a3b-b756-021d3cf131ba,MECH,2021,2026-2027,1.2,2026-07-19T06:43:29.540140Z,4,7,A,Friday,6,14:05,14:55,Industrial Engineering,ME3791,Prof. G. Balaji,C275,Main Block,2,Lecture,,,All,
bec54d71-2847-4de9-9d48-6a4416a6f256,MECH,2021,2026-2027,1.2,2026-07-19T06:43:29.540140Z,4,7,A,Friday,7,14:55,15:45,Industrial Engineering,ME3791,Prof. G. Balaji,C125,Main Block,2,Lecture,,,All,
fd24089f-77e1-45a7-b44b-6f4cffc3242a,MECH,2021,2026-2027,1.2,2026-07-19T06:43:29.540140Z,4,7,A,Saturday,1,08:45,09:35,Project Work,ME3711,Dr. P. Srinivasan,C357,Main Block,2,Mini Project,,,All,
75c79ca5-c8d8-4431-bcef-c6fabe1ed119,MECH,2021,2026-2027,1.2,2026-07-19T06:43:29.540140Z,4,7,A,Saturday,2,09:35,10:25,Refrigeration and Air Conditioning,ME3702,Dr. R. Krishnan,C298,Main Block,3,Lecture,,,All,
71032412-7f4c-4dad-80c6-710da1460493,MECH,2021,2026-2027,1.2,2026-07-19T06:43:29.540140Z,4,7,A,Saturday,3,10:45,11:35,Project Work,ME3711,Dr. P. Srinivasan,C274,Main Block,2,Mini Project,,,All,
fdf5e6e3-d868-4b9a-9b0a-12e803c511b3,MECH,2021,2026-2027,1.2,2026-07-19T06:43:29.540140Z,4,7,A,Saturday,4,11:35,12:25,Robotics and Automation,ME3701,Prof. G. Ramesh,C324,Main Block,3,Lecture,,,All,
46712de0-a1b4-4c33-b8ff-ec647cafb35f,MECH,2021,2026-2027,1.2,2026-07-19T06:43:29.540140Z,4,7,A,Saturday,5,13:15,14:05,Automation Laboratory,ME3712,Dr. K. Srinivasan,Lab-2,Main Block,2,Lab,Lab-2,,All,
22ebb485-b1d2-4f0b-9c92-8ab5751c27f8,MECH,2021,2026-2027,1.2,2026-07-19T06:43:29.540140Z,4,7,A,Saturday,6,14:05,14:55,Automation Laboratory,ME3712,Dr. K. Srinivasan,Lab-2,Main Block,2,Lab,Lab-2,,All,
df784e1a-81d8-4baa-8782-cc2c61959c0c,MECH,2021,2026-2027,1.2,2026-07-19T06:43:29.540140Z,4,7,A,Saturday,7,14:55,15:45,Automation Laboratory,ME3712,Dr. K. Srinivasan,Lab-2,Main Block,2,Lab,Lab-2,,All,
c9e7f88d-5ca6-439b-b555-d34d8bee2218,MECH,2021,2026-2027,1.2,2026-07-19T06:43:29.540140Z,4,7,B,Monday,1,08:45,09:35,Project Work,ME3711,Dr. R. Krishnan,C371,Main Block,2,Mini Project,,,All,
677ba186-17f1-44c9-81fc-decc69e66480,MECH,2021,2026-2027,1.2,2026-07-19T06:43:29.540140Z,4,7,B,Monday,2,09:35,10:25,Project Work,ME3711,Dr. R. Krishnan,C140,Main Block,2,Mini Project,,,All,
f4d5df70-cd8f-4e84-9674-2326899eeaea,MECH,2021,2026-2027,1.2,2026-07-19T06:43:29.540140Z,4,7,B,Monday,3,10:45,11:35,Industrial Engineering,ME3791,Prof. G. Kumar,C315,Main Block,2,Lecture,,,All,
6ae198eb-4d2e-4988-bea6-fc51fa842d0e,MECH,2021,2026-2027,1.2,2026-07-19T06:43:29.540140Z,4,7,B,Monday,4,11:35,12:25,Industrial Engineering,ME3791,Prof. G. Kumar,C354,Main Block,2,Lecture,,,All,
5522edc5-9b6c-4abd-a0d9-ff33d4011c67,MECH,2021,2026-2027,1.2,2026-07-19T06:43:29.540140Z,4,7,B,Monday,5,13:15,14:05,Refrigeration and Air Conditioning,ME3702,Dr. S. Karthik,C221,Main Block,3,Lecture,,,All,
2e520bc3-1a4a-4619-a67b-525a72c79b16,MECH,2021,2026-2027,1.2,2026-07-19T06:43:29.540140Z,4,7,B,Monday,6,14:05,14:55,Project Work,ME3711,Dr. R. Krishnan,C235,Main Block,2,Mini Project,,,All,
f09ea7fe-b656-4e40-9b35-92f4c0764af7,MECH,2021,2026-2027,1.2,2026-07-19T06:43:29.540140Z,4,7,B,Monday,7,14:55,15:45,Robotics and Automation,ME3701,Dr. R. Venkatesh,C338,Main Block,3,Lecture,,,All,
8729bbaf-39ca-4471-a0e7-84fd2e9b8e33,MECH,2021,2026-2027,1.2,2026-07-19T06:43:29.540140Z,4,7,B,Tuesday,1,08:45,09:35,Project Work,ME3711,Dr. R. Krishnan,C127,Main Block,2,Mini Project,,,All,
e16bbe81-c240-4a68-a292-ba7660354517,MECH,2021,2026-2027,1.2,2026-07-19T06:43:29.540140Z,4,7,B,Tuesday,2,09:35,10:25,Refrigeration and Air Conditioning,ME3702,Dr. S. Karthik,C334,Main Block,3,Lecture,,,All,
d63e7358-e252-445c-8443-d180a6a5d336,MECH,2021,2026-2027,1.2,2026-07-19T06:43:29.540140Z,4,7,B,Tuesday,3,10:45,11:35,Project Work,ME3711,Dr. R. Krishnan,C167,Main Block,2,Mini Project,,,All,
49696f73-0d6e-44e1-b7a3-c91aa17f1277,MECH,2021,2026-2027,1.2,2026-07-19T06:43:29.540140Z,4,7,B,Tuesday,4,11:35,12:25,Refrigeration and Air Conditioning,ME3702,Dr. S. Karthik,C105,Main Block,3,Lecture,,,All,
ab5b84c7-960d-4baf-af81-ca0f00ffc406,MECH,2021,2026-2027,1.2,2026-07-19T06:43:29.540140Z,4,7,B,Tuesday,5,13:15,14:05,Automation Laboratory,ME3712,Dr. R. Kumar,Lab-3,Main Block,2,Lab,Lab-3,,All,
dd37db07-7502-439a-9797-d035122a3c03,MECH,2021,2026-2027,1.2,2026-07-19T06:43:29.540140Z,4,7,B,Tuesday,6,14:05,14:55,Automation Laboratory,ME3712,Dr. R. Kumar,Lab-3,Main Block,2,Lab,Lab-3,,All,
837a6575-2c5e-4bca-a24b-d2ecd9008a34,MECH,2021,2026-2027,1.2,2026-07-19T06:43:29.540140Z,4,7,B,Tuesday,7,14:55,15:45,Automation Laboratory,ME3712,Dr. R. Kumar,Lab-3,Main Block,2,Lab,Lab-3,,All,
13cbfb85-b876-4bb0-8c78-f7ca4f4b18f8,MECH,2021,2026-2027,1.2,2026-07-19T06:43:29.540140Z,4,7,B,Wednesday,1,08:45,09:35,Industrial Engineering,ME3791,Prof. G. Kumar,C140,Main Block,2,Lecture,,,All,
641bef50-5827-4937-92e2-256185416321,MECH,2021,2026-2027,1.2,2026-07-19T06:43:29.540140Z,4,7,B,Wednesday,2,09:35,10:25,Refrigeration and Air Conditioning,ME3702,Dr. S. Karthik,C239,Main Block,3,Lecture,,,All,
e3104d53-a2e4-482b-9a42-97944601bae9,MECH,2021,2026-2027,1.2,2026-07-19T06:43:29.540140Z,4,7,B,Wednesday,3,10:45,11:35,Project Work,ME3711,Dr. R. Krishnan,C321,Main Block,2,Mini Project,,,All,
37c285c8-edde-4e20-a6cf-5df8ba09c380,MECH,2021,2026-2027,1.2,2026-07-19T06:43:29.540140Z,4,7,B,Wednesday,4,11:35,12:25,Refrigeration and Air Conditioning,ME3702,Dr. S. Karthik,C221,Main Block,3,Lecture,,,All,
0e9c5eb2-f694-47fe-89f3-6e76511bee2f,MECH,2021,2026-2027,1.2,2026-07-19T06:43:29.540140Z,4,7,B,Wednesday,5,13:15,14:05,Robotics and Automation,ME3701,Dr. R. Venkatesh,C176,Main Block,3,Lecture,,,All,
66507b4a-9e81-463c-b8db-b9bc682f7ff8,MECH,2021,2026-2027,1.2,2026-07-19T06:43:29.540140Z,4,7,B,Wednesday,6,14:05,14:55,Industrial Engineering,ME3791,Prof. G. Kumar,C177,Main Block,2,Lecture,,,All,
4c746ab3-0147-4765-8365-d6e725862838,MECH,2021,2026-2027,1.2,2026-07-19T06:43:29.540140Z,4,7,B,Wednesday,7,14:55,15:45,Robotics and Automation,ME3701,Dr. R. Venkatesh,C316,Main Block,3,Lecture,,,All,
9c0a3950-943a-4ebc-b4b4-ef5924c6e900,MECH,2021,2026-2027,1.2,2026-07-19T06:43:29.540140Z,4,7,B,Thursday,1,08:45,09:35,Project Work,ME3711,Dr. R. Krishnan,C252,Main Block,2,Mini Project,,,All,
6e767858-a1c1-43e4-86fe-96eea22acfa9,MECH,2021,2026-2027,1.2,2026-07-19T06:43:29.540140Z,4,7,B,Thursday,2,09:35,10:25,Project Work,ME3711,Dr. R. Krishnan,C389,Main Block,2,Mini Project,,,All,
df02d5e9-00b1-408c-9118-ba44ff658b9b,MECH,2021,2026-2027,1.2,2026-07-19T06:43:29.540140Z,4,7,B,Thursday,3,10:45,11:35,Robotics and Automation,ME3701,Dr. R. Venkatesh,C204,Main Block,3,Lecture,,,All,
26a8c4f9-d748-4c36-94b2-3b45c53558d4,MECH,2021,2026-2027,1.2,2026-07-19T06:43:29.540140Z,4,7,B,Thursday,4,11:35,12:25,Industrial Engineering,ME3791,Prof. G. Kumar,C161,Main Block,2,Lecture,,,All,
fcd2c570-942e-419b-8538-fcfcb35d1d08,MECH,2021,2026-2027,1.2,2026-07-19T06:43:29.540140Z,4,7,B,Thursday,5,13:15,14:05,Automation Laboratory,ME3712,Dr. R. Kumar,Lab-10,Main Block,2,Lab,Lab-10,,All,
60f54c84-f4b0-4dcd-aeb9-784b5d3c8fa8,MECH,2021,2026-2027,1.2,2026-07-19T06:43:29.540140Z,4,7,B,Thursday,6,14:05,14:55,Automation Laboratory,ME3712,Dr. R. Kumar,Lab-10,Main Block,2,Lab,Lab-10,,All,
e8b3f637-8145-426b-b1ba-7e0bbbd1d40e,MECH,2021,2026-2027,1.2,2026-07-19T06:43:29.540140Z,4,7,B,Thursday,7,14:55,15:45,Automation Laboratory,ME3712,Dr. R. Kumar,Lab-10,Main Block,2,Lab,Lab-10,,All,
eaa1a2f1-9c03-431c-bfcd-1d1034aa5605,MECH,2021,2026-2027,1.2,2026-07-19T06:43:29.540140Z,4,7,B,Friday,1,08:45,09:35,Project Work,ME3711,Dr. R. Krishnan,C266,Main Block,2,Mini Project,,,All,
0e22faa8-b532-451e-b964-04b30e44addf,MECH,2021,2026-2027,1.2,2026-07-19T06:43:29.540140Z,4,7,B,Friday,2,09:35,10:25,Refrigeration and Air Conditioning,ME3702,Dr. S. Karthik,C306,Main Block,3,Lecture,,,All,
0a581012-cd08-4770-b189-1acf0340459c,MECH,2021,2026-2027,1.2,2026-07-19T06:43:29.540140Z,4,7,B,Friday,3,10:45,11:35,Robotics and Automation,ME3701,Dr. R. Venkatesh,C367,Main Block,3,Lecture,,,All,
8e2cfc0f-676f-49fd-bd16-0d8229dd9e18,MECH,2021,2026-2027,1.2,2026-07-19T06:43:29.540140Z,4,7,B,Friday,4,11:35,12:25,Refrigeration and Air Conditioning,ME3702,Dr. S. Karthik,C149,Main Block,3,Lecture,,,All,
8fcef867-22e0-4fb6-959b-1772ccafca91,MECH,2021,2026-2027,1.2,2026-07-19T06:43:29.540140Z,4,7,B,Friday,5,13:15,14:05,Project Work,ME3711,Dr. R. Krishnan,C331,Main Block,2,Mini Project,,,All,
2d298581-ed3f-4343-8653-4ed8b7dffedd,MECH,2021,2026-2027,1.2,2026-07-19T06:43:29.540140Z,4,7,B,Friday,6,14:05,14:55,Robotics and Automation,ME3701,Dr. R. Venkatesh,C187,Main Block,3,Lecture,,,All,
7726251d-35dc-4e09-991f-772612a5744f,MECH,2021,2026-2027,1.2,2026-07-19T06:43:29.540140Z,4,7,B,Friday,7,14:55,15:45,Project Work,ME3711,Dr. R. Krishnan,C198,Main Block,2,Mini Project,,,All,
cc6dd81d-dde4-4cf3-8dc3-87c3c6112be4,MECH,2021,2026-2027,1.2,2026-07-19T06:43:29.540140Z,4,7,B,Saturday,1,08:45,09:35,Project Work,ME3711,Dr. R. Krishnan,C269,Main Block,2,Mini Project,,,All,
5cca1d10-c0b6-4209-b4ee-f0d54985f669,MECH,2021,2026-2027,1.2,2026-07-19T06:43:29.540140Z,4,7,B,Saturday,2,09:35,10:25,Project Work,ME3711,Dr. R. Krishnan,C217,Main Block,2,Mini Project,,,All,
64c04568-5c43-49ec-80e7-4bee9682b9c9,MECH,2021,2026-2027,1.2,2026-07-19T06:43:29.540140Z,4,7,B,Saturday,3,10:45,11:35,Industrial Engineering,ME3791,Prof. G. Kumar,C196,Main Block,2,Lecture,,,All,
89e57a51-8db5-4ae4-b524-5f904baf43d7,MECH,2021,2026-2027,1.2,2026-07-19T06:43:29.540140Z,4,7,B,Saturday,4,11:35,12:25,Industrial Engineering,ME3791,Prof. G. Kumar,C186,Main Block,2,Lecture,,,All,
2089498a-b1e0-42fa-8b91-8b816e4730b7,MECH,2021,2026-2027,1.2,2026-07-19T06:43:29.540140Z,4,7,B,Saturday,5,13:15,14:05,Automation Laboratory,ME3712,Dr. R. Kumar,Lab-7,Main Block,2,Lab,Lab-7,,All,
132cfc21-412b-49bd-b100-cdb1230b1cae,MECH,2021,2026-2027,1.2,2026-07-19T06:43:29.540140Z,4,7,B,Saturday,6,14:05,14:55,Automation Laboratory,ME3712,Dr. R. Kumar,Lab-7,Main Block,2,Lab,Lab-7,,All,
a83d1cac-15f5-4258-8f6e-905e38f4dddc,MECH,2021,2026-2027,1.2,2026-07-19T06:43:29.540140Z,4,7,B,Saturday,7,14:55,15:45,Automation Laboratory,ME3712,Dr. R. Kumar,Lab-7,Main Block,2,Lab,Lab-7,,All,
276d884b-4cb0-48a5-81ef-17ebaa94c72c,CIVIL,2021,2026-2027,1.2,2026-07-19T06:43:29.540140Z,1,1,A,Monday,1,08:45,09:35,Engineering Physics,PH3151,Dr. K. Srinivasan,C394,Main Block,3,Lecture,,,All,
490ac124-b759-4285-960c-7d58ac81e394,CIVIL,2021,2026-2027,1.2,2026-07-19T06:43:29.540140Z,1,1,A,Monday,2,09:35,10:25,Professional English - I,HS3152,Dr. S. Krishnan,C225,Main Block,3,Lecture,,,All,
40bb6920-bd4e-4c42-ae91-c6528e62e964,CIVIL,2021,2026-2027,1.2,2026-07-19T06:43:29.540140Z,1,1,A,Monday,3,10:45,11:35,Problem Solving and Python Programming,GE3151,Prof. G. Kumar,C167,Main Block,3,Lecture,,,All,
f72e491d-c922-4132-9a33-a95500026ebe,CIVIL,2021,2026-2027,1.2,2026-07-19T06:43:29.540140Z,1,1,A,Monday,4,11:35,12:25,Heritage of Tamils,GE3152,Dr. P. Venkatesh,C392,Main Block,1,Lecture,,,All,
2c346536-d258-4ae2-add4-bc241d3ea9da,CIVIL,2021,2026-2027,1.2,2026-07-19T06:43:29.540140Z,1,1,A,Monday,5,13:15,14:05,Heritage of Tamils,GE3152,Dr. P. Venkatesh,C301,Main Block,1,Lecture,,,All,
2272f540-8152-41a8-9e48-d3ecc78d2e4f,CIVIL,2021,2026-2027,1.2,2026-07-19T06:43:29.540140Z,1,1,A,Monday,6,14:05,14:55,Matrices and Calculus,MA3151,Dr. S. Karthik,C175,Main Block,4,Lecture,,,All,
93123bd4-c96d-4a6e-8b3f-6d7f226224cf,CIVIL,2021,2026-2027,1.2,2026-07-19T06:43:29.540140Z,1,1,A,Monday,7,14:55,15:45,Problem Solving and Python Programming,GE3151,Prof. G. Kumar,C243,Main Block,3,Lecture,,,All,
293ed40e-d287-4330-bf8f-228ccda61725,CIVIL,2021,2026-2027,1.2,2026-07-19T06:43:29.540140Z,1,1,A,Tuesday,1,08:45,09:35,Problem Solving and Python Programming,GE3151,Prof. G. Kumar,C152,Main Block,3,Lecture,,,All,
259a7fb7-8991-4eb9-b3a7-7ffe9561b122,CIVIL,2021,2026-2027,1.2,2026-07-19T06:43:29.540140Z,1,1,A,Tuesday,2,09:35,10:25,Heritage of Tamils,GE3152,Dr. P. Venkatesh,C106,Main Block,1,Lecture,,,All,
1ff0c029-14c5-4460-b749-18e732a40248,CIVIL,2021,2026-2027,1.2,2026-07-19T06:43:29.540140Z,1,1,A,Tuesday,3,10:45,11:35,Problem Solving and Python Programming,GE3151,Prof. G. Kumar,C397,Main Block,3,Lecture,,,All,
eee89a45-2810-4fcc-b9b2-9c1d2e6c6f5a,CIVIL,2021,2026-2027,1.2,2026-07-19T06:43:29.540140Z,1,1,A,Tuesday,4,11:35,12:25,Matrices and Calculus,MA3151,Dr. S. Karthik,C103,Main Block,4,Lecture,,,All,
63525702-da47-4aa2-af30-52bcf9d1a2ec,CIVIL,2021,2026-2027,1.2,2026-07-19T06:43:29.540140Z,1,1,A,Tuesday,5,13:15,14:05,Programming Laboratory,GE3171,Dr. P. Natarajan,Lab-9,Main Block,2,Lab,Lab-9,,All,
8ea8675b-0ac7-41ad-a903-191257529c60,CIVIL,2021,2026-2027,1.2,2026-07-19T06:43:29.540140Z,1,1,A,Tuesday,6,14:05,14:55,Programming Laboratory,GE3171,Dr. P. Natarajan,Lab-9,Main Block,2,Lab,Lab-9,,All,
58afb0e9-6fb9-44d9-a054-a086760acdf6,CIVIL,2021,2026-2027,1.2,2026-07-19T06:43:29.540140Z,1,1,A,Tuesday,7,14:55,15:45,Programming Laboratory,GE3171,Dr. P. Natarajan,Lab-9,Main Block,2,Lab,Lab-9,,All,
98f1c14b-67bc-477f-b579-eb310b083695,CIVIL,2021,2026-2027,1.2,2026-07-19T06:43:29.540140Z,1,1,A,Wednesday,1,08:45,09:35,Engineering Physics,PH3151,Dr. K. Srinivasan,C308,Main Block,3,Lecture,,,All,
d5021335-45d9-4214-b84f-661608631ef1,CIVIL,2021,2026-2027,1.2,2026-07-19T06:43:29.540140Z,1,1,A,Wednesday,2,09:35,10:25,Problem Solving and Python Programming,GE3151,Prof. G. Kumar,C308,Main Block,3,Lecture,,,All,
f4446a06-128e-4d9f-8786-7013e6a7f0ec,CIVIL,2021,2026-2027,1.2,2026-07-19T06:43:29.540140Z,1,1,A,Wednesday,3,10:45,11:35,Heritage of Tamils,GE3152,Dr. P. Venkatesh,C287,Main Block,1,Lecture,,,All,
89351f2b-8ad1-4479-a007-ab256619e79a,CIVIL,2021,2026-2027,1.2,2026-07-19T06:43:29.540140Z,1,1,A,Wednesday,4,11:35,12:25,Problem Solving and Python Programming,GE3151,Prof. G. Kumar,C340,Main Block,3,Lecture,,,All,
b09248ca-b105-46c4-9df1-bd1c3effa1ec,CIVIL,2021,2026-2027,1.2,2026-07-19T06:43:29.540140Z,1,1,A,Wednesday,5,13:15,14:05,Engineering Chemistry,CY3151,Prof. G. Natarajan,C249,Main Block,3,Lecture,,,All,
8423bdc7-49b4-4368-ac3a-3b29c476bde0,CIVIL,2021,2026-2027,1.2,2026-07-19T06:43:29.540140Z,1,1,A,Wednesday,6,14:05,14:55,Heritage of Tamils,GE3152,Dr. P. Venkatesh,C155,Main Block,1,Lecture,,,All,
d8585fce-faa7-4703-acc4-b0eed7432c25,CIVIL,2021,2026-2027,1.2,2026-07-19T06:43:29.540140Z,1,1,A,Wednesday,7,14:55,15:45,Heritage of Tamils,GE3152,Dr. P. Venkatesh,C245,Main Block,1,Lecture,,,All,
bdcbafe3-32c9-430e-9ace-d0741117af67,CIVIL,2021,2026-2027,1.2,2026-07-19T06:43:29.540140Z,1,1,A,Thursday,1,08:45,09:35,Engineering Physics,PH3151,Dr. K. Srinivasan,C151,Main Block,3,Lecture,,,All,
6be28a87-ff45-4761-993f-194ac86ad853,CIVIL,2021,2026-2027,1.2,2026-07-19T06:43:29.540140Z,1,1,A,Thursday,2,09:35,10:25,Problem Solving and Python Programming,GE3151,Prof. G. Kumar,C140,Main Block,3,Lecture,,,All,
2e6dab28-f97f-43d9-91fd-c9784ba6241f,CIVIL,2021,2026-2027,1.2,2026-07-19T06:43:29.540140Z,1,1,A,Thursday,3,10:45,11:35,Heritage of Tamils,GE3152,Dr. P. Venkatesh,C238,Main Block,1,Lecture,,,All,
3767e2d2-94bd-4288-b768-61f32b348f18,CIVIL,2021,2026-2027,1.2,2026-07-19T06:43:29.540140Z,1,1,A,Thursday,4,11:35,12:25,Professional English - I,HS3152,Dr. S. Krishnan,C278,Main Block,3,Lecture,,,All,
754854f1-0421-4d3d-a935-90d2c5acf0c7,CIVIL,2021,2026-2027,1.2,2026-07-19T06:43:29.540140Z,1,1,A,Thursday,5,13:15,14:05,Physics and Chemistry Laboratory,BS3171,Prof. V. Balaji,Lab-4,Main Block,2,Lab,Lab-4,,All,
49e0ab96-9fd1-4610-86d3-3996e1e1098e,CIVIL,2021,2026-2027,1.2,2026-07-19T06:43:29.540140Z,1,1,A,Thursday,6,14:05,14:55,Physics and Chemistry Laboratory,BS3171,Prof. V. Balaji,Lab-4,Main Block,2,Lab,Lab-4,,All,
ab498151-ab83-40bb-90f6-6162b8202491,CIVIL,2021,2026-2027,1.2,2026-07-19T06:43:29.540140Z,1,1,A,Thursday,7,14:55,15:45,Physics and Chemistry Laboratory,BS3171,Prof. V. Balaji,Lab-4,Main Block,2,Lab,Lab-4,,All,
4c0ee028-bd8f-4bd1-a2a8-6672458066fa,CIVIL,2021,2026-2027,1.2,2026-07-19T06:43:29.540140Z,1,1,A,Friday,1,08:45,09:35,Engineering Physics,PH3151,Dr. K. Srinivasan,C371,Main Block,3,Lecture,,,All,
4cf51575-0f67-4879-bb65-5093247db6eb,CIVIL,2021,2026-2027,1.2,2026-07-19T06:43:29.540140Z,1,1,A,Friday,2,09:35,10:25,Engineering Physics,PH3151,Dr. K. Srinivasan,C105,Main Block,3,Lecture,,,All,
d67117d6-8189-42b0-85e2-90f2cb934644,CIVIL,2021,2026-2027,1.2,2026-07-19T06:43:29.540140Z,1,1,A,Friday,3,10:45,11:35,Heritage of Tamils,GE3152,Dr. P. Venkatesh,C200,Main Block,1,Lecture,,,All,
a3fb7bac-706d-46cc-9ff0-d34bfb71f15c,CIVIL,2021,2026-2027,1.2,2026-07-19T06:43:29.540140Z,1,1,A,Friday,4,11:35,12:25,Engineering Chemistry,CY3151,Prof. G. Natarajan,C334,Main Block,3,Lecture,,,All,
1ef82137-0c98-4577-a7ac-8f3a3700345a,CIVIL,2021,2026-2027,1.2,2026-07-19T06:43:29.540140Z,1,1,A,Friday,5,13:15,14:05,Heritage of Tamils,GE3152,Dr. P. Venkatesh,C261,Main Block,1,Lecture,,,All,
f0245777-16df-44c0-b941-82bc7ea5a2b2,CIVIL,2021,2026-2027,1.2,2026-07-19T06:43:29.540140Z,1,1,A,Friday,6,14:05,14:55,Engineering Physics,PH3151,Dr. K. Srinivasan,C319,Main Block,3,Lecture,,,All,
4bc5332e-1568-4391-b495-e9476935993f,CIVIL,2021,2026-2027,1.2,2026-07-19T06:43:29.540140Z,1,1,A,Friday,7,14:55,15:45,Engineering Chemistry,CY3151,Prof. G. Natarajan,C368,Main Block,3,Lecture,,,All,
0bcbda5e-650b-47bc-83b1-a883c9e7e191,CIVIL,2021,2026-2027,1.2,2026-07-19T06:43:29.540140Z,1,1,A,Saturday,1,08:45,09:35,Engineering Chemistry,CY3151,Prof. G. Natarajan,C205,Main Block,3,Lecture,,,All,
e606c208-9e5c-4e7c-b29d-dd0f4567eb5b,CIVIL,2021,2026-2027,1.2,2026-07-19T06:43:29.540140Z,1,1,A,Saturday,2,09:35,10:25,Engineering Chemistry,CY3151,Prof. G. Natarajan,C233,Main Block,3,Lecture,,,All,
fd7e9def-e534-460f-aa43-fcdcada54f2f,CIVIL,2021,2026-2027,1.2,2026-07-19T06:43:29.540140Z,1,1,A,Saturday,3,10:45,11:35,Engineering Physics,PH3151,Dr. K. Srinivasan,C201,Main Block,3,Lecture,,,All,
afbf1176-377e-47ab-9980-0dfcc16507e9,CIVIL,2021,2026-2027,1.2,2026-07-19T06:43:29.540140Z,1,1,A,Saturday,4,11:35,12:25,Engineering Physics,PH3151,Dr. K. Srinivasan,C122,Main Block,3,Lecture,,,All,
e9d52caa-714c-41ec-bcf0-9c145900d9a2,CIVIL,2021,2026-2027,1.2,2026-07-19T06:43:29.540140Z,1,1,A,Saturday,5,13:15,14:05,English Laboratory,GE3172,Dr. S. Ramesh,Lab-7,Main Block,1,Lab,Lab-7,,All,
8ff2c36c-9536-4390-9549-1f1fd89a7c6c,CIVIL,2021,2026-2027,1.2,2026-07-19T06:43:29.540140Z,1,1,A,Saturday,6,14:05,14:55,English Laboratory,GE3172,Dr. S. Ramesh,Lab-7,Main Block,1,Lab,Lab-7,,All,
17e6f835-c252-485a-b239-b102ddcd3928,CIVIL,2021,2026-2027,1.2,2026-07-19T06:43:29.540140Z,1,1,A,Saturday,7,14:55,15:45,English Laboratory,GE3172,Dr. S. Ramesh,Lab-7,Main Block,1,Lab,Lab-7,,All,
16ae8ed1-9f9d-48be-8489-86e1f962ea89,CIVIL,2021,2026-2027,1.2,2026-07-19T06:43:29.540140Z,1,1,B,Monday,1,08:45,09:35,Heritage of Tamils,GE3152,Prof. A. Ramesh,C392,Main Block,1,Lecture,,,All,
60c1e467-b373-4e20-91d5-19fbb8fd71d9,CIVIL,2021,2026-2027,1.2,2026-07-19T06:43:29.540140Z,1,1,B,Monday,2,09:35,10:25,Engineering Chemistry,CY3151,Dr. S. Ramesh,C180,Main Block,3,Lecture,,,All,
acb5efc7-2537-470c-911f-4cf99762000a,CIVIL,2021,2026-2027,1.2,2026-07-19T06:43:29.540140Z,1,1,B,Monday,3,10:45,11:35,Matrices and Calculus,MA3151,Dr. M. Karthik,C161,Main Block,4,Lecture,,,All,
335dd624-c0f6-4d0c-bd17-5d9758dde2e2,CIVIL,2021,2026-2027,1.2,2026-07-19T06:43:29.540140Z,1,1,B,Monday,4,11:35,12:25,Problem Solving and Python Programming,GE3151,Dr. R. Sundaram,C137,Main Block,3,Lecture,,,All,
2f606e15-404c-40ba-bf6f-f401ac44204b,CIVIL,2021,2026-2027,1.2,2026-07-19T06:43:29.540140Z,1,1,B,Monday,5,13:15,14:05,Problem Solving and Python Programming,GE3151,Dr. R. Sundaram,C112,Main Block,3,Lecture,,,All,
1b08d49e-50b7-4c8f-9f7e-570026bdc3d6,CIVIL,2021,2026-2027,1.2,2026-07-19T06:43:29.540140Z,1,1,B,Monday,6,14:05,14:55,Problem Solving and Python Programming,GE3151,Dr. R. Sundaram,C140,Main Block,3,Lecture,,,All,
5a4bd445-48bd-4104-8a9f-f0994503ba52,CIVIL,2021,2026-2027,1.2,2026-07-19T06:43:29.540140Z,1,1,B,Monday,7,14:55,15:45,Matrices and Calculus,MA3151,Dr. M. Karthik,C293,Main Block,4,Lecture,,,All,
3cc707db-6ece-470f-9729-6e0194ca5f8d,CIVIL,2021,2026-2027,1.2,2026-07-19T06:43:29.540140Z,1,1,B,Tuesday,1,08:45,09:35,Engineering Physics,PH3151,Dr. P. Natarajan,C209,Main Block,3,Lecture,,,All,
76a3d945-46fe-4ac7-8569-7fbbd0e4abbf,CIVIL,2021,2026-2027,1.2,2026-07-19T06:43:29.540140Z,1,1,B,Tuesday,2,09:35,10:25,Professional English - I,HS3152,Dr. M. Srinivasan,C260,Main Block,3,Lecture,,,All,
aefc68bd-71f9-47e3-a15a-4d8f8ac62227,CIVIL,2021,2026-2027,1.2,2026-07-19T06:43:29.540140Z,1,1,B,Tuesday,3,10:45,11:35,Engineering Physics,PH3151,Dr. P. Natarajan,C198,Main Block,3,Lecture,,,All,
7aa90e8d-828b-49bf-bd92-186b37632808,CIVIL,2021,2026-2027,1.2,2026-07-19T06:43:29.540140Z,1,1,B,Tuesday,4,11:35,12:25,Engineering Chemistry,CY3151,Dr. S. Ramesh,C169,Main Block,3,Lecture,,,All,
00d933cd-a6a3-467e-9b98-8d0091bd782d,CIVIL,2021,2026-2027,1.2,2026-07-19T06:43:29.540140Z,1,1,B,Tuesday,5,13:15,14:05,Programming Laboratory,GE3171,Dr. R. Kumar,Lab-1,Main Block,2,Lab,Lab-1,,All,
4dec78ae-aeb7-49c3-87a7-bee62aa9bac5,CIVIL,2021,2026-2027,1.2,2026-07-19T06:43:29.540140Z,1,1,B,Tuesday,6,14:05,14:55,Programming Laboratory,GE3171,Dr. R. Kumar,Lab-1,Main Block,2,Lab,Lab-1,,All,
8dd35a00-b937-445a-80e9-e0b222ccef29,CIVIL,2021,2026-2027,1.2,2026-07-19T06:43:29.540140Z,1,1,B,Tuesday,7,14:55,15:45,Programming Laboratory,GE3171,Dr. R. Kumar,Lab-1,Main Block,2,Lab,Lab-1,,All,
8fff8f86-7a83-4e70-aeda-91c5ca03b475,CIVIL,2021,2026-2027,1.2,2026-07-19T06:43:29.540140Z,1,1,B,Wednesday,1,08:45,09:35,Problem Solving and Python Programming,GE3151,Dr. R. Sundaram,C138,Main Block,3,Lecture,,,All,
33bf1c7f-d531-4914-b54b-c488ea7fc650,CIVIL,2021,2026-2027,1.2,2026-07-19T06:43:29.540140Z,1,1,B,Wednesday,2,09:35,10:25,Matrices and Calculus,MA3151,Dr. M. Karthik,C401,Main Block,4,Lecture,,,All,
074c2b43-ac47-42b4-bf7c-c2fe6c6f1133,CIVIL,2021,2026-2027,1.2,2026-07-19T06:43:29.540140Z,1,1,B,Wednesday,3,10:45,11:35,Heritage of Tamils,GE3152,Prof. A. Ramesh,C324,Main Block,1,Lecture,,,All,
19f77d42-1b8e-4b95-aff1-da8f6d4153bf,CIVIL,2021,2026-2027,1.2,2026-07-19T06:43:29.540140Z,1,1,B,Wednesday,4,11:35,12:25,Engineering Chemistry,CY3151,Dr. S. Ramesh,C291,Main Block,3,Lecture,,,All,
c44f84e5-8e4a-4588-a26c-d45a1ca36998,CIVIL,2021,2026-2027,1.2,2026-07-19T06:43:29.540140Z,1,1,B,Wednesday,5,13:15,14:05,Matrices and Calculus,MA3151,Dr. M. Karthik,C102,Main Block,4,Lecture,,,All,
a2749e22-13a1-4557-99b8-a023ebd32346,CIVIL,2021,2026-2027,1.2,2026-07-19T06:43:29.540140Z,1,1,B,Wednesday,6,14:05,14:55,Engineering Chemistry,CY3151,Dr. S. Ramesh,C166,Main Block,3,Lecture,,,All,
6121180b-ab5d-451b-b0b7-14c437debeae,CIVIL,2021,2026-2027,1.2,2026-07-19T06:43:29.540140Z,1,1,B,Wednesday,7,14:55,15:45,Engineering Chemistry,CY3151,Dr. S. Ramesh,C185,Main Block,3,Lecture,,,All,
19dac4bb-edb9-4ab4-8a6d-064f5465b7d6,CIVIL,2021,2026-2027,1.2,2026-07-19T06:43:29.540140Z,1,1,B,Thursday,1,08:45,09:35,Engineering Chemistry,CY3151,Dr. S. Ramesh,C147,Main Block,3,Lecture,,,All,
0fb3193f-9755-4d21-9965-7b1913cc3400,CIVIL,2021,2026-2027,1.2,2026-07-19T06:43:29.540140Z,1,1,B,Thursday,2,09:35,10:25,Engineering Chemistry,CY3151,Dr. S. Ramesh,C121,Main Block,3,Lecture,,,All,
abc074c4-f1cc-40d2-9edc-8d603ee43a39,CIVIL,2021,2026-2027,1.2,2026-07-19T06:43:29.540140Z,1,1,B,Thursday,3,10:45,11:35,Heritage of Tamils,GE3152,Prof. A. Ramesh,C262,Main Block,1,Lecture,,,All,
eacd19cf-d38f-4d6d-940e-03c359d1a589,CIVIL,2021,2026-2027,1.2,2026-07-19T06:43:29.540140Z,1,1,B,Thursday,4,11:35,12:25,Engineering Physics,PH3151,Dr. P. Natarajan,C218,Main Block,3,Lecture,,,All,
2a0859ed-61fc-4d41-b849-7fbd5ef61004,CIVIL,2021,2026-2027,1.2,2026-07-19T06:43:29.540140Z,1,1,B,Thursday,5,13:15,14:05,Physics and Chemistry Laboratory,BS3171,Dr. M. Srinivasan,Lab-10,Main Block,2,Lab,Lab-10,,All,
76818276-1b90-4aac-99c1-3971089725fc,CIVIL,2021,2026-2027,1.2,2026-07-19T06:43:29.540140Z,1,1,B,Thursday,6,14:05,14:55,Physics and Chemistry Laboratory,BS3171,Dr. M. Srinivasan,Lab-10,Main Block,2,Lab,Lab-10,,All,
ca68e1df-f4a8-4223-b428-3fe94e9ccf43,CIVIL,2021,2026-2027,1.2,2026-07-19T06:43:29.540140Z,1,1,B,Thursday,7,14:55,15:45,Physics and Chemistry Laboratory,BS3171,Dr. M. Srinivasan,Lab-10,Main Block,2,Lab,Lab-10,,All,
7db6bbb1-6cc4-4f17-83b6-a4d5ff68525a,CIVIL,2021,2026-2027,1.2,2026-07-19T06:43:29.540140Z,1,1,B,Friday,1,08:45,09:35,Heritage of Tamils,GE3152,Prof. A. Ramesh,C124,Main Block,1,Lecture,,,All,
e0f7b1d2-4a5d-4424-aba1-4c78e336d4fe,CIVIL,2021,2026-2027,1.2,2026-07-19T06:43:29.540140Z,1,1,B,Friday,2,09:35,10:25,Engineering Chemistry,CY3151,Dr. S. Ramesh,C186,Main Block,3,Lecture,,,All,
7ffc6a11-798a-4971-8a34-a73d6d749877,CIVIL,2021,2026-2027,1.2,2026-07-19T06:43:29.540140Z,1,1,B,Friday,3,10:45,11:35,Heritage of Tamils,GE3152,Prof. A. Ramesh,C108,Main Block,1,Lecture,,,All,
c5d36f65-72aa-4b58-8a78-677942256959,CIVIL,2021,2026-2027,1.2,2026-07-19T06:43:29.540140Z,1,1,B,Friday,4,11:35,12:25,Heritage of Tamils,GE3152,Prof. A. Ramesh,C104,Main Block,1,Lecture,,,All,
b0401aaf-74a1-4a26-b6e0-ef1b1d6d1a58,CIVIL,2021,2026-2027,1.2,2026-07-19T06:43:29.540140Z,1,1,B,Friday,5,13:15,14:05,Heritage of Tamils,GE3152,Prof. A. Ramesh,C162,Main Block,1,Lecture,,,All,
463a16a3-ea60-4806-a388-470d341b38ea,CIVIL,2021,2026-2027,1.2,2026-07-19T06:43:29.540140Z,1,1,B,Friday,6,14:05,14:55,Heritage of Tamils,GE3152,Prof. A. Ramesh,C239,Main Block,1,Lecture,,,All,
bb10c736-0d5f-4a4a-97b8-139070b71b48,CIVIL,2021,2026-2027,1.2,2026-07-19T06:43:29.540140Z,1,1,B,Friday,7,14:55,15:45,Matrices and Calculus,MA3151,Dr. M. Karthik,C339,Main Block,4,Lecture,,,All,
afda0af9-e131-4014-8589-a6a4666d9e01,CIVIL,2021,2026-2027,1.2,2026-07-19T06:43:29.540140Z,1,1,B,Saturday,1,08:45,09:35,Engineering Physics,PH3151,Dr. P. Natarajan,C107,Main Block,3,Lecture,,,All,
800978be-f905-475c-bcf1-0db464cd470e,CIVIL,2021,2026-2027,1.2,2026-07-19T06:43:29.540140Z,1,1,B,Saturday,2,09:35,10:25,Professional English - I,HS3152,Dr. M. Srinivasan,C310,Main Block,3,Lecture,,,All,
c1195c73-15db-491b-a7f8-77e25e000a8d,CIVIL,2021,2026-2027,1.2,2026-07-19T06:43:29.540140Z,1,1,B,Saturday,3,10:45,11:35,Heritage of Tamils,GE3152,Prof. A. Ramesh,C402,Main Block,1,Lecture,,,All,
39dbab38-975c-42f3-a1f8-bb56c4d662e0,CIVIL,2021,2026-2027,1.2,2026-07-19T06:43:29.540140Z,1,1,B,Saturday,4,11:35,12:25,Engineering Chemistry,CY3151,Dr. S. Ramesh,C151,Main Block,3,Lecture,,,All,
af212724-5317-4b13-821c-9d0294b2fce1,CIVIL,2021,2026-2027,1.2,2026-07-19T06:43:29.540140Z,1,1,B,Saturday,5,13:15,14:05,English Laboratory,GE3172,Dr. S. Kumar,Lab-4,Main Block,1,Lab,Lab-4,,All,
2bbff653-089f-4ebf-915c-e549dd1ced5e,CIVIL,2021,2026-2027,1.2,2026-07-19T06:43:29.540140Z,1,1,B,Saturday,6,14:05,14:55,English Laboratory,GE3172,Dr. S. Kumar,Lab-4,Main Block,1,Lab,Lab-4,,All,
b6759ca8-fa9b-4639-a024-eb6ddee631b1,CIVIL,2021,2026-2027,1.2,2026-07-19T06:43:29.540140Z,1,1,B,Saturday,7,14:55,15:45,English Laboratory,GE3172,Dr. S. Kumar,Lab-4,Main Block,1,Lab,Lab-4,,All,
5be65cfd-1281-46fd-97ba-260caa7237e9,CIVIL,2021,2026-2027,1.2,2026-07-19T06:43:29.540140Z,2,3,A,Monday,1,08:45,09:35,Strength of Materials I,CE3351,Dr. P. Sundaram,C136,Main Block,4,Lecture,,,All,
2629f4d5-c99c-4fd3-bf7d-2203eaa40613,CIVIL,2021,2026-2027,1.2,2026-07-19T06:43:29.540140Z,2,3,A,Monday,2,09:35,10:25,Construction Materials,CE3352,Dr. M. Venkatesh,C192,Main Block,3,Lecture,,,All,
93c74a54-0b07-4fed-aba3-71bafc40e8fd,CIVIL,2021,2026-2027,1.2,2026-07-19T06:43:29.540140Z,2,3,A,Monday,3,10:45,11:35,Fluid Mechanics,CE3301,Dr. K. Natarajan,C258,Main Block,4,Lecture,,,All,
cd1d53bb-6396-4bc1-a7ac-cbdfdabd99d8,CIVIL,2021,2026-2027,1.2,2026-07-19T06:43:29.540140Z,2,3,A,Monday,4,11:35,12:25,Strength of Materials I,CE3351,Dr. P. Sundaram,C120,Main Block,4,Lecture,,,All,
4788bcc7-7bdf-46ca-8184-b64df0a6ebd6,CIVIL,2021,2026-2027,1.2,2026-07-19T06:43:29.540140Z,2,3,A,Monday,5,13:15,14:05,Surveying,CE3302,Dr. M. Venkatesh,C247,Main Block,3,Lecture,,,All,
4c5af312-8976-457f-a2c3-1dd8f865f85f,CIVIL,2021,2026-2027,1.2,2026-07-19T06:43:29.540140Z,2,3,A,Monday,6,14:05,14:55,Surveying,CE3302,Dr. M. Venkatesh,C213,Main Block,3,Lecture,,,All,
dd4ffd4a-5b57-43e5-980a-c25b870019f6,CIVIL,2021,2026-2027,1.2,2026-07-19T06:43:29.540140Z,2,3,A,Monday,7,14:55,15:45,Fluid Mechanics,CE3301,Dr. K. Natarajan,C169,Main Block,4,Lecture,,,All,
78831827-b81b-4112-8470-0f7658a38a8e,CIVIL,2021,2026-2027,1.2,2026-07-19T06:43:29.540140Z,2,3,A,Tuesday,1,08:45,09:35,Strength of Materials I,CE3351,Dr. P. Sundaram,C239,Main Block,4,Lecture,,,All,
118a6d27-6c04-4155-a0a8-596c0a110685,CIVIL,2021,2026-2027,1.2,2026-07-19T06:43:29.540140Z,2,3,A,Tuesday,2,09:35,10:25,Construction Materials,CE3352,Dr. M. Venkatesh,C386,Main Block,3,Lecture,,,All,
a9310163-5793-47b9-8282-7db4f2938e51,CIVIL,2021,2026-2027,1.2,2026-07-19T06:43:29.540140Z,2,3,A,Tuesday,3,10:45,11:35,Fluid Mechanics,CE3301,Dr. K. Natarajan,C384,Main Block,4,Lecture,,,All,
95ff1696-63ac-448c-8dc8-42911e10d04f,CIVIL,2021,2026-2027,1.2,2026-07-19T06:43:29.540140Z,2,3,A,Tuesday,4,11:35,12:25,Surveying,CE3302,Dr. M. Venkatesh,C189,Main Block,3,Lecture,,,All,
506f12b3-7fa8-4a42-a86f-788af8b9ae61,CIVIL,2021,2026-2027,1.2,2026-07-19T06:43:29.540140Z,2,3,A,Tuesday,5,13:15,14:05,Surveying Laboratory,CE3311,Prof. A. Ramesh,Lab-5,Main Block,2,Lab,Lab-5,,All,
c071784f-6475-4d6c-b0b1-88705cc56262,CIVIL,2021,2026-2027,1.2,2026-07-19T06:43:29.540140Z,2,3,A,Tuesday,6,14:05,14:55,Surveying Laboratory,CE3311,Prof. A. Ramesh,Lab-5,Main Block,2,Lab,Lab-5,,All,
e446de65-4ed4-4ed5-8d3c-acbca68056d5,CIVIL,2021,2026-2027,1.2,2026-07-19T06:43:29.540140Z,2,3,A,Tuesday,7,14:55,15:45,Surveying Laboratory,CE3311,Prof. A. Ramesh,Lab-5,Main Block,2,Lab,Lab-5,,All,
379ffade-29a6-4f29-b6ed-07a901c7b4bd,CIVIL,2021,2026-2027,1.2,2026-07-19T06:43:29.540140Z,2,3,A,Wednesday,1,08:45,09:35,Fluid Mechanics,CE3301,Dr. K. Natarajan,C399,Main Block,4,Lecture,,,All,
5a53d06d-5731-4d8b-a641-05656c7eeb3f,CIVIL,2021,2026-2027,1.2,2026-07-19T06:43:29.540140Z,2,3,A,Wednesday,2,09:35,10:25,Surveying,CE3302,Dr. M. Venkatesh,C135,Main Block,3,Lecture,,,All,
7c05fc85-4f98-44fa-955b-9a6869a6cc5a,CIVIL,2021,2026-2027,1.2,2026-07-19T06:43:29.540140Z,2,3,A,Wednesday,3,10:45,11:35,Construction Materials,CE3352,Dr. M. Venkatesh,C175,Main Block,3,Lecture,,,All,
e1b46e6e-cd18-48fb-98bb-0f0071f309ad,CIVIL,2021,2026-2027,1.2,2026-07-19T06:43:29.540140Z,2,3,A,Wednesday,4,11:35,12:25,Surveying,CE3302,Dr. M. Venkatesh,C118,Main Block,3,Lecture,,,All,
1555b7cb-9704-445e-8c39-27239b9edd6e,CIVIL,2021,2026-2027,1.2,2026-07-19T06:43:29.540140Z,2,3,A,Wednesday,5,13:15,14:05,Surveying,CE3302,Dr. M. Venkatesh,C317,Main Block,3,Lecture,,,All,
ccbd200a-fc91-4e3e-b9c2-883b5e41de45,CIVIL,2021,2026-2027,1.2,2026-07-19T06:43:29.540140Z,2,3,A,Wednesday,6,14:05,14:55,Construction Materials,CE3352,Dr. M. Venkatesh,C374,Main Block,3,Lecture,,,All,
69b36380-444f-4f61-a386-5a279408ff24,CIVIL,2021,2026-2027,1.2,2026-07-19T06:43:29.540140Z,2,3,A,Wednesday,7,14:55,15:45,Strength of Materials I,CE3351,Dr. P. Sundaram,C350,Main Block,4,Lecture,,,All,
1097f61b-00b2-458a-ad67-7fb0d3aacecf,CIVIL,2021,2026-2027,1.2,2026-07-19T06:43:29.540140Z,2,3,A,Thursday,1,08:45,09:35,Strength of Materials I,CE3351,Dr. P. Sundaram,C261,Main Block,4,Lecture,,,All,
21fd6553-4771-4808-9ff2-76ca1478da14,CIVIL,2021,2026-2027,1.2,2026-07-19T06:43:29.540140Z,2,3,A,Thursday,2,09:35,10:25,Strength of Materials I,CE3351,Dr. P. Sundaram,C378,Main Block,4,Lecture,,,All,
447ddc30-ed02-4cff-b9fd-9dc2c9d78282,CIVIL,2021,2026-2027,1.2,2026-07-19T06:43:29.540140Z,2,3,A,Thursday,3,10:45,11:35,Fluid Mechanics,CE3301,Dr. K. Natarajan,C301,Main Block,4,Lecture,,,All,
b5d73f24-22d1-440e-8412-4d2d3b045e8b,CIVIL,2021,2026-2027,1.2,2026-07-19T06:43:29.540140Z,2,3,A,Thursday,4,11:35,12:25,Fluid Mechanics,CE3301,Dr. K. Natarajan,C231,Main Block,4,Lecture,,,All,
16ac5de8-403f-4d39-a7b2-817f97e7ac00,CIVIL,2021,2026-2027,1.2,2026-07-19T06:43:29.540140Z,2,3,A,Thursday,5,13:15,14:05,Surveying Laboratory,CE3311,Prof. A. Ramesh,Lab-9,Main Block,2,Lab,Lab-9,,All,
e322f804-ff98-4d18-b6c4-cb58af2b2573,CIVIL,2021,2026-2027,1.2,2026-07-19T06:43:29.540140Z,2,3,A,Thursday,6,14:05,14:55,Surveying Laboratory,CE3311,Prof. A. Ramesh,Lab-9,Main Block,2,Lab,Lab-9,,All,
590019aa-db4a-4b7c-9293-5491be0e748c,CIVIL,2021,2026-2027,1.2,2026-07-19T06:43:29.540140Z,2,3,A,Thursday,7,14:55,15:45,Surveying Laboratory,CE3311,Prof. A. Ramesh,Lab-9,Main Block,2,Lab,Lab-9,,All,
3098c24e-c7d8-4498-9ddd-e261ad2faa24,CIVIL,2021,2026-2027,1.2,2026-07-19T06:43:29.540140Z,2,3,A,Friday,1,08:45,09:35,Fluid Mechanics,CE3301,Dr. K. Natarajan,C237,Main Block,4,Lecture,,,All,
34171ab2-59b0-48e7-8a13-7d7c2d806213,CIVIL,2021,2026-2027,1.2,2026-07-19T06:43:29.540140Z,2,3,A,Friday,2,09:35,10:25,Surveying,CE3302,Dr. M. Venkatesh,C319,Main Block,3,Lecture,,,All,
42062700-4886-43df-8a71-481864703d40,CIVIL,2021,2026-2027,1.2,2026-07-19T06:43:29.540140Z,2,3,A,Friday,3,10:45,11:35,Fluid Mechanics,CE3301,Dr. K. Natarajan,C113,Main Block,4,Lecture,,,All,
021a2d22-fdf7-4387-88a2-368f291af574,CIVIL,2021,2026-2027,1.2,2026-07-19T06:43:29.540140Z,2,3,A,Friday,4,11:35,12:25,Construction Materials,CE3352,Dr. M. Venkatesh,C228,Main Block,3,Lecture,,,All,
935c1ef3-4187-4437-8af8-504b42ef7a10,CIVIL,2021,2026-2027,1.2,2026-07-19T06:43:29.540140Z,2,3,A,Friday,5,13:15,14:05,Construction Materials,CE3352,Dr. M. Venkatesh,C200,Main Block,3,Lecture,,,All,
c8fe9fa9-5fe4-4a44-a412-4e144dd1a6a0,CIVIL,2021,2026-2027,1.2,2026-07-19T06:43:29.540140Z,2,3,A,Friday,6,14:05,14:55,Surveying,CE3302,Dr. M. Venkatesh,C367,Main Block,3,Lecture,,,All,
429ed6c9-0695-4ad9-9eeb-b37d0a4b4b34,CIVIL,2021,2026-2027,1.2,2026-07-19T06:43:29.540140Z,2,3,A,Friday,7,14:55,15:45,Construction Materials,CE3352,Dr. M. Venkatesh,C202,Main Block,3,Lecture,,,All,
19e458fa-a580-4f15-be6a-e214267458f5,CIVIL,2021,2026-2027,1.2,2026-07-19T06:43:29.540140Z,2,3,A,Saturday,1,08:45,09:35,Strength of Materials I,CE3351,Dr. P. Sundaram,C153,Main Block,4,Lecture,,,All,
3b574abe-fbc0-4889-a1f2-0a1e893cb198,CIVIL,2021,2026-2027,1.2,2026-07-19T06:43:29.540140Z,2,3,A,Saturday,2,09:35,10:25,Fluid Mechanics,CE3301,Dr. K. Natarajan,C377,Main Block,4,Lecture,,,All,
528b7ccc-f9b0-49aa-9ecb-78297ed8aec7,CIVIL,2021,2026-2027,1.2,2026-07-19T06:43:29.540140Z,2,3,A,Saturday,3,10:45,11:35,Construction Materials,CE3352,Dr. M. Venkatesh,C287,Main Block,3,Lecture,,,All,
cb0db131-27dc-42bc-a3ee-fbf6228f5fb4,CIVIL,2021,2026-2027,1.2,2026-07-19T06:43:29.540140Z,2,3,A,Saturday,4,11:35,12:25,Construction Materials,CE3352,Dr. M. Venkatesh,C345,Main Block,3,Lecture,,,All,
a57080da-7b72-49f0-8c53-5b25a92bee4d,CIVIL,2021,2026-2027,1.2,2026-07-19T06:43:29.540140Z,2,3,A,Saturday,5,13:15,14:05,Surveying Laboratory,CE3311,Prof. A. Ramesh,Lab-3,Main Block,2,Lab,Lab-3,,All,
b7c36c8f-5b36-40d4-b441-a47ee140ca0d,CIVIL,2021,2026-2027,1.2,2026-07-19T06:43:29.540140Z,2,3,A,Saturday,6,14:05,14:55,Surveying Laboratory,CE3311,Prof. A. Ramesh,Lab-3,Main Block,2,Lab,Lab-3,,All,
85d9c6a5-7ca2-4164-967a-b85660b7515f,CIVIL,2021,2026-2027,1.2,2026-07-19T06:43:29.540140Z,2,3,A,Saturday,7,14:55,15:45,Surveying Laboratory,CE3311,Prof. A. Ramesh,Lab-3,Main Block,2,Lab,Lab-3,,All,
c365fe57-878a-45cf-83db-cfef17873114,CIVIL,2021,2026-2027,1.2,2026-07-19T06:43:29.540140Z,2,3,B,Monday,1,08:45,09:35,Strength of Materials I,CE3351,Prof. V. Karthik,C216,Main Block,4,Lecture,,,All,
c4bb07d8-1721-46fc-9ca1-fbfde41ee7e1,CIVIL,2021,2026-2027,1.2,2026-07-19T06:43:29.540140Z,2,3,B,Monday,2,09:35,10:25,Fluid Mechanics,CE3301,Dr. R. Rajan,C151,Main Block,4,Lecture,,,All,
0b01de7a-2e67-4519-9591-392e66256823,CIVIL,2021,2026-2027,1.2,2026-07-19T06:43:29.540140Z,2,3,B,Monday,3,10:45,11:35,Surveying,CE3302,Prof. V. Ramesh,C395,Main Block,3,Lecture,,,All,
ce80ccc9-60f2-40f6-ba20-b2ee0bb249b6,CIVIL,2021,2026-2027,1.2,2026-07-19T06:43:29.540140Z,2,3,B,Monday,4,11:35,12:25,Surveying,CE3302,Prof. V. Ramesh,C339,Main Block,3,Lecture,,,All,
37e4e005-ccfa-4df7-b118-409f178cfc19,CIVIL,2021,2026-2027,1.2,2026-07-19T06:43:29.540140Z,2,3,B,Monday,5,13:15,14:05,Fluid Mechanics,CE3301,Dr. R. Rajan,C367,Main Block,4,Lecture,,,All,
79b8bbfb-f7c5-44be-a672-05a08514c05b,CIVIL,2021,2026-2027,1.2,2026-07-19T06:43:29.540140Z,2,3,B,Monday,6,14:05,14:55,Fluid Mechanics,CE3301,Dr. R. Rajan,C188,Main Block,4,Lecture,,,All,
168e7d91-7401-45f6-9615-f1a5f9691c01,CIVIL,2021,2026-2027,1.2,2026-07-19T06:43:29.540140Z,2,3,B,Monday,7,14:55,15:45,Fluid Mechanics,CE3301,Dr. R. Rajan,C221,Main Block,4,Lecture,,,All,
40f40e65-1a02-435d-929e-b3e1e8fbb4e2,CIVIL,2021,2026-2027,1.2,2026-07-19T06:43:29.540140Z,2,3,B,Tuesday,1,08:45,09:35,Surveying,CE3302,Prof. V. Ramesh,C386,Main Block,3,Lecture,,,All,
6d23e175-6e78-4350-b984-1ac7e7bde6f5,CIVIL,2021,2026-2027,1.2,2026-07-19T06:43:29.540140Z,2,3,B,Tuesday,2,09:35,10:25,Strength of Materials I,CE3351,Prof. V. Karthik,C252,Main Block,4,Lecture,,,All,
40dae565-3476-4f50-9f61-bed1ecb4ac16,CIVIL,2021,2026-2027,1.2,2026-07-19T06:43:29.540140Z,2,3,B,Tuesday,3,10:45,11:35,Construction Materials,CE3352,Prof. G. Balaji,C256,Main Block,3,Lecture,,,All,
f4a34008-2c66-4e9a-94d1-fa78bacf469a,CIVIL,2021,2026-2027,1.2,2026-07-19T06:43:29.540140Z,2,3,B,Tuesday,4,11:35,12:25,Strength of Materials I,CE3351,Prof. V. Karthik,C149,Main Block,4,Lecture,,,All,
c2a9b7ae-16b5-4235-99c3-137778351dad,CIVIL,2021,2026-2027,1.2,2026-07-19T06:43:29.540140Z,2,3,B,Tuesday,5,13:15,14:05,Surveying Laboratory,CE3311,Dr. R. Krishnan,Lab-10,Main Block,2,Lab,Lab-10,,All,
33a47f3f-5dfe-493d-bdef-d9b43713d06e,CIVIL,2021,2026-2027,1.2,2026-07-19T06:43:29.540140Z,2,3,B,Tuesday,6,14:05,14:55,Surveying Laboratory,CE3311,Dr. R. Krishnan,Lab-10,Main Block,2,Lab,Lab-10,,All,
ea4378ce-dda6-49c0-bd83-f28c5dd9e607,CIVIL,2021,2026-2027,1.2,2026-07-19T06:43:29.540140Z,2,3,B,Tuesday,7,14:55,15:45,Surveying Laboratory,CE3311,Dr. R. Krishnan,Lab-10,Main Block,2,Lab,Lab-10,,All,
af5b7fb0-6438-4484-8706-c63cb84a9d30,CIVIL,2021,2026-2027,1.2,2026-07-19T06:43:29.540140Z,2,3,B,Wednesday,1,08:45,09:35,Fluid Mechanics,CE3301,Dr. R. Rajan,C402,Main Block,4,Lecture,,,All,
74c34658-f858-4c73-8f93-4bfa87c4843f,CIVIL,2021,2026-2027,1.2,2026-07-19T06:43:29.540140Z,2,3,B,Wednesday,2,09:35,10:25,Strength of Materials I,CE3351,Prof. V. Karthik,C363,Main Block,4,Lecture,,,All,
0d292d62-77ec-4aa1-a10c-fc370956a09c,CIVIL,2021,2026-2027,1.2,2026-07-19T06:43:29.540140Z,2,3,B,Wednesday,3,10:45,11:35,Strength of Materials I,CE3351,Prof. V. Karthik,C214,Main Block,4,Lecture,,,All,
7a32accc-0227-4060-b12c-e14f7e125c3b,CIVIL,2021,2026-2027,1.2,2026-07-19T06:43:29.540140Z,2,3,B,Wednesday,4,11:35,12:25,Construction Materials,CE3352,Prof. G. Balaji,C120,Main Block,3,Lecture,,,All,
bea78ede-2006-4014-a916-d32fa678ec7b,CIVIL,2021,2026-2027,1.2,2026-07-19T06:43:29.540140Z,2,3,B,Wednesday,5,13:15,14:05,Strength of Materials I,CE3351,Prof. V. Karthik,C186,Main Block,4,Lecture,,,All,
18fbb8a6-43f8-4f9f-88eb-1c457b5165ab,CIVIL,2021,2026-2027,1.2,2026-07-19T06:43:29.540140Z,2,3,B,Wednesday,6,14:05,14:55,Surveying,CE3302,Prof. V. Ramesh,C123,Main Block,3,Lecture,,,All,
854bb59f-b41b-4d27-88b8-7f62c4eb1121,CIVIL,2021,2026-2027,1.2,2026-07-19T06:43:29.540140Z,2,3,B,Wednesday,7,14:55,15:45,Construction Materials,CE3352,Prof. G. Balaji,C134,Main Block,3,Lecture,,,All,
29783915-291e-4bc1-9d5d-732024bb0238,CIVIL,2021,2026-2027,1.2,2026-07-19T06:43:29.540140Z,2,3,B,Thursday,1,08:45,09:35,Surveying,CE3302,Prof. V. Ramesh,C223,Main Block,3,Lecture,,,All,
8ac3d73e-a2c3-4498-8fde-040996d30ee4,CIVIL,2021,2026-2027,1.2,2026-07-19T06:43:29.540140Z,2,3,B,Thursday,2,09:35,10:25,Construction Materials,CE3352,Prof. G. Balaji,C322,Main Block,3,Lecture,,,All,
0ac52036-dfa7-4f74-a80b-15e0ebdf27bb,CIVIL,2021,2026-2027,1.2,2026-07-19T06:43:29.540140Z,2,3,B,Thursday,3,10:45,11:35,Fluid Mechanics,CE3301,Dr. R. Rajan,C305,Main Block,4,Lecture,,,All,
52b38bfd-f91d-470c-8444-5c269dffa619,CIVIL,2021,2026-2027,1.2,2026-07-19T06:43:29.540140Z,2,3,B,Thursday,4,11:35,12:25,Strength of Materials I,CE3351,Prof. V. Karthik,C167,Main Block,4,Lecture,,,All,
760ad143-4dc3-4674-beb6-6613206b99c9,CIVIL,2021,2026-2027,1.2,2026-07-19T06:43:29.540140Z,2,3,B,Thursday,5,13:15,14:05,Surveying Laboratory,CE3311,Dr. R. Krishnan,Lab-9,Main Block,2,Lab,Lab-9,,All,
84c3ee24-ade5-4fdb-b5f0-c509f2f68943,CIVIL,2021,2026-2027,1.2,2026-07-19T06:43:29.540140Z,2,3,B,Thursday,6,14:05,14:55,Surveying Laboratory,CE3311,Dr. R. Krishnan,Lab-9,Main Block,2,Lab,Lab-9,,All,
61abc19c-b690-4d52-9927-232a07ca80ef,CIVIL,2021,2026-2027,1.2,2026-07-19T06:43:29.540140Z,2,3,B,Thursday,7,14:55,15:45,Surveying Laboratory,CE3311,Dr. R. Krishnan,Lab-9,Main Block,2,Lab,Lab-9,,All,
611d3a07-c886-47a7-a253-f2579f62459b,CIVIL,2021,2026-2027,1.2,2026-07-19T06:43:29.540140Z,2,3,B,Friday,1,08:45,09:35,Surveying,CE3302,Prof. V. Ramesh,C352,Main Block,3,Lecture,,,All,
f5e1259e-85e0-42be-8be7-db6367c00e1e,CIVIL,2021,2026-2027,1.2,2026-07-19T06:43:29.540140Z,2,3,B,Friday,2,09:35,10:25,Fluid Mechanics,CE3301,Dr. R. Rajan,C211,Main Block,4,Lecture,,,All,
4ace42e7-6946-4799-a433-b426c3fa7087,CIVIL,2021,2026-2027,1.2,2026-07-19T06:43:29.540140Z,2,3,B,Friday,3,10:45,11:35,Surveying,CE3302,Prof. V. Ramesh,C124,Main Block,3,Lecture,,,All,
b7f3cd72-55b9-4aad-8f96-4a7bd528ce85,CIVIL,2021,2026-2027,1.2,2026-07-19T06:43:29.540140Z,2,3,B,Friday,4,11:35,12:25,Surveying,CE3302,Prof. V. Ramesh,C396,Main Block,3,Lecture,,,All,
319014db-9201-47d1-aa30-45990c3ab8d3,CIVIL,2021,2026-2027,1.2,2026-07-19T06:43:29.540140Z,2,3,B,Friday,5,13:15,14:05,Surveying,CE3302,Prof. V. Ramesh,C393,Main Block,3,Lecture,,,All,
7500e2a5-8636-4516-9e3c-d842c28445f3,CIVIL,2021,2026-2027,1.2,2026-07-19T06:43:29.540140Z,2,3,B,Friday,6,14:05,14:55,Surveying,CE3302,Prof. V. Ramesh,C143,Main Block,3,Lecture,,,All,
2266aa87-e2a0-4eb7-84a6-45f99a936a46,CIVIL,2021,2026-2027,1.2,2026-07-19T06:43:29.540140Z,2,3,B,Friday,7,14:55,15:45,Construction Materials,CE3352,Prof. G. Balaji,C198,Main Block,3,Lecture,,,All,
6e3f2506-8354-4da6-8094-311644d5ff28,CIVIL,2021,2026-2027,1.2,2026-07-19T06:43:29.540140Z,2,3,B,Saturday,1,08:45,09:35,Strength of Materials I,CE3351,Prof. V. Karthik,C147,Main Block,4,Lecture,,,All,
18d66d0b-0dde-4582-aeeb-660251294323,CIVIL,2021,2026-2027,1.2,2026-07-19T06:43:29.540140Z,2,3,B,Saturday,2,09:35,10:25,Construction Materials,CE3352,Prof. G. Balaji,C388,Main Block,3,Lecture,,,All,
bc490c01-4779-4663-93eb-0458ce925e3c,CIVIL,2021,2026-2027,1.2,2026-07-19T06:43:29.540140Z,2,3,B,Saturday,3,10:45,11:35,Fluid Mechanics,CE3301,Dr. R. Rajan,C270,Main Block,4,Lecture,,,All,
16f478d8-240e-4d03-9ebd-005d21f6cd61,CIVIL,2021,2026-2027,1.2,2026-07-19T06:43:29.540140Z,2,3,B,Saturday,4,11:35,12:25,Construction Materials,CE3352,Prof. G. Balaji,C289,Main Block,3,Lecture,,,All,
12dff9ad-d6ef-43d1-9f3d-f7f64be7b500,CIVIL,2021,2026-2027,1.2,2026-07-19T06:43:29.540140Z,2,3,B,Saturday,5,13:15,14:05,Surveying Laboratory,CE3311,Dr. R. Krishnan,Lab-7,Main Block,2,Lab,Lab-7,,All,
1dd53246-8ee9-44ee-8bb7-e07f5ab5c215,CIVIL,2021,2026-2027,1.2,2026-07-19T06:43:29.540140Z,2,3,B,Saturday,6,14:05,14:55,Surveying Laboratory,CE3311,Dr. R. Krishnan,Lab-7,Main Block,2,Lab,Lab-7,,All,
656adaa6-42c3-4229-b5d7-a67abe43f3d0,CIVIL,2021,2026-2027,1.2,2026-07-19T06:43:29.540140Z,2,3,B,Saturday,7,14:55,15:45,Surveying Laboratory,CE3311,Dr. R. Krishnan,Lab-7,Main Block,2,Lab,Lab-7,,All,
ab21e2c7-0f08-413d-8055-648724643351,CIVIL,2021,2026-2027,1.2,2026-07-19T06:43:29.540140Z,3,5,A,Monday,1,08:45,09:35,Design of Reinforced Concrete Elements,CE3502,Dr. M. Venkatesh,C333,Main Block,4,Lecture,,,All,
e6e2de2d-fd36-4597-a701-49b086b90e92,CIVIL,2021,2026-2027,1.2,2026-07-19T06:43:29.540140Z,3,5,A,Monday,2,09:35,10:25,Design of Reinforced Concrete Elements,CE3502,Dr. M. Venkatesh,C231,Main Block,4,Lecture,,,All,
30556728-d898-4278-9820-9fa4225727d8,CIVIL,2021,2026-2027,1.2,2026-07-19T06:43:29.540140Z,3,5,A,Monday,3,10:45,11:35,Design of Reinforced Concrete Elements,CE3502,Dr. M. Venkatesh,C328,Main Block,4,Lecture,,,All,
4127ff80-8e6d-473d-a0fb-c1ed04d3ff79,CIVIL,2021,2026-2027,1.2,2026-07-19T06:43:29.540140Z,3,5,A,Monday,4,11:35,12:25,Structural Analysis II,CE3501,Dr. P. Sundaram,C360,Main Block,4,Lecture,,,All,
92f88f6f-8c88-4b1f-97dd-515368580266,CIVIL,2021,2026-2027,1.2,2026-07-19T06:43:29.540140Z,3,5,A,Monday,5,13:15,14:05,Structural Analysis II,CE3501,Dr. P. Sundaram,C137,Main Block,4,Lecture,,,All,
43020df1-7341-480e-ac0d-2736389747e0,CIVIL,2021,2026-2027,1.2,2026-07-19T06:43:29.540140Z,3,5,A,Monday,6,14:05,14:55,Design of Reinforced Concrete Elements,CE3502,Dr. M. Venkatesh,C170,Main Block,4,Lecture,,,All,
3e1d75c0-afd0-4279-b1af-90e121a30a78,CIVIL,2021,2026-2027,1.2,2026-07-19T06:43:29.540140Z,3,5,A,Monday,7,14:55,15:45,Environmental Engineering,CE3551,Dr. R. Kumar,C333,Main Block,3,Lecture,,,All,
da18ce70-2598-4cdb-867f-c3d36e4e5e25,CIVIL,2021,2026-2027,1.2,2026-07-19T06:43:29.540140Z,3,5,A,Tuesday,1,08:45,09:35,Design of Reinforced Concrete Elements,CE3502,Dr. M. Venkatesh,C229,Main Block,4,Lecture,,,All,
a5e5f9a4-425f-4b90-825e-9bfd860e1a75,CIVIL,2021,2026-2027,1.2,2026-07-19T06:43:29.540140Z,3,5,A,Tuesday,2,09:35,10:25,Design of Reinforced Concrete Elements,CE3502,Dr. M. Venkatesh,C324,Main Block,4,Lecture,,,All,
45c7eb2e-84ed-4b98-aa31-8ee009f0caf6,CIVIL,2021,2026-2027,1.2,2026-07-19T06:43:29.540140Z,3,5,A,Tuesday,3,10:45,11:35,Environmental Engineering,CE3551,Dr. R. Kumar,C342,Main Block,3,Lecture,,,All,
57500427-9bbe-4277-87ad-b398a261d617,CIVIL,2021,2026-2027,1.2,2026-07-19T06:43:29.540140Z,3,5,A,Tuesday,4,11:35,12:25,Structural Analysis II,CE3501,Dr. P. Sundaram,C295,Main Block,4,Lecture,,,All,
bf581280-7a6a-4848-b238-586665d67ba3,CIVIL,2021,2026-2027,1.2,2026-07-19T06:43:29.540140Z,3,5,A,Tuesday,5,13:15,14:05,Environmental Engineering Laboratory,CE3511,Prof. G. Venkatesh,Lab-8,Main Block,2,Lab,Lab-8,,All,
e1103d01-0654-44ac-aacd-f312819d2ee2,CIVIL,2021,2026-2027,1.2,2026-07-19T06:43:29.540140Z,3,5,A,Tuesday,6,14:05,14:55,Environmental Engineering Laboratory,CE3511,Prof. G. Venkatesh,Lab-8,Main Block,2,Lab,Lab-8,,All,
513458c4-16e6-4d28-9d5c-2c45d7dcf111,CIVIL,2021,2026-2027,1.2,2026-07-19T06:43:29.540140Z,3,5,A,Tuesday,7,14:55,15:45,Environmental Engineering Laboratory,CE3511,Prof. G. Venkatesh,Lab-8,Main Block,2,Lab,Lab-8,,All,
955465ac-3b72-4e8f-bb80-eb9fa971cb3a,CIVIL,2021,2026-2027,1.2,2026-07-19T06:43:29.540140Z,3,5,A,Wednesday,1,08:45,09:35,Design of Reinforced Concrete Elements,CE3502,Dr. M. Venkatesh,C275,Main Block,4,Lecture,,,All,
57c317e0-5ef7-4dec-aa16-01a3998bdcdc,CIVIL,2021,2026-2027,1.2,2026-07-19T06:43:29.540140Z,3,5,A,Wednesday,2,09:35,10:25,Environmental Engineering,CE3551,Dr. R. Kumar,C188,Main Block,3,Lecture,,,All,
53c93051-6d49-4464-9c33-6330fafecf08,CIVIL,2021,2026-2027,1.2,2026-07-19T06:43:29.540140Z,3,5,A,Wednesday,3,10:45,11:35,Transportation Engineering,CE3503,Dr. S. Sundaram,C299,Main Block,3,Lecture,,,All,
9d27a22a-8abc-41a4-9c86-592b11535bb0,CIVIL,2021,2026-2027,1.2,2026-07-19T06:43:29.540140Z,3,5,A,Wednesday,4,11:35,12:25,Design of Reinforced Concrete Elements,CE3502,Dr. M. Venkatesh,C236,Main Block,4,Lecture,,,All,
8228879e-1c79-4ccf-bed6-35678a7d75a8,CIVIL,2021,2026-2027,1.2,2026-07-19T06:43:29.540140Z,3,5,A,Wednesday,5,13:15,14:05,Design of Reinforced Concrete Elements,CE3502,Dr. M. Venkatesh,C291,Main Block,4,Lecture,,,All,
de4b04cd-c100-4e8c-88ba-ede0e74ad080,CIVIL,2021,2026-2027,1.2,2026-07-19T06:43:29.540140Z,3,5,A,Wednesday,6,14:05,14:55,Environmental Engineering,CE3551,Dr. R. Kumar,C226,Main Block,3,Lecture,,,All,
e5f7ba8a-dec2-476b-abe7-8e3a374ac94a,CIVIL,2021,2026-2027,1.2,2026-07-19T06:43:29.540140Z,3,5,A,Wednesday,7,14:55,15:45,Environmental Engineering,CE3551,Dr. R. Kumar,C377,Main Block,3,Lecture,,,All,
a071c980-f99d-4ed9-9910-9cf8ca754ebf,CIVIL,2021,2026-2027,1.2,2026-07-19T06:43:29.540140Z,3,5,A,Thursday,1,08:45,09:35,Transportation Engineering,CE3503,Dr. S. Sundaram,C254,Main Block,3,Lecture,,,All,
06d43808-9d17-4b3f-845f-e89d52e8a6ab,CIVIL,2021,2026-2027,1.2,2026-07-19T06:43:29.540140Z,3,5,A,Thursday,2,09:35,10:25,Transportation Engineering,CE3503,Dr. S. Sundaram,C310,Main Block,3,Lecture,,,All,
9206be13-40ee-4bf2-b259-6ff360cf2c84,CIVIL,2021,2026-2027,1.2,2026-07-19T06:43:29.540140Z,3,5,A,Thursday,3,10:45,11:35,Transportation Engineering,CE3503,Dr. S. Sundaram,C312,Main Block,3,Lecture,,,All,
4c3ef9f8-146c-4453-8aa2-570f01abdc36,CIVIL,2021,2026-2027,1.2,2026-07-19T06:43:29.540140Z,3,5,A,Thursday,4,11:35,12:25,Design of Reinforced Concrete Elements,CE3502,Dr. M. Venkatesh,C126,Main Block,4,Lecture,,,All,
e5313c57-9c95-461d-b81c-0968cdc9d8e3,CIVIL,2021,2026-2027,1.2,2026-07-19T06:43:29.540140Z,3,5,A,Thursday,5,13:15,14:05,Environmental Engineering Laboratory,CE3511,Prof. G. Venkatesh,Lab-4,Main Block,2,Lab,Lab-4,,All,
3356954d-e1dd-412f-acd1-2f85a497f4bc,CIVIL,2021,2026-2027,1.2,2026-07-19T06:43:29.540140Z,3,5,A,Thursday,6,14:05,14:55,Environmental Engineering Laboratory,CE3511,Prof. G. Venkatesh,Lab-4,Main Block,2,Lab,Lab-4,,All,
9a16066e-432c-425d-a071-83aeca6cc871,CIVIL,2021,2026-2027,1.2,2026-07-19T06:43:29.540140Z,3,5,A,Thursday,7,14:55,15:45,Environmental Engineering Laboratory,CE3511,Prof. G. Venkatesh,Lab-4,Main Block,2,Lab,Lab-4,,All,
7c8be5f2-e219-44c6-9723-944fdd35aeb0,CIVIL,2021,2026-2027,1.2,2026-07-19T06:43:29.540140Z,3,5,A,Friday,1,08:45,09:35,Environmental Engineering,CE3551,Dr. R. Kumar,C373,Main Block,3,Lecture,,,All,
fb451492-58e5-44ec-ac07-9ab9819b42a2,CIVIL,2021,2026-2027,1.2,2026-07-19T06:43:29.540140Z,3,5,A,Friday,2,09:35,10:25,Transportation Engineering,CE3503,Dr. S. Sundaram,C114,Main Block,3,Lecture,,,All,
ce46cc6d-2d32-4262-aa5a-9a2150df0247,CIVIL,2021,2026-2027,1.2,2026-07-19T06:43:29.540140Z,3,5,A,Friday,3,10:45,11:35,Environmental Engineering,CE3551,Dr. R. Kumar,C142,Main Block,3,Lecture,,,All,
6bb3c396-617c-4956-bb49-d13889379ea9,CIVIL,2021,2026-2027,1.2,2026-07-19T06:43:29.540140Z,3,5,A,Friday,4,11:35,12:25,Transportation Engineering,CE3503,Dr. S. Sundaram,C136,Main Block,3,Lecture,,,All,
d56d0f8f-815c-461a-86f0-1f271672505d,CIVIL,2021,2026-2027,1.2,2026-07-19T06:43:29.540140Z,3,5,A,Friday,5,13:15,14:05,Environmental Engineering,CE3551,Dr. R. Kumar,C313,Main Block,3,Lecture,,,All,
b7cf8667-c866-4557-a33b-027adac16a2b,CIVIL,2021,2026-2027,1.2,2026-07-19T06:43:29.540140Z,3,5,A,Friday,6,14:05,14:55,Structural Analysis II,CE3501,Dr. P. Sundaram,C336,Main Block,4,Lecture,,,All,
602959b3-6c70-487c-acdc-d8f6445f3ab0,CIVIL,2021,2026-2027,1.2,2026-07-19T06:43:29.540140Z,3,5,A,Friday,7,14:55,15:45,Transportation Engineering,CE3503,Dr. S. Sundaram,C226,Main Block,3,Lecture,,,All,
8af5799a-37b4-45f9-b778-58509c4a6cac,CIVIL,2021,2026-2027,1.2,2026-07-19T06:43:29.540140Z,3,5,A,Saturday,1,08:45,09:35,Transportation Engineering,CE3503,Dr. S. Sundaram,C191,Main Block,3,Lecture,,,All,
78cef6ae-323d-45d7-b3ad-39d2f060b7aa,CIVIL,2021,2026-2027,1.2,2026-07-19T06:43:29.540140Z,3,5,A,Saturday,2,09:35,10:25,Transportation Engineering,CE3503,Dr. S. Sundaram,C290,Main Block,3,Lecture,,,All,
7d098dc7-178c-4805-9bec-7961373621b5,CIVIL,2021,2026-2027,1.2,2026-07-19T06:43:29.540140Z,3,5,A,Saturday,3,10:45,11:35,Environmental Engineering,CE3551,Dr. R. Kumar,C197,Main Block,3,Lecture,,,All,
76bf3385-2e29-44f1-b6e1-162cc318beb9,CIVIL,2021,2026-2027,1.2,2026-07-19T06:43:29.540140Z,3,5,A,Saturday,4,11:35,12:25,Transportation Engineering,CE3503,Dr. S. Sundaram,C133,Main Block,3,Lecture,,,All,
ab1f6bee-7ad8-442b-88e0-a6aa97bad5ed,CIVIL,2021,2026-2027,1.2,2026-07-19T06:43:29.540140Z,3,5,A,Saturday,5,13:15,14:05,Environmental Engineering Laboratory,CE3511,Prof. G. Venkatesh,Lab-4,Main Block,2,Lab,Lab-4,,All,
02e1ed0d-ce20-4168-a8c0-03eb7a2e464c,CIVIL,2021,2026-2027,1.2,2026-07-19T06:43:29.540140Z,3,5,A,Saturday,6,14:05,14:55,Environmental Engineering Laboratory,CE3511,Prof. G. Venkatesh,Lab-4,Main Block,2,Lab,Lab-4,,All,
0ce834c0-1a09-4b21-9724-a27a9ae0fa83,CIVIL,2021,2026-2027,1.2,2026-07-19T06:43:29.540140Z,3,5,A,Saturday,7,14:55,15:45,Environmental Engineering Laboratory,CE3511,Prof. G. Venkatesh,Lab-4,Main Block,2,Lab,Lab-4,,All,
93ffa748-76b1-4a98-81ea-4800fc8aaf56,CIVIL,2021,2026-2027,1.2,2026-07-19T06:43:29.540140Z,3,5,B,Monday,1,08:45,09:35,Environmental Engineering,CE3551,Dr. P. Kumar,C139,Main Block,3,Lecture,,,All,
ce25a37f-7873-4774-a844-87a4a677d8b7,CIVIL,2021,2026-2027,1.2,2026-07-19T06:43:29.540140Z,3,5,B,Monday,2,09:35,10:25,Design of Reinforced Concrete Elements,CE3502,Prof. A. Karthik,C205,Main Block,4,Lecture,,,All,
1507f719-1e77-405e-b8c2-6987b9c7be60,CIVIL,2021,2026-2027,1.2,2026-07-19T06:43:29.540140Z,3,5,B,Monday,3,10:45,11:35,Transportation Engineering,CE3503,Dr. M. Sundaram,C386,Main Block,3,Lecture,,,All,
23aba11e-3f98-4d7f-af9b-ee74c1f10331,CIVIL,2021,2026-2027,1.2,2026-07-19T06:43:29.540140Z,3,5,B,Monday,4,11:35,12:25,Transportation Engineering,CE3503,Dr. M. Sundaram,C245,Main Block,3,Lecture,,,All,
b52efe48-429e-461d-893e-9f2b8d4b9763,CIVIL,2021,2026-2027,1.2,2026-07-19T06:43:29.540140Z,3,5,B,Monday,5,13:15,14:05,Environmental Engineering,CE3551,Dr. P. Kumar,C279,Main Block,3,Lecture,,,All,
8caffbca-0d04-406f-b825-2653055d1627,CIVIL,2021,2026-2027,1.2,2026-07-19T06:43:29.540140Z,3,5,B,Monday,6,14:05,14:55,Transportation Engineering,CE3503,Dr. M. Sundaram,C292,Main Block,3,Lecture,,,All,
7f3b63f8-65d2-41b6-aeb7-1d066aa7dcc4,CIVIL,2021,2026-2027,1.2,2026-07-19T06:43:29.540140Z,3,5,B,Monday,7,14:55,15:45,Environmental Engineering,CE3551,Dr. P. Kumar,C329,Main Block,3,Lecture,,,All,
f0883414-67ed-4742-a27e-97d40017f036,CIVIL,2021,2026-2027,1.2,2026-07-19T06:43:29.540140Z,3,5,B,Tuesday,1,08:45,09:35,Design of Reinforced Concrete Elements,CE3502,Prof. A. Karthik,C358,Main Block,4,Lecture,,,All,
0c9d7bab-2297-460f-b388-23cfbcbc8ffa,CIVIL,2021,2026-2027,1.2,2026-07-19T06:43:29.540140Z,3,5,B,Tuesday,2,09:35,10:25,Environmental Engineering,CE3551,Dr. P. Kumar,C329,Main Block,3,Lecture,,,All,
bf9b0131-a77c-4b9b-ae37-d7f314d51c72,CIVIL,2021,2026-2027,1.2,2026-07-19T06:43:29.540140Z,3,5,B,Tuesday,3,10:45,11:35,Transportation Engineering,CE3503,Dr. M. Sundaram,C114,Main Block,3,Lecture,,,All,
7d483ff3-8c30-4b0e-9d36-888e13c8ab39,CIVIL,2021,2026-2027,1.2,2026-07-19T06:43:29.540140Z,3,5,B,Tuesday,4,11:35,12:25,Structural Analysis II,CE3501,Dr. K. Kumar,C108,Main Block,4,Lecture,,,All,
3e19cbbb-ce3f-4e24-90d3-c478c2dca653,CIVIL,2021,2026-2027,1.2,2026-07-19T06:43:29.540140Z,3,5,B,Tuesday,5,13:15,14:05,Environmental Engineering Laboratory,CE3511,Dr. R. Sundaram,Lab-9,Main Block,2,Lab,Lab-9,,All,
17e5b097-5c16-41dd-9fda-c88199493399,CIVIL,2021,2026-2027,1.2,2026-07-19T06:43:29.540140Z,3,5,B,Tuesday,6,14:05,14:55,Environmental Engineering Laboratory,CE3511,Dr. R. Sundaram,Lab-9,Main Block,2,Lab,Lab-9,,All,
51d9a65d-0425-4fdd-a3f1-144abb343fe6,CIVIL,2021,2026-2027,1.2,2026-07-19T06:43:29.540140Z,3,5,B,Tuesday,7,14:55,15:45,Environmental Engineering Laboratory,CE3511,Dr. R. Sundaram,Lab-9,Main Block,2,Lab,Lab-9,,All,
3101f632-168d-4a93-897d-8941a188d1d9,CIVIL,2021,2026-2027,1.2,2026-07-19T06:43:29.540140Z,3,5,B,Wednesday,1,08:45,09:35,Structural Analysis II,CE3501,Dr. K. Kumar,C374,Main Block,4,Lecture,,,All,
8f1cfb42-de48-4856-b085-56cb3bfaf21c,CIVIL,2021,2026-2027,1.2,2026-07-19T06:43:29.540140Z,3,5,B,Wednesday,2,09:35,10:25,Transportation Engineering,CE3503,Dr. M. Sundaram,C301,Main Block,3,Lecture,,,All,
97beaeee-92c3-4a76-9611-43dc603ea1b4,CIVIL,2021,2026-2027,1.2,2026-07-19T06:43:29.540140Z,3,5,B,Wednesday,3,10:45,11:35,Design of Reinforced Concrete Elements,CE3502,Prof. A. Karthik,C218,Main Block,4,Lecture,,,All,
26274790-8432-4fce-9156-0fda0956337b,CIVIL,2021,2026-2027,1.2,2026-07-19T06:43:29.540140Z,3,5,B,Wednesday,4,11:35,12:25,Design of Reinforced Concrete Elements,CE3502,Prof. A. Karthik,C385,Main Block,4,Lecture,,,All,
38c79025-b105-4282-abb1-daaee733d0d7,CIVIL,2021,2026-2027,1.2,2026-07-19T06:43:29.540140Z,3,5,B,Wednesday,5,13:15,14:05,Transportation Engineering,CE3503,Dr. M. Sundaram,C403,Main Block,3,Lecture,,,All,
82b0b862-01ed-474f-8b97-5deadba24d49,CIVIL,2021,2026-2027,1.2,2026-07-19T06:43:29.540140Z,3,5,B,Wednesday,6,14:05,14:55,Structural Analysis II,CE3501,Dr. K. Kumar,C284,Main Block,4,Lecture,,,All,
cc7d6cfa-06a5-48c4-99db-df7152c535f1,CIVIL,2021,2026-2027,1.2,2026-07-19T06:43:29.540140Z,3,5,B,Wednesday,7,14:55,15:45,Design of Reinforced Concrete Elements,CE3502,Prof. A. Karthik,C316,Main Block,4,Lecture,,,All,
879eafc0-2028-409c-ae78-f7496a81d67f,CIVIL,2021,2026-2027,1.2,2026-07-19T06:43:29.540140Z,3,5,B,Thursday,1,08:45,09:35,Structural Analysis II,CE3501,Dr. K. Kumar,C206,Main Block,4,Lecture,,,All,
a277690b-0892-42f6-a360-3e539c945341,CIVIL,2021,2026-2027,1.2,2026-07-19T06:43:29.540140Z,3,5,B,Thursday,2,09:35,10:25,Structural Analysis II,CE3501,Dr. K. Kumar,C274,Main Block,4,Lecture,,,All,
1eb06dca-31f7-479c-aa59-acb385b4bc68,CIVIL,2021,2026-2027,1.2,2026-07-19T06:43:29.540140Z,3,5,B,Thursday,3,10:45,11:35,Environmental Engineering,CE3551,Dr. P. Kumar,C391,Main Block,3,Lecture,,,All,
1ee88d1c-d61d-4c06-af40-a34be0601c4c,CIVIL,2021,2026-2027,1.2,2026-07-19T06:43:29.540140Z,3,5,B,Thursday,4,11:35,12:25,Design of Reinforced Concrete Elements,CE3502,Prof. A. Karthik,C169,Main Block,4,Lecture,,,All,
91b5a167-24d4-4a68-99fc-3f9e3211dd25,CIVIL,2021,2026-2027,1.2,2026-07-19T06:43:29.540140Z,3,5,B,Thursday,5,13:15,14:05,Environmental Engineering Laboratory,CE3511,Dr. R. Sundaram,Lab-8,Main Block,2,Lab,Lab-8,,All,
473b7edb-9c8e-497f-af88-9e88000cc255,CIVIL,2021,2026-2027,1.2,2026-07-19T06:43:29.540140Z,3,5,B,Thursday,6,14:05,14:55,Environmental Engineering Laboratory,CE3511,Dr. R. Sundaram,Lab-8,Main Block,2,Lab,Lab-8,,All,
1194f9bc-d19c-4dc8-81bd-f4f0a3d70445,CIVIL,2021,2026-2027,1.2,2026-07-19T06:43:29.540140Z,3,5,B,Thursday,7,14:55,15:45,Environmental Engineering Laboratory,CE3511,Dr. R. Sundaram,Lab-8,Main Block,2,Lab,Lab-8,,All,
a50d1413-c044-4a7a-8c51-77756e5f3149,CIVIL,2021,2026-2027,1.2,2026-07-19T06:43:29.540140Z,3,5,B,Friday,1,08:45,09:35,Environmental Engineering,CE3551,Dr. P. Kumar,C343,Main Block,3,Lecture,,,All,
2a60ceef-b02c-44bf-9ac2-ddff6f9c0308,CIVIL,2021,2026-2027,1.2,2026-07-19T06:43:29.540140Z,3,5,B,Friday,2,09:35,10:25,Transportation Engineering,CE3503,Dr. M. Sundaram,C361,Main Block,3,Lecture,,,All,
3409b8f2-a5d3-402e-9661-f98d5235b91d,CIVIL,2021,2026-2027,1.2,2026-07-19T06:43:29.540140Z,3,5,B,Friday,3,10:45,11:35,Design of Reinforced Concrete Elements,CE3502,Prof. A. Karthik,C279,Main Block,4,Lecture,,,All,
9fb36bd4-706d-4cda-8b35-6bba24afefd0,CIVIL,2021,2026-2027,1.2,2026-07-19T06:43:29.540140Z,3,5,B,Friday,4,11:35,12:25,Transportation Engineering,CE3503,Dr. M. Sundaram,C174,Main Block,3,Lecture,,,All,
5a5efb90-c3cf-4297-934f-0aeebc84dd32,CIVIL,2021,2026-2027,1.2,2026-07-19T06:43:29.540140Z,3,5,B,Friday,5,13:15,14:05,Design of Reinforced Concrete Elements,CE3502,Prof. A. Karthik,C308,Main Block,4,Lecture,,,All,
e3edd496-842c-41c2-b984-ccdf37a36dd5,CIVIL,2021,2026-2027,1.2,2026-07-19T06:43:29.540140Z,3,5,B,Friday,6,14:05,14:55,Transportation Engineering,CE3503,Dr. M. Sundaram,C362,Main Block,3,Lecture,,,All,
4c3e4b1d-cb1f-4a78-9abc-b45528ae02b6,CIVIL,2021,2026-2027,1.2,2026-07-19T06:43:29.540140Z,3,5,B,Friday,7,14:55,15:45,Environmental Engineering,CE3551,Dr. P. Kumar,C371,Main Block,3,Lecture,,,All,
3dfa2d9d-bf75-4d2b-9bd9-8ff45ebc94df,CIVIL,2021,2026-2027,1.2,2026-07-19T06:43:29.540140Z,3,5,B,Saturday,1,08:45,09:35,Environmental Engineering,CE3551,Dr. P. Kumar,C279,Main Block,3,Lecture,,,All,
de744a6b-7ff1-4830-9bd9-8c863b6a7b9a,CIVIL,2021,2026-2027,1.2,2026-07-19T06:43:29.540140Z,3,5,B,Saturday,2,09:35,10:25,Design of Reinforced Concrete Elements,CE3502,Prof. A. Karthik,C286,Main Block,4,Lecture,,,All,
65734422-818d-47c2-b3a3-6cca1815a3da,CIVIL,2021,2026-2027,1.2,2026-07-19T06:43:29.540140Z,3,5,B,Saturday,3,10:45,11:35,Design of Reinforced Concrete Elements,CE3502,Prof. A. Karthik,C174,Main Block,4,Lecture,,,All,
af20886f-556e-4ae1-9aab-d83d4c924c7f,CIVIL,2021,2026-2027,1.2,2026-07-19T06:43:29.540140Z,3,5,B,Saturday,4,11:35,12:25,Design of Reinforced Concrete Elements,CE3502,Prof. A. Karthik,C145,Main Block,4,Lecture,,,All,
68430bcb-dfef-4612-bfe9-3a5e40612f93,CIVIL,2021,2026-2027,1.2,2026-07-19T06:43:29.540140Z,3,5,B,Saturday,5,13:15,14:05,Environmental Engineering Laboratory,CE3511,Dr. R. Sundaram,Lab-6,Main Block,2,Lab,Lab-6,,All,
a5ce3068-66c6-4f99-9100-05f7d08db928,CIVIL,2021,2026-2027,1.2,2026-07-19T06:43:29.540140Z,3,5,B,Saturday,6,14:05,14:55,Environmental Engineering Laboratory,CE3511,Dr. R. Sundaram,Lab-6,Main Block,2,Lab,Lab-6,,All,
f746da9a-f254-43f6-af83-e9b1a9805fe5,CIVIL,2021,2026-2027,1.2,2026-07-19T06:43:29.540140Z,3,5,B,Saturday,7,14:55,15:45,Environmental Engineering Laboratory,CE3511,Dr. R. Sundaram,Lab-6,Main Block,2,Lab,Lab-6,,All,
091342a1-adee-480f-b09b-13aac7461f05,CIVIL,2021,2026-2027,1.2,2026-07-19T06:43:29.540140Z,4,7,A,Monday,1,08:45,09:35,Earthquake Engineering,CE3702,Dr. K. Kumar,C209,Main Block,3,Lecture,,,All,
dc4b0646-5c65-4f52-8071-70b4c65c3f86,CIVIL,2021,2026-2027,1.2,2026-07-19T06:43:29.540140Z,4,7,A,Monday,2,09:35,10:25,Earthquake Engineering,CE3702,Dr. K. Kumar,C310,Main Block,3,Lecture,,,All,
f54de6b3-d41f-4a0c-a478-ef7aef6ae26e,CIVIL,2021,2026-2027,1.2,2026-07-19T06:43:29.540140Z,4,7,A,Monday,3,10:45,11:35,Construction Management,CE3791,Prof. A. Venkatesh,C225,Main Block,2,Lecture,,,All,
df8d33be-86a2-46b3-8fc8-b3599d9522c4,CIVIL,2021,2026-2027,1.2,2026-07-19T06:43:29.540140Z,4,7,A,Monday,4,11:35,12:25,Estimation and Costing,CE3701,Prof. V. Karthik,C175,Main Block,3,Lecture,,,All,
ea2d31eb-7810-4024-84b1-ad191f4e03fb,CIVIL,2021,2026-2027,1.2,2026-07-19T06:43:29.540140Z,4,7,A,Monday,5,13:15,14:05,Earthquake Engineering,CE3702,Dr. K. Kumar,C284,Main Block,3,Lecture,,,All,
534cb737-e7ac-4f6e-9b80-de75e6a63d58,CIVIL,2021,2026-2027,1.2,2026-07-19T06:43:29.540140Z,4,7,A,Monday,6,14:05,14:55,Construction Management,CE3791,Prof. A. Venkatesh,C220,Main Block,2,Lecture,,,All,
05916c61-ad9a-4f42-9d94-8ff99fb03beb,CIVIL,2021,2026-2027,1.2,2026-07-19T06:43:29.540140Z,4,7,A,Monday,7,14:55,15:45,Construction Management,CE3791,Prof. A. Venkatesh,C391,Main Block,2,Lecture,,,All,
6d090ebf-6743-4f93-880c-27c780a55f81,CIVIL,2021,2026-2027,1.2,2026-07-19T06:43:29.540140Z,4,7,A,Tuesday,1,08:45,09:35,Earthquake Engineering,CE3702,Dr. K. Kumar,C106,Main Block,3,Lecture,,,All,
b81f835d-fe66-461a-9a9f-2f73b6a768e4,CIVIL,2021,2026-2027,1.2,2026-07-19T06:43:29.540140Z,4,7,A,Tuesday,2,09:35,10:25,Construction Management,CE3791,Prof. A. Venkatesh,C172,Main Block,2,Lecture,,,All,
0df0bac1-4b47-4c2e-9efc-ba29c23a3713,CIVIL,2021,2026-2027,1.2,2026-07-19T06:43:29.540140Z,4,7,A,Tuesday,3,10:45,11:35,Project Work,CE3711,Prof. A. Sundaram,C115,Main Block,2,Mini Project,,,All,
8c61e509-f471-41fc-8fad-97af4bc97d8a,CIVIL,2021,2026-2027,1.2,2026-07-19T06:43:29.540140Z,4,7,A,Tuesday,4,11:35,12:25,Earthquake Engineering,CE3702,Dr. K. Kumar,C320,Main Block,3,Lecture,,,All,
ed01941f-c40c-44f4-90bf-63641a7066f8,CIVIL,2021,2026-2027,1.2,2026-07-19T06:43:29.540140Z,4,7,A,Tuesday,5,13:15,14:05,Civil Engineering Laboratory,CE3712,Dr. M. Rajan,Lab-10,Main Block,2,Lab,Lab-10,,All,
8313e81d-73c6-4540-8715-1606e01ef7e0,CIVIL,2021,2026-2027,1.2,2026-07-19T06:43:29.540140Z,4,7,A,Tuesday,6,14:05,14:55,Civil Engineering Laboratory,CE3712,Dr. M. Rajan,Lab-10,Main Block,2,Lab,Lab-10,,All,
2c8cf253-03a1-421f-8508-940b4b083f0b,CIVIL,2021,2026-2027,1.2,2026-07-19T06:43:29.540140Z,4,7,A,Tuesday,7,14:55,15:45,Civil Engineering Laboratory,CE3712,Dr. M. Rajan,Lab-10,Main Block,2,Lab,Lab-10,,All,
fff37559-cdac-4581-9af7-4fea4e46c8e6,CIVIL,2021,2026-2027,1.2,2026-07-19T06:43:29.540140Z,4,7,A,Wednesday,1,08:45,09:35,Earthquake Engineering,CE3702,Dr. K. Kumar,C273,Main Block,3,Lecture,,,All,
c0d85121-78d5-4f63-9eef-16fdad717eb0,CIVIL,2021,2026-2027,1.2,2026-07-19T06:43:29.540140Z,4,7,A,Wednesday,2,09:35,10:25,Construction Management,CE3791,Prof. A. Venkatesh,C235,Main Block,2,Lecture,,,All,
84b45cd5-03a2-4b12-8383-ea041f2414e1,CIVIL,2021,2026-2027,1.2,2026-07-19T06:43:29.540140Z,4,7,A,Wednesday,3,10:45,11:35,Construction Management,CE3791,Prof. A. Venkatesh,C364,Main Block,2,Lecture,,,All,
7fcd30c2-30e5-433a-8bdf-eb1c8564e8e0,CIVIL,2021,2026-2027,1.2,2026-07-19T06:43:29.540140Z,4,7,A,Wednesday,4,11:35,12:25,Project Work,CE3711,Prof. A. Sundaram,C272,Main Block,2,Mini Project,,,All,
b82b8f1b-0357-4213-aaaf-e48b83f168e6,CIVIL,2021,2026-2027,1.2,2026-07-19T06:43:29.540140Z,4,7,A,Wednesday,5,13:15,14:05,Estimation and Costing,CE3701,Prof. V. Karthik,C214,Main Block,3,Lecture,,,All,
e9d17fbd-0883-421a-83b1-915f6f08d00f,CIVIL,2021,2026-2027,1.2,2026-07-19T06:43:29.540140Z,4,7,A,Wednesday,6,14:05,14:55,Construction Management,CE3791,Prof. A. Venkatesh,C290,Main Block,2,Lecture,,,All,
fb53d209-4476-413c-ba36-ffa8fe8b03ca,CIVIL,2021,2026-2027,1.2,2026-07-19T06:43:29.540140Z,4,7,A,Wednesday,7,14:55,15:45,Earthquake Engineering,CE3702,Dr. K. Kumar,C151,Main Block,3,Lecture,,,All,
0d6a5e26-0f7c-43ae-8884-92886f8096c4,CIVIL,2021,2026-2027,1.2,2026-07-19T06:43:29.540140Z,4,7,A,Thursday,1,08:45,09:35,Project Work,CE3711,Prof. A. Sundaram,C291,Main Block,2,Mini Project,,,All,
705ed40c-9519-4c1d-981e-ddf97b7fe634,CIVIL,2021,2026-2027,1.2,2026-07-19T06:43:29.540140Z,4,7,A,Thursday,2,09:35,10:25,Project Work,CE3711,Prof. A. Sundaram,C341,Main Block,2,Mini Project,,,All,
c0045254-8046-47f0-aaa1-b540d06598c2,CIVIL,2021,2026-2027,1.2,2026-07-19T06:43:29.540140Z,4,7,A,Thursday,3,10:45,11:35,Construction Management,CE3791,Prof. A. Venkatesh,C369,Main Block,2,Lecture,,,All,
7bb390c9-5ae6-40bb-98c2-401dba1ae066,CIVIL,2021,2026-2027,1.2,2026-07-19T06:43:29.540140Z,4,7,A,Thursday,4,11:35,12:25,Earthquake Engineering,CE3702,Dr. K. Kumar,C336,Main Block,3,Lecture,,,All,
d0b85d89-95e2-4d9a-ba7c-e7620f801dc2,CIVIL,2021,2026-2027,1.2,2026-07-19T06:43:29.540140Z,4,7,A,Thursday,5,13:15,14:05,Civil Engineering Laboratory,CE3712,Dr. M. Rajan,Lab-9,Main Block,2,Lab,Lab-9,,All,
b73c4550-5069-4f62-8b76-67ba475b8b27,CIVIL,2021,2026-2027,1.2,2026-07-19T06:43:29.540140Z,4,7,A,Thursday,6,14:05,14:55,Civil Engineering Laboratory,CE3712,Dr. M. Rajan,Lab-9,Main Block,2,Lab,Lab-9,,All,
beb44fa5-a8b1-4044-a2a4-617e028069c8,CIVIL,2021,2026-2027,1.2,2026-07-19T06:43:29.540140Z,4,7,A,Thursday,7,14:55,15:45,Civil Engineering Laboratory,CE3712,Dr. M. Rajan,Lab-9,Main Block,2,Lab,Lab-9,,All,
5c699698-3aec-48d4-89b6-818f07cd9f44,CIVIL,2021,2026-2027,1.2,2026-07-19T06:43:29.540140Z,4,7,A,Friday,1,08:45,09:35,Construction Management,CE3791,Prof. A. Venkatesh,C305,Main Block,2,Lecture,,,All,
94897bcc-e1fe-4b1d-a69c-959a4542df97,CIVIL,2021,2026-2027,1.2,2026-07-19T06:43:29.540140Z,4,7,A,Friday,2,09:35,10:25,Construction Management,CE3791,Prof. A. Venkatesh,C151,Main Block,2,Lecture,,,All,
f90bf233-0e4e-4fee-96e5-d771d28c04a2,CIVIL,2021,2026-2027,1.2,2026-07-19T06:43:29.540140Z,4,7,A,Friday,3,10:45,11:35,Project Work,CE3711,Prof. A. Sundaram,C377,Main Block,2,Mini Project,,,All,
695db071-0c80-4ef8-8e11-e9a84a549a1f,CIVIL,2021,2026-2027,1.2,2026-07-19T06:43:29.540140Z,4,7,A,Friday,4,11:35,12:25,Earthquake Engineering,CE3702,Dr. K. Kumar,C160,Main Block,3,Lecture,,,All,
30bb473d-aa57-429a-9a87-ce1720acd5c9,CIVIL,2021,2026-2027,1.2,2026-07-19T06:43:29.540140Z,4,7,A,Friday,5,13:15,14:05,Construction Management,CE3791,Prof. A. Venkatesh,C388,Main Block,2,Lecture,,,All,
a06cbfe1-73c6-49da-b3a4-534a08fed115,CIVIL,2021,2026-2027,1.2,2026-07-19T06:43:29.540140Z,4,7,A,Friday,6,14:05,14:55,Estimation and Costing,CE3701,Prof. V. Karthik,C300,Main Block,3,Lecture,,,All,
5caa63d5-f714-4cfd-a431-0462caf03d2c,CIVIL,2021,2026-2027,1.2,2026-07-19T06:43:29.540140Z,4,7,A,Friday,7,14:55,15:45,Project Work,CE3711,Prof. A. Sundaram,C327,Main Block,2,Mini Project,,,All,
303afaaa-ab71-4e2c-8118-5194e12a59f5,CIVIL,2021,2026-2027,1.2,2026-07-19T06:43:29.540140Z,4,7,A,Saturday,1,08:45,09:35,Earthquake Engineering,CE3702,Dr. K. Kumar,C136,Main Block,3,Lecture,,,All,
56342a86-4bd3-4d3f-a0c6-7ea932d34163,CIVIL,2021,2026-2027,1.2,2026-07-19T06:43:29.540140Z,4,7,A,Saturday,2,09:35,10:25,Project Work,CE3711,Prof. A. Sundaram,C343,Main Block,2,Mini Project,,,All,
0b22b6eb-ddc0-4c12-af9f-8dd0305cc06b,CIVIL,2021,2026-2027,1.2,2026-07-19T06:43:29.540140Z,4,7,A,Saturday,3,10:45,11:35,Earthquake Engineering,CE3702,Dr. K. Kumar,C202,Main Block,3,Lecture,,,All,
45262ebc-a0b2-401b-9ac5-a5458a62f4c3,CIVIL,2021,2026-2027,1.2,2026-07-19T06:43:29.540140Z,4,7,A,Saturday,4,11:35,12:25,Estimation and Costing,CE3701,Prof. V. Karthik,C304,Main Block,3,Lecture,,,All,
d223cdec-ebf5-4202-9a35-c1396e164271,CIVIL,2021,2026-2027,1.2,2026-07-19T06:43:29.540140Z,4,7,A,Saturday,5,13:15,14:05,Civil Engineering Laboratory,CE3712,Dr. M. Rajan,Lab-10,Main Block,2,Lab,Lab-10,,All,
f45b064d-d141-4b98-980e-41b31a254a83,CIVIL,2021,2026-2027,1.2,2026-07-19T06:43:29.540140Z,4,7,A,Saturday,6,14:05,14:55,Civil Engineering Laboratory,CE3712,Dr. M. Rajan,Lab-10,Main Block,2,Lab,Lab-10,,All,
f8416c73-1d2e-4624-9e11-4f3285efa7dd,CIVIL,2021,2026-2027,1.2,2026-07-19T06:43:29.540140Z,4,7,A,Saturday,7,14:55,15:45,Civil Engineering Laboratory,CE3712,Dr. M. Rajan,Lab-10,Main Block,2,Lab,Lab-10,,All,
e51af8ee-86b4-44e1-b8f8-4c7794c3248d,CIVIL,2021,2026-2027,1.2,2026-07-19T06:43:29.540140Z,4,7,B,Monday,1,08:45,09:35,Construction Management,CE3791,Dr. S. Balaji,C194,Main Block,2,Lecture,,,All,
b063a1f9-d185-4d7a-acff-169483e850dd,CIVIL,2021,2026-2027,1.2,2026-07-19T06:43:29.540140Z,4,7,B,Monday,2,09:35,10:25,Construction Management,CE3791,Dr. S. Balaji,C176,Main Block,2,Lecture,,,All,
26de908e-2d90-44ef-b8de-56d6ffdb50c5,CIVIL,2021,2026-2027,1.2,2026-07-19T06:43:29.540140Z,4,7,B,Monday,3,10:45,11:35,Estimation and Costing,CE3701,Prof. V. Srinivasan,C366,Main Block,3,Lecture,,,All,
b5d955aa-c83f-4954-b49f-5967d0576071,CIVIL,2021,2026-2027,1.2,2026-07-19T06:43:29.540140Z,4,7,B,Monday,4,11:35,12:25,Earthquake Engineering,CE3702,Prof. V. Sundaram,C206,Main Block,3,Lecture,,,All,
d2f7067a-27b5-43c0-ad26-1f28ff296ced,CIVIL,2021,2026-2027,1.2,2026-07-19T06:43:29.540140Z,4,7,B,Monday,5,13:15,14:05,Earthquake Engineering,CE3702,Prof. V. Sundaram,C330,Main Block,3,Lecture,,,All,
deac75c9-131f-4fa9-b0cd-7853c9718dc7,CIVIL,2021,2026-2027,1.2,2026-07-19T06:43:29.540140Z,4,7,B,Monday,6,14:05,14:55,Earthquake Engineering,CE3702,Prof. V. Sundaram,C220,Main Block,3,Lecture,,,All,
ad28f43c-c970-4bfb-b9eb-a247a5c42569,CIVIL,2021,2026-2027,1.2,2026-07-19T06:43:29.540140Z,4,7,B,Monday,7,14:55,15:45,Construction Management,CE3791,Dr. S. Balaji,C105,Main Block,2,Lecture,,,All,
eed3893c-bc4c-4b13-9716-dc4e31c888e4,CIVIL,2021,2026-2027,1.2,2026-07-19T06:43:29.540140Z,4,7,B,Tuesday,1,08:45,09:35,Project Work,CE3711,Dr. P. Ramesh,C250,Main Block,2,Mini Project,,,All,
0438c955-da8f-4474-b0da-5bef0704b06c,CIVIL,2021,2026-2027,1.2,2026-07-19T06:43:29.540140Z,4,7,B,Tuesday,2,09:35,10:25,Project Work,CE3711,Dr. P. Ramesh,C264,Main Block,2,Mini Project,,,All,
89b14320-46fa-4a8f-80fa-de6929894407,CIVIL,2021,2026-2027,1.2,2026-07-19T06:43:29.540140Z,4,7,B,Tuesday,3,10:45,11:35,Estimation and Costing,CE3701,Prof. V. Srinivasan,C162,Main Block,3,Lecture,,,All,
3fd153c4-6030-48a8-a0d7-6b924b82dcf7,CIVIL,2021,2026-2027,1.2,2026-07-19T06:43:29.540140Z,4,7,B,Tuesday,4,11:35,12:25,Earthquake Engineering,CE3702,Prof. V. Sundaram,C371,Main Block,3,Lecture,,,All,
e4b0f6e1-b655-417c-82e4-ddd37ecef929,CIVIL,2021,2026-2027,1.2,2026-07-19T06:43:29.540140Z,4,7,B,Tuesday,5,13:15,14:05,Civil Engineering Laboratory,CE3712,Dr. R. Balaji,Lab-2,Main Block,2,Lab,Lab-2,,All,
81be05f2-058b-4937-a15f-c14133cd565e,CIVIL,2021,2026-2027,1.2,2026-07-19T06:43:29.540140Z,4,7,B,Tuesday,6,14:05,14:55,Civil Engineering Laboratory,CE3712,Dr. R. Balaji,Lab-2,Main Block,2,Lab,Lab-2,,All,
a967ef97-4e56-45a3-9dd3-be75ae942909,CIVIL,2021,2026-2027,1.2,2026-07-19T06:43:29.540140Z,4,7,B,Tuesday,7,14:55,15:45,Civil Engineering Laboratory,CE3712,Dr. R. Balaji,Lab-2,Main Block,2,Lab,Lab-2,,All,
62b9a573-d760-41e8-a36a-19e5c68573a3,CIVIL,2021,2026-2027,1.2,2026-07-19T06:43:29.540140Z,4,7,B,Wednesday,1,08:45,09:35,Estimation and Costing,CE3701,Prof. V. Srinivasan,C353,Main Block,3,Lecture,,,All,
4ec2a821-492a-4359-8112-4af5ff204edd,CIVIL,2021,2026-2027,1.2,2026-07-19T06:43:29.540140Z,4,7,B,Wednesday,2,09:35,10:25,Project Work,CE3711,Dr. P. Ramesh,C163,Main Block,2,Mini Project,,,All,
3d2e5e37-bf21-4299-839e-8be6fd257cad,CIVIL,2021,2026-2027,1.2,2026-07-19T06:43:29.540140Z,4,7,B,Wednesday,3,10:45,11:35,Earthquake Engineering,CE3702,Prof. V. Sundaram,C369,Main Block,3,Lecture,,,All,
3a670355-bf1f-46d4-a389-398a4e8791e1,CIVIL,2021,2026-2027,1.2,2026-07-19T06:43:29.540140Z,4,7,B,Wednesday,4,11:35,12:25,Project Work,CE3711,Dr. P. Ramesh,C323,Main Block,2,Mini Project,,,All,
cbb195aa-bfdf-40d0-8215-8026cf432b12,CIVIL,2021,2026-2027,1.2,2026-07-19T06:43:29.540140Z,4,7,B,Wednesday,5,13:15,14:05,Project Work,CE3711,Dr. P. Ramesh,C256,Main Block,2,Mini Project,,,All,
a91841e2-ac25-4b68-8a08-fcc16d38c734,CIVIL,2021,2026-2027,1.2,2026-07-19T06:43:29.540140Z,4,7,B,Wednesday,6,14:05,14:55,Project Work,CE3711,Dr. P. Ramesh,C152,Main Block,2,Mini Project,,,All,
18191793-de9c-43d2-8aca-4bdb84f6afe2,CIVIL,2021,2026-2027,1.2,2026-07-19T06:43:29.540140Z,4,7,B,Wednesday,7,14:55,15:45,Project Work,CE3711,Dr. P. Ramesh,C148,Main Block,2,Mini Project,,,All,
29f22e36-a8b3-4b63-a649-31b577ff1bc5,CIVIL,2021,2026-2027,1.2,2026-07-19T06:43:29.540140Z,4,7,B,Thursday,1,08:45,09:35,Project Work,CE3711,Dr. P. Ramesh,C201,Main Block,2,Mini Project,,,All,
7ff6783a-1c3a-4ef2-825d-d9c786282c77,CIVIL,2021,2026-2027,1.2,2026-07-19T06:43:29.540140Z,4,7,B,Thursday,2,09:35,10:25,Earthquake Engineering,CE3702,Prof. V. Sundaram,C328,Main Block,3,Lecture,,,All,
b6c3b079-e62c-4f5e-9013-9a658c2d5d67,CIVIL,2021,2026-2027,1.2,2026-07-19T06:43:29.540140Z,4,7,B,Thursday,3,10:45,11:35,Construction Management,CE3791,Dr. S. Balaji,C125,Main Block,2,Lecture,,,All,
0ae5b095-15de-464c-9844-26218a7358e4,CIVIL,2021,2026-2027,1.2,2026-07-19T06:43:29.540140Z,4,7,B,Thursday,4,11:35,12:25,Earthquake Engineering,CE3702,Prof. V. Sundaram,C369,Main Block,3,Lecture,,,All,
010125d7-cf56-4a10-9aad-2cc7fde54515,CIVIL,2021,2026-2027,1.2,2026-07-19T06:43:29.540140Z,4,7,B,Thursday,5,13:15,14:05,Civil Engineering Laboratory,CE3712,Dr. R. Balaji,Lab-3,Main Block,2,Lab,Lab-3,,All,
67fe2627-4d0b-4b67-adfb-3409646f9724,CIVIL,2021,2026-2027,1.2,2026-07-19T06:43:29.540140Z,4,7,B,Thursday,6,14:05,14:55,Civil Engineering Laboratory,CE3712,Dr. R. Balaji,Lab-3,Main Block,2,Lab,Lab-3,,All,
7fb32615-458e-4408-89c8-b4e80a8cfed6,CIVIL,2021,2026-2027,1.2,2026-07-19T06:43:29.540140Z,4,7,B,Thursday,7,14:55,15:45,Civil Engineering Laboratory,CE3712,Dr. R. Balaji,Lab-3,Main Block,2,Lab,Lab-3,,All,
02d99593-96b2-4d09-b31d-399a55ea4a34,CIVIL,2021,2026-2027,1.2,2026-07-19T06:43:29.540140Z,4,7,B,Friday,1,08:45,09:35,Estimation and Costing,CE3701,Prof. V. Srinivasan,C265,Main Block,3,Lecture,,,All,
112a6bdb-0df4-45ac-ba71-58e876ff1a38,CIVIL,2021,2026-2027,1.2,2026-07-19T06:43:29.540140Z,4,7,B,Friday,2,09:35,10:25,Earthquake Engineering,CE3702,Prof. V. Sundaram,C338,Main Block,3,Lecture,,,All,
f7815034-3a99-44c9-b8a6-38f6d467a61f,CIVIL,2021,2026-2027,1.2,2026-07-19T06:43:29.540140Z,4,7,B,Friday,3,10:45,11:35,Construction Management,CE3791,Dr. S. Balaji,C344,Main Block,2,Lecture,,,All,
73f1b074-a95d-4505-ba7f-306ebdabeacc,CIVIL,2021,2026-2027,1.2,2026-07-19T06:43:29.540140Z,4,7,B,Friday,4,11:35,12:25,Earthquake Engineering,CE3702,Prof. V. Sundaram,C105,Main Block,3,Lecture,,,All,
5fba8745-29ec-41b9-b401-50aefadf29cb,CIVIL,2021,2026-2027,1.2,2026-07-19T06:43:29.540140Z,4,7,B,Friday,5,13:15,14:05,Construction Management,CE3791,Dr. S. Balaji,C341,Main Block,2,Lecture,,,All,
ac8cd069-0a46-41ae-83cb-3a7395952025,CIVIL,2021,2026-2027,1.2,2026-07-19T06:43:29.540140Z,4,7,B,Friday,6,14:05,14:55,Earthquake Engineering,CE3702,Prof. V. Sundaram,C391,Main Block,3,Lecture,,,All,
e6327d8d-b5ca-46bc-a543-a3364c2037af,CIVIL,2021,2026-2027,1.2,2026-07-19T06:43:29.540140Z,4,7,B,Friday,7,14:55,15:45,Construction Management,CE3791,Dr. S. Balaji,C202,Main Block,2,Lecture,,,All,
4591e96f-3cf9-446d-910a-fcaf4de32586,CIVIL,2021,2026-2027,1.2,2026-07-19T06:43:29.540140Z,4,7,B,Saturday,1,08:45,09:35,Project Work,CE3711,Dr. P. Ramesh,C185,Main Block,2,Mini Project,,,All,
108cbbd5-f52e-489b-ac1e-d49900111fd1,CIVIL,2021,2026-2027,1.2,2026-07-19T06:43:29.540140Z,4,7,B,Saturday,2,09:35,10:25,Earthquake Engineering,CE3702,Prof. V. Sundaram,C146,Main Block,3,Lecture,,,All,
35117127-1a85-4619-bc94-07cff1706cfe,CIVIL,2021,2026-2027,1.2,2026-07-19T06:43:29.540140Z,4,7,B,Saturday,3,10:45,11:35,Estimation and Costing,CE3701,Prof. V. Srinivasan,C102,Main Block,3,Lecture,,,All,
9e747d00-7344-4287-be7e-d424f54a8d60,CIVIL,2021,2026-2027,1.2,2026-07-19T06:43:29.540140Z,4,7,B,Saturday,4,11:35,12:25,Estimation and Costing,CE3701,Prof. V. Srinivasan,C348,Main Block,3,Lecture,,,All,
481fb6a6-6898-4ddc-b031-979f16d2078d,CIVIL,2021,2026-2027,1.2,2026-07-19T06:43:29.540140Z,4,7,B,Saturday,5,13:15,14:05,Civil Engineering Laboratory,CE3712,Dr. R. Balaji,Lab-7,Main Block,2,Lab,Lab-7,,All,
2426f51b-2771-497b-b018-80f8f8262c61,CIVIL,2021,2026-2027,1.2,2026-07-19T06:43:29.540140Z,4,7,B,Saturday,6,14:05,14:55,Civil Engineering Laboratory,CE3712,Dr. R. Balaji,Lab-7,Main Block,2,Lab,Lab-7,,All,
8b06f645-7e65-4ca5-8c56-e85ac90aa4af,CIVIL,2021,2026-2027,1.2,2026-07-19T06:43:29.540140Z,4,7,B,Saturday,7,14:55,15:45,Civil Engineering Laboratory,CE3712,Dr. R. Balaji,Lab-7,Main Block,2,Lab,Lab-7,,All,
ceda051b-f1a7-4ab3-a84b-2e7d6f9266a9,BME,2021,2026-2027,1.2,2026-07-19T06:43:29.540140Z,1,1,A,Monday,1,08:45,09:35,Problem Solving and Python Programming,GE3151,Dr. R. Srinivasan,C295,Main Block,3,Lecture,,,All,
a6103b5b-d159-4489-8c93-309a1affa0e0,BME,2021,2026-2027,1.2,2026-07-19T06:43:29.540140Z,1,1,A,Monday,2,09:35,10:25,Problem Solving and Python Programming,GE3151,Dr. R. Srinivasan,C397,Main Block,3,Lecture,,,All,
413a23f9-601b-4066-9d76-98f090a0baf0,BME,2021,2026-2027,1.2,2026-07-19T06:43:29.540140Z,1,1,A,Monday,3,10:45,11:35,Engineering Physics,PH3151,Prof. A. Sundaram,C224,Main Block,3,Lecture,,,All,
221ef5be-e4f0-462f-9cf3-fb7f58e8abc5,BME,2021,2026-2027,1.2,2026-07-19T06:43:29.540140Z,1,1,A,Monday,4,11:35,12:25,Heritage of Tamils,GE3152,Dr. M. Venkatesh,C119,Main Block,1,Lecture,,,All,
7b9fb211-7d3a-4fb7-b769-cf01bd0f3393,BME,2021,2026-2027,1.2,2026-07-19T06:43:29.540140Z,1,1,A,Monday,5,13:15,14:05,Matrices and Calculus,MA3151,Dr. M. Natarajan,C229,Main Block,4,Lecture,,,All,
db9b07c8-146b-4ff1-9529-46a02e9f46e1,BME,2021,2026-2027,1.2,2026-07-19T06:43:29.540140Z,1,1,A,Monday,6,14:05,14:55,Heritage of Tamils,GE3152,Dr. M. Venkatesh,C385,Main Block,1,Lecture,,,All,
56f87e6d-3396-4ca1-9c46-60c70dc97b92,BME,2021,2026-2027,1.2,2026-07-19T06:43:29.540140Z,1,1,A,Monday,7,14:55,15:45,Heritage of Tamils,GE3152,Dr. M. Venkatesh,C258,Main Block,1,Lecture,,,All,
6b05b14c-ab5a-454b-9752-182f0954e807,BME,2021,2026-2027,1.2,2026-07-19T06:43:29.540140Z,1,1,A,Tuesday,1,08:45,09:35,Engineering Physics,PH3151,Prof. A. Sundaram,C302,Main Block,3,Lecture,,,All,
6cb8d142-b0e5-4950-82f2-ad70243af3d5,BME,2021,2026-2027,1.2,2026-07-19T06:43:29.540140Z,1,1,A,Tuesday,2,09:35,10:25,Engineering Chemistry,CY3151,Dr. M. Srinivasan,C197,Main Block,3,Lecture,,,All,
153a7429-987c-4fe5-bb01-8a2ac1aa8cc5,BME,2021,2026-2027,1.2,2026-07-19T06:43:29.540140Z,1,1,A,Tuesday,3,10:45,11:35,Matrices and Calculus,MA3151,Dr. M. Natarajan,C305,Main Block,4,Lecture,,,All,
0b7513df-244f-42be-9b75-fb6802832eae,BME,2021,2026-2027,1.2,2026-07-19T06:43:29.540140Z,1,1,A,Tuesday,4,11:35,12:25,Problem Solving and Python Programming,GE3151,Dr. R. Srinivasan,C269,Main Block,3,Lecture,,,All,
f92b6a86-be64-4af4-94b4-edaa8af0edfa,BME,2021,2026-2027,1.2,2026-07-19T06:43:29.540140Z,1,1,A,Tuesday,5,13:15,14:05,Programming Laboratory,GE3171,Dr. P. Natarajan,Lab-9,Main Block,2,Lab,Lab-9,,All,
a909e1c0-1c91-4347-9fae-a8220cfb6170,BME,2021,2026-2027,1.2,2026-07-19T06:43:29.540140Z,1,1,A,Tuesday,6,14:05,14:55,Programming Laboratory,GE3171,Dr. P. Natarajan,Lab-9,Main Block,2,Lab,Lab-9,,All,
dbc25e4b-cd1c-4b4e-827d-55fd45d85de3,BME,2021,2026-2027,1.2,2026-07-19T06:43:29.540140Z,1,1,A,Tuesday,7,14:55,15:45,Programming Laboratory,GE3171,Dr. P. Natarajan,Lab-9,Main Block,2,Lab,Lab-9,,All,
54186c9e-42a8-4e5d-8a0f-cdb0db6f2e59,BME,2021,2026-2027,1.2,2026-07-19T06:43:29.540140Z,1,1,A,Wednesday,1,08:45,09:35,Heritage of Tamils,GE3152,Dr. M. Venkatesh,C367,Main Block,1,Lecture,,,All,
6cb8c84d-1284-4b93-8a53-fb9f85b7b417,BME,2021,2026-2027,1.2,2026-07-19T06:43:29.540140Z,1,1,A,Wednesday,2,09:35,10:25,Problem Solving and Python Programming,GE3151,Dr. R. Srinivasan,C282,Main Block,3,Lecture,,,All,
fb312a17-41c6-497a-8fce-58a422e8afc0,BME,2021,2026-2027,1.2,2026-07-19T06:43:29.540140Z,1,1,A,Wednesday,3,10:45,11:35,Heritage of Tamils,GE3152,Dr. M. Venkatesh,C206,Main Block,1,Lecture,,,All,
5a319483-6366-4b2d-9620-787038619553,BME,2021,2026-2027,1.2,2026-07-19T06:43:29.540140Z,1,1,A,Wednesday,4,11:35,12:25,Problem Solving and Python Programming,GE3151,Dr. R. Srinivasan,C234,Main Block,3,Lecture,,,All,
096e4e5d-a42a-4f87-861d-4aa92d6e87b7,BME,2021,2026-2027,1.2,2026-07-19T06:43:29.540140Z,1,1,A,Wednesday,5,13:15,14:05,Matrices and Calculus,MA3151,Dr. M. Natarajan,C348,Main Block,4,Lecture,,,All,
2019e7c6-beb0-4f1c-91a9-43411fbcb8e0,BME,2021,2026-2027,1.2,2026-07-19T06:43:29.540140Z,1,1,A,Wednesday,6,14:05,14:55,Engineering Physics,PH3151,Prof. A. Sundaram,C300,Main Block,3,Lecture,,,All,
604f60c3-2cb3-4cb3-81e8-c6fcc2b1e914,BME,2021,2026-2027,1.2,2026-07-19T06:43:29.540140Z,1,1,A,Wednesday,7,14:55,15:45,Matrices and Calculus,MA3151,Dr. M. Natarajan,C143,Main Block,4,Lecture,,,All,
4a171304-5b60-49ca-8346-f46f79efe8d3,BME,2021,2026-2027,1.2,2026-07-19T06:43:29.540140Z,1,1,A,Thursday,1,08:45,09:35,Problem Solving and Python Programming,GE3151,Dr. R. Srinivasan,C292,Main Block,3,Lecture,,,All,
ac285bd4-79d9-4848-ac71-d96466e10f0a,BME,2021,2026-2027,1.2,2026-07-19T06:43:29.540140Z,1,1,A,Thursday,2,09:35,10:25,Professional English - I,HS3152,Prof. G. Balaji,C237,Main Block,3,Lecture,,,All,
9e5b16f7-debb-44d2-a3e9-4fcdf1c818b5,BME,2021,2026-2027,1.2,2026-07-19T06:43:29.540140Z,1,1,A,Thursday,3,10:45,11:35,Engineering Physics,PH3151,Prof. A. Sundaram,C394,Main Block,3,Lecture,,,All,
abcd065b-e509-48ef-b44c-ae4d4241a0d2,BME,2021,2026-2027,1.2,2026-07-19T06:43:29.540140Z,1,1,A,Thursday,4,11:35,12:25,Problem Solving and Python Programming,GE3151,Dr. R. Srinivasan,C180,Main Block,3,Lecture,,,All,
419b7419-b3fa-4ebc-8f28-c9fdc5dca4cc,BME,2021,2026-2027,1.2,2026-07-19T06:43:29.540140Z,1,1,A,Thursday,5,13:15,14:05,Physics and Chemistry Laboratory,BS3171,Prof. A. Natarajan,Lab-9,Main Block,2,Lab,Lab-9,,All,
71539981-0896-4ea3-a993-97f703a57501,BME,2021,2026-2027,1.2,2026-07-19T06:43:29.540140Z,1,1,A,Thursday,6,14:05,14:55,Physics and Chemistry Laboratory,BS3171,Prof. A. Natarajan,Lab-9,Main Block,2,Lab,Lab-9,,All,
0cf9b8d3-7e5b-4a2e-9d73-3dded809c71a,BME,2021,2026-2027,1.2,2026-07-19T06:43:29.540140Z,1,1,A,Thursday,7,14:55,15:45,Physics and Chemistry Laboratory,BS3171,Prof. A. Natarajan,Lab-9,Main Block,2,Lab,Lab-9,,All,
4370f6ed-9a89-43f5-bf27-9b6a9593af19,BME,2021,2026-2027,1.2,2026-07-19T06:43:29.540140Z,1,1,A,Friday,1,08:45,09:35,Heritage of Tamils,GE3152,Dr. M. Venkatesh,C167,Main Block,1,Lecture,,,All,
80284c1e-f7ca-4dc8-b00b-00e7e2789334,BME,2021,2026-2027,1.2,2026-07-19T06:43:29.540140Z,1,1,A,Friday,2,09:35,10:25,Engineering Physics,PH3151,Prof. A. Sundaram,C317,Main Block,3,Lecture,,,All,
91ec46a4-a17e-4eec-b33e-3d8708a0493b,BME,2021,2026-2027,1.2,2026-07-19T06:43:29.540140Z,1,1,A,Friday,3,10:45,11:35,Heritage of Tamils,GE3152,Dr. M. Venkatesh,C140,Main Block,1,Lecture,,,All,
9f26b6ad-521c-471e-b306-86d9da8c916f,BME,2021,2026-2027,1.2,2026-07-19T06:43:29.540140Z,1,1,A,Friday,4,11:35,12:25,Heritage of Tamils,GE3152,Dr. M. Venkatesh,C359,Main Block,1,Lecture,,,All,
e1cf0935-55e6-45c6-b15a-5924e1773bd3,BME,2021,2026-2027,1.2,2026-07-19T06:43:29.540140Z,1,1,A,Friday,5,13:15,14:05,Heritage of Tamils,GE3152,Dr. M. Venkatesh,C383,Main Block,1,Lecture,,,All,
78286b16-b530-4cab-8441-f89f6110acc9,BME,2021,2026-2027,1.2,2026-07-19T06:43:29.540140Z,1,1,A,Friday,6,14:05,14:55,Professional English - I,HS3152,Prof. G. Balaji,C171,Main Block,3,Lecture,,,All,
25ae6185-4a8e-4c2f-95d5-06a6c61803c8,BME,2021,2026-2027,1.2,2026-07-19T06:43:29.540140Z,1,1,A,Friday,7,14:55,15:45,Engineering Physics,PH3151,Prof. A. Sundaram,C403,Main Block,3,Lecture,,,All,
6ac93e27-a4ba-4c07-b7f9-536c5ebb1cac,BME,2021,2026-2027,1.2,2026-07-19T06:43:29.540140Z,1,1,A,Saturday,1,08:45,09:35,Engineering Physics,PH3151,Prof. A. Sundaram,C172,Main Block,3,Lecture,,,All,
ac5090c4-ae65-4737-b175-3f0031f53c40,BME,2021,2026-2027,1.2,2026-07-19T06:43:29.540140Z,1,1,A,Saturday,2,09:35,10:25,Problem Solving and Python Programming,GE3151,Dr. R. Srinivasan,C169,Main Block,3,Lecture,,,All,
fd33550e-a2d0-46ac-b4be-62deb1ca1383,BME,2021,2026-2027,1.2,2026-07-19T06:43:29.540140Z,1,1,A,Saturday,3,10:45,11:35,Engineering Physics,PH3151,Prof. A. Sundaram,C370,Main Block,3,Lecture,,,All,
fcceb097-0370-4a39-8dc9-bc7cd3cee694,BME,2021,2026-2027,1.2,2026-07-19T06:43:29.540140Z,1,1,A,Saturday,4,11:35,12:25,Engineering Chemistry,CY3151,Dr. M. Srinivasan,C305,Main Block,3,Lecture,,,All,
928aff09-1517-4673-b730-8b796146381e,BME,2021,2026-2027,1.2,2026-07-19T06:43:29.540140Z,1,1,A,Saturday,5,13:15,14:05,English Laboratory,GE3172,Dr. K. Ramesh,Lab-5,Main Block,1,Lab,Lab-5,,All,
18cb75ce-2345-48cf-b55a-a546fd423136,BME,2021,2026-2027,1.2,2026-07-19T06:43:29.540140Z,1,1,A,Saturday,6,14:05,14:55,English Laboratory,GE3172,Dr. K. Ramesh,Lab-5,Main Block,1,Lab,Lab-5,,All,
1e99b4f6-284b-425c-a7ab-782419e6c084,BME,2021,2026-2027,1.2,2026-07-19T06:43:29.540140Z,1,1,A,Saturday,7,14:55,15:45,English Laboratory,GE3172,Dr. K. Ramesh,Lab-5,Main Block,1,Lab,Lab-5,,All,
533bcb36-7418-4f28-a3b3-228d63fa9a13,BME,2021,2026-2027,1.2,2026-07-19T06:43:29.540140Z,1,1,B,Monday,1,08:45,09:35,Engineering Physics,PH3151,Dr. R. Sundaram,C304,Main Block,3,Lecture,,,All,
51e10cf1-41c9-47f5-933a-284cf0abfa40,BME,2021,2026-2027,1.2,2026-07-19T06:43:29.540140Z,1,1,B,Monday,2,09:35,10:25,Engineering Chemistry,CY3151,Dr. S. Karthik,C362,Main Block,3,Lecture,,,All,
580884a0-5057-49a7-9c2d-d92f54a104a8,BME,2021,2026-2027,1.2,2026-07-19T06:43:29.540140Z,1,1,B,Monday,3,10:45,11:35,Engineering Chemistry,CY3151,Dr. S. Karthik,C275,Main Block,3,Lecture,,,All,
6286e539-3eb6-4fa6-8130-09e805cb48c0,BME,2021,2026-2027,1.2,2026-07-19T06:43:29.540140Z,1,1,B,Monday,4,11:35,12:25,Heritage of Tamils,GE3152,Prof. V. Krishnan,C346,Main Block,1,Lecture,,,All,
3aac5cd8-f98d-4001-bfc0-c26ca4a4b080,BME,2021,2026-2027,1.2,2026-07-19T06:43:29.540140Z,1,1,B,Monday,5,13:15,14:05,Professional English - I,HS3152,Dr. S. Balaji,C327,Main Block,3,Lecture,,,All,
07d8ed49-6a51-45d9-b7e8-cb203d40d83c,BME,2021,2026-2027,1.2,2026-07-19T06:43:29.540140Z,1,1,B,Monday,6,14:05,14:55,Professional English - I,HS3152,Dr. S. Balaji,C375,Main Block,3,Lecture,,,All,
4533ffce-b30f-41a9-aa77-a5d8f7a2749a,BME,2021,2026-2027,1.2,2026-07-19T06:43:29.540140Z,1,1,B,Monday,7,14:55,15:45,Matrices and Calculus,MA3151,Dr. P. Karthik,C101,Main Block,4,Lecture,,,All,
3ddbe580-1c78-42f4-9017-289d5f8cf108,BME,2021,2026-2027,1.2,2026-07-19T06:43:29.540140Z,1,1,B,Tuesday,1,08:45,09:35,Engineering Physics,PH3151,Dr. R. Sundaram,C257,Main Block,3,Lecture,,,All,
8b4d7c93-56d5-4c42-a303-3d593b07320c,BME,2021,2026-2027,1.2,2026-07-19T06:43:29.540140Z,1,1,B,Tuesday,2,09:35,10:25,Engineering Physics,PH3151,Dr. R. Sundaram,C307,Main Block,3,Lecture,,,All,
fbc12c68-9041-4663-91ef-bb744a08ece2,BME,2021,2026-2027,1.2,2026-07-19T06:43:29.540140Z,1,1,B,Tuesday,3,10:45,11:35,Professional English - I,HS3152,Dr. S. Balaji,C115,Main Block,3,Lecture,,,All,
5237022f-4a52-4700-8363-b938d5c21f18,BME,2021,2026-2027,1.2,2026-07-19T06:43:29.540140Z,1,1,B,Tuesday,4,11:35,12:25,Heritage of Tamils,GE3152,Prof. V. Krishnan,C132,Main Block,1,Lecture,,,All,
e72491cd-73a2-4138-82ca-fa6506396d7b,BME,2021,2026-2027,1.2,2026-07-19T06:43:29.540140Z,1,1,B,Tuesday,5,13:15,14:05,Programming Laboratory,GE3171,Dr. S. Ramesh,Lab-6,Main Block,2,Lab,Lab-6,,All,
f99509c1-1037-459e-9da2-3636616a4c99,BME,2021,2026-2027,1.2,2026-07-19T06:43:29.540140Z,1,1,B,Tuesday,6,14:05,14:55,Programming Laboratory,GE3171,Dr. S. Ramesh,Lab-6,Main Block,2,Lab,Lab-6,,All,
efdc8ec1-1800-4233-bec8-0dd9a8777547,BME,2021,2026-2027,1.2,2026-07-19T06:43:29.540140Z,1,1,B,Tuesday,7,14:55,15:45,Programming Laboratory,GE3171,Dr. S. Ramesh,Lab-6,Main Block,2,Lab,Lab-6,,All,
8de21462-7b6d-47f2-a445-adc90ac87093,BME,2021,2026-2027,1.2,2026-07-19T06:43:29.540140Z,1,1,B,Wednesday,1,08:45,09:35,Professional English - I,HS3152,Dr. S. Balaji,C353,Main Block,3,Lecture,,,All,
b72c8bfd-9f79-4187-a5d9-15c297ea56b2,BME,2021,2026-2027,1.2,2026-07-19T06:43:29.540140Z,1,1,B,Wednesday,2,09:35,10:25,Engineering Chemistry,CY3151,Dr. S. Karthik,C209,Main Block,3,Lecture,,,All,
a6b7d17a-84ab-41f9-b11a-37518dcc2e70,BME,2021,2026-2027,1.2,2026-07-19T06:43:29.540140Z,1,1,B,Wednesday,3,10:45,11:35,Engineering Chemistry,CY3151,Dr. S. Karthik,C203,Main Block,3,Lecture,,,All,
c321236f-766d-44ea-8e4a-5e4f91d38e3a,BME,2021,2026-2027,1.2,2026-07-19T06:43:29.540140Z,1,1,B,Wednesday,4,11:35,12:25,Heritage of Tamils,GE3152,Prof. V. Krishnan,C356,Main Block,1,Lecture,,,All,
df2ed14e-d331-4293-8074-e2f06a365723,BME,2021,2026-2027,1.2,2026-07-19T06:43:29.540140Z,1,1,B,Wednesday,5,13:15,14:05,Professional English - I,HS3152,Dr. S. Balaji,C192,Main Block,3,Lecture,,,All,
c5173fbb-d363-47af-b2d5-28ccac9d708c,BME,2021,2026-2027,1.2,2026-07-19T06:43:29.540140Z,1,1,B,Wednesday,6,14:05,14:55,Problem Solving and Python Programming,GE3151,Prof. G. Ramesh,C169,Main Block,3,Lecture,,,All,
c828bdcc-707f-431d-a693-aa423769d4e6,BME,2021,2026-2027,1.2,2026-07-19T06:43:29.540140Z,1,1,B,Wednesday,7,14:55,15:45,Engineering Chemistry,CY3151,Dr. S. Karthik,C119,Main Block,3,Lecture,,,All,
a1e11bfd-7686-4f60-94e2-b194ede8642f,BME,2021,2026-2027,1.2,2026-07-19T06:43:29.540140Z,1,1,B,Thursday,1,08:45,09:35,Engineering Chemistry,CY3151,Dr. S. Karthik,C364,Main Block,3,Lecture,,,All,
9d6f1410-4a1a-47f0-bc47-2bb154ee46fe,BME,2021,2026-2027,1.2,2026-07-19T06:43:29.540140Z,1,1,B,Thursday,2,09:35,10:25,Engineering Chemistry,CY3151,Dr. S. Karthik,C283,Main Block,3,Lecture,,,All,
8c287a0b-bb11-4f8f-9e7a-b2ae47e99993,BME,2021,2026-2027,1.2,2026-07-19T06:43:29.540140Z,1,1,B,Thursday,3,10:45,11:35,Engineering Chemistry,CY3151,Dr. S. Karthik,C113,Main Block,3,Lecture,,,All,
207cbf0a-2706-4cf4-87ea-9be998bca364,BME,2021,2026-2027,1.2,2026-07-19T06:43:29.540140Z,1,1,B,Thursday,4,11:35,12:25,Heritage of Tamils,GE3152,Prof. V. Krishnan,C404,Main Block,1,Lecture,,,All,
a5b91997-4867-4f72-ab20-87afd42613e3,BME,2021,2026-2027,1.2,2026-07-19T06:43:29.540140Z,1,1,B,Thursday,5,13:15,14:05,Physics and Chemistry Laboratory,BS3171,Dr. R. Venkatesh,Lab-3,Main Block,2,Lab,Lab-3,,All,
fb1cd6fe-5669-4506-b3ca-e3f98a4f2137,BME,2021,2026-2027,1.2,2026-07-19T06:43:29.540140Z,1,1,B,Thursday,6,14:05,14:55,Physics and Chemistry Laboratory,BS3171,Dr. R. Venkatesh,Lab-3,Main Block,2,Lab,Lab-3,,All,
3489bec5-4d41-4715-913a-95855d1e393e,BME,2021,2026-2027,1.2,2026-07-19T06:43:29.540140Z,1,1,B,Thursday,7,14:55,15:45,Physics and Chemistry Laboratory,BS3171,Dr. R. Venkatesh,Lab-3,Main Block,2,Lab,Lab-3,,All,
14a53062-e498-408a-90c2-0a7d2c0fdf2f,BME,2021,2026-2027,1.2,2026-07-19T06:43:29.540140Z,1,1,B,Friday,1,08:45,09:35,Matrices and Calculus,MA3151,Dr. P. Karthik,C124,Main Block,4,Lecture,,,All,
bc4025a1-2fd1-40f1-ba15-4f1de1ddd131,BME,2021,2026-2027,1.2,2026-07-19T06:43:29.540140Z,1,1,B,Friday,2,09:35,10:25,Professional English - I,HS3152,Dr. S. Balaji,C353,Main Block,3,Lecture,,,All,
e19554c9-398a-4020-84a6-eb387d2a0130,BME,2021,2026-2027,1.2,2026-07-19T06:43:29.540140Z,1,1,B,Friday,3,10:45,11:35,Heritage of Tamils,GE3152,Prof. V. Krishnan,C208,Main Block,1,Lecture,,,All,
9353fc65-7149-43e8-95bf-94b98db55313,BME,2021,2026-2027,1.2,2026-07-19T06:43:29.540140Z,1,1,B,Friday,4,11:35,12:25,Problem Solving and Python Programming,GE3151,Prof. G. Ramesh,C173,Main Block,3,Lecture,,,All,
513b1084-cf2d-442f-83ac-ec0e5a2a87a9,BME,2021,2026-2027,1.2,2026-07-19T06:43:29.540140Z,1,1,B,Friday,5,13:15,14:05,Engineering Chemistry,CY3151,Dr. S. Karthik,C397,Main Block,3,Lecture,,,All,
f0d4667f-e8e5-493b-a2b5-ca35da8487be,BME,2021,2026-2027,1.2,2026-07-19T06:43:29.540140Z,1,1,B,Friday,6,14:05,14:55,Engineering Physics,PH3151,Dr. R. Sundaram,C405,Main Block,3,Lecture,,,All,
c84a07ec-9a39-4308-a047-489fd3efc601,BME,2021,2026-2027,1.2,2026-07-19T06:43:29.540140Z,1,1,B,Friday,7,14:55,15:45,Engineering Physics,PH3151,Dr. R. Sundaram,C131,Main Block,3,Lecture,,,All,
8e593bea-f2a7-4780-bd23-b5d179df3d71,BME,2021,2026-2027,1.2,2026-07-19T06:43:29.540140Z,1,1,B,Saturday,1,08:45,09:35,Engineering Physics,PH3151,Dr. R. Sundaram,C350,Main Block,3,Lecture,,,All,
ba426fc8-0da5-4080-a993-ca2275552deb,BME,2021,2026-2027,1.2,2026-07-19T06:43:29.540140Z,1,1,B,Saturday,2,09:35,10:25,Problem Solving and Python Programming,GE3151,Prof. G. Ramesh,C187,Main Block,3,Lecture,,,All,
e4472ffd-e72d-4b86-8ff6-631fd64c6920,BME,2021,2026-2027,1.2,2026-07-19T06:43:29.540140Z,1,1,B,Saturday,3,10:45,11:35,Matrices and Calculus,MA3151,Dr. P. Karthik,C252,Main Block,4,Lecture,,,All,
8b59a1c5-c0de-4ca3-885d-70c78c3d8e99,BME,2021,2026-2027,1.2,2026-07-19T06:43:29.540140Z,1,1,B,Saturday,4,11:35,12:25,Professional English - I,HS3152,Dr. S. Balaji,C329,Main Block,3,Lecture,,,All,
6d832b46-24f8-4274-b403-f5b543bf70de,BME,2021,2026-2027,1.2,2026-07-19T06:43:29.540140Z,1,1,B,Saturday,5,13:15,14:05,English Laboratory,GE3172,Prof. V. Srinivasan,Lab-4,Main Block,1,Lab,Lab-4,,All,
23427dee-162b-447f-80de-14df5ae3f4cd,BME,2021,2026-2027,1.2,2026-07-19T06:43:29.540140Z,1,1,B,Saturday,6,14:05,14:55,English Laboratory,GE3172,Prof. V. Srinivasan,Lab-4,Main Block,1,Lab,Lab-4,,All,
0e567c4e-dff0-4d63-aaff-fd2ef9360bc1,BME,2021,2026-2027,1.2,2026-07-19T06:43:29.540140Z,1,1,B,Saturday,7,14:55,15:45,English Laboratory,GE3172,Prof. V. Srinivasan,Lab-4,Main Block,1,Lab,Lab-4,,All,
cd48cde7-8a5a-4f1d-8645-36ed2d12c8be,BME,2021,2026-2027,1.2,2026-07-19T06:43:29.540140Z,2,3,A,Monday,1,08:45,09:35,Anatomy and Human Physiology,BM3352,Prof. V. Balaji,C299,Main Block,3,Lecture,,,All,
220efe93-c36e-40af-94f7-f37fbc71cb02,BME,2021,2026-2027,1.2,2026-07-19T06:43:29.540140Z,2,3,A,Monday,2,09:35,10:25,Anatomy and Human Physiology,BM3352,Prof. V. Balaji,C245,Main Block,3,Lecture,,,All,
da719922-c187-4ff7-b7ff-87ade4c24048,BME,2021,2026-2027,1.2,2026-07-19T06:43:29.540140Z,2,3,A,Monday,3,10:45,11:35,Biomedical Instrumentation,BM3301,Dr. R. Kumar,C376,Main Block,4,Lecture,,,All,
e5362f12-9ba4-4b6e-8669-1b73adcab312,BME,2021,2026-2027,1.2,2026-07-19T06:43:29.540140Z,2,3,A,Monday,4,11:35,12:25,Biochemistry,BM3302,Dr. P. Kumar,C177,Main Block,3,Lecture,,,All,
2bca3ccd-d4a9-4708-af5f-8137e4b40aba,BME,2021,2026-2027,1.2,2026-07-19T06:43:29.540140Z,2,3,A,Monday,5,13:15,14:05,Biochemistry,BM3302,Dr. P. Kumar,C301,Main Block,3,Lecture,,,All,
0947a3e2-1f56-4bf9-90ca-df6d86839190,BME,2021,2026-2027,1.2,2026-07-19T06:43:29.540140Z,2,3,A,Monday,6,14:05,14:55,Anatomy and Human Physiology,BM3352,Prof. V. Balaji,C349,Main Block,3,Lecture,,,All,
0d12ffa1-47b3-452a-b30d-9271da427845,BME,2021,2026-2027,1.2,2026-07-19T06:43:29.540140Z,2,3,A,Monday,7,14:55,15:45,Signals and Systems,BM3351,Dr. K. Krishnan,C204,Main Block,4,Lecture,,,All,
73fef372-aae1-484a-9a30-ff5ce87177a9,BME,2021,2026-2027,1.2,2026-07-19T06:43:29.540140Z,2,3,A,Tuesday,1,08:45,09:35,Signals and Systems,BM3351,Dr. K. Krishnan,C264,Main Block,4,Lecture,,,All,
04d15b12-4b22-4039-9a19-80fc77605307,BME,2021,2026-2027,1.2,2026-07-19T06:43:29.540140Z,2,3,A,Tuesday,2,09:35,10:25,Biochemistry,BM3302,Dr. P. Kumar,C362,Main Block,3,Lecture,,,All,
f462755f-70af-4e53-81ce-e9d2b8d2a72e,BME,2021,2026-2027,1.2,2026-07-19T06:43:29.540140Z,2,3,A,Tuesday,3,10:45,11:35,Anatomy and Human Physiology,BM3352,Prof. V. Balaji,C191,Main Block,3,Lecture,,,All,
71f2596c-35b5-4ade-9f65-5e807610be25,BME,2021,2026-2027,1.2,2026-07-19T06:43:29.540140Z,2,3,A,Tuesday,4,11:35,12:25,Biochemistry,BM3302,Dr. P. Kumar,C169,Main Block,3,Lecture,,,All,
82fb49bb-3ead-472c-93f7-45f0bd6544ae,BME,2021,2026-2027,1.2,2026-07-19T06:43:29.540140Z,2,3,A,Tuesday,5,13:15,14:05,Biomedical Instrumentation Laboratory,BM3311,Dr. M. Sundaram,Lab-1,Main Block,2,Lab,Lab-1,,All,
7d83baed-bc80-4d4c-b1fd-a8f97837da5b,BME,2021,2026-2027,1.2,2026-07-19T06:43:29.540140Z,2,3,A,Tuesday,6,14:05,14:55,Biomedical Instrumentation Laboratory,BM3311,Dr. M. Sundaram,Lab-1,Main Block,2,Lab,Lab-1,,All,
269eaed4-5511-4c46-8662-4d9eab17f9a3,BME,2021,2026-2027,1.2,2026-07-19T06:43:29.540140Z,2,3,A,Tuesday,7,14:55,15:45,Biomedical Instrumentation Laboratory,BM3311,Dr. M. Sundaram,Lab-1,Main Block,2,Lab,Lab-1,,All,
5410b91e-4c1e-4a5d-84c8-91cdcdca87e4,BME,2021,2026-2027,1.2,2026-07-19T06:43:29.540140Z,2,3,A,Wednesday,1,08:45,09:35,Anatomy and Human Physiology,BM3352,Prof. V. Balaji,C164,Main Block,3,Lecture,,,All,
55f07e99-ea81-4745-baeb-bfdfc7d07b33,BME,2021,2026-2027,1.2,2026-07-19T06:43:29.540140Z,2,3,A,Wednesday,2,09:35,10:25,Biomedical Instrumentation,BM3301,Dr. R. Kumar,C121,Main Block,4,Lecture,,,All,
727e62b8-1cc8-4ae8-b0a5-911dc2858c7f,BME,2021,2026-2027,1.2,2026-07-19T06:43:29.540140Z,2,3,A,Wednesday,3,10:45,11:35,Signals and Systems,BM3351,Dr. K. Krishnan,C254,Main Block,4,Lecture,,,All,
d6659d4c-e727-4b28-9b6c-2bcbe0738a27,BME,2021,2026-2027,1.2,2026-07-19T06:43:29.540140Z,2,3,A,Wednesday,4,11:35,12:25,Anatomy and Human Physiology,BM3352,Prof. V. Balaji,C159,Main Block,3,Lecture,,,All,
5b91e3f8-58bc-4a6a-b664-99c58536587d,BME,2021,2026-2027,1.2,2026-07-19T06:43:29.540140Z,2,3,A,Wednesday,5,13:15,14:05,Anatomy and Human Physiology,BM3352,Prof. V. Balaji,C288,Main Block,3,Lecture,,,All,
8eaac8bc-ffcf-4ff0-a5db-f4949fe79a6b,BME,2021,2026-2027,1.2,2026-07-19T06:43:29.540140Z,2,3,A,Wednesday,6,14:05,14:55,Signals and Systems,BM3351,Dr. K. Krishnan,C193,Main Block,4,Lecture,,,All,
97f48c27-0503-4b1f-b897-2e4f041ed62a,BME,2021,2026-2027,1.2,2026-07-19T06:43:29.540140Z,2,3,A,Wednesday,7,14:55,15:45,Anatomy and Human Physiology,BM3352,Prof. V. Balaji,C117,Main Block,3,Lecture,,,All,
67607d85-69b9-4a5a-87ce-12b989f55818,BME,2021,2026-2027,1.2,2026-07-19T06:43:29.540140Z,2,3,A,Thursday,1,08:45,09:35,Biomedical Instrumentation,BM3301,Dr. R. Kumar,C150,Main Block,4,Lecture,,,All,
7eaa4949-a50f-4b06-ad2b-2f27077c0a49,BME,2021,2026-2027,1.2,2026-07-19T06:43:29.540140Z,2,3,A,Thursday,2,09:35,10:25,Biochemistry,BM3302,Dr. P. Kumar,C298,Main Block,3,Lecture,,,All,
68b0b440-5b08-4299-ad25-aa000f70d0f3,BME,2021,2026-2027,1.2,2026-07-19T06:43:29.540140Z,2,3,A,Thursday,3,10:45,11:35,Anatomy and Human Physiology,BM3352,Prof. V. Balaji,C133,Main Block,3,Lecture,,,All,
8bd4adff-4d0b-4cb0-a2d5-9513433b56a0,BME,2021,2026-2027,1.2,2026-07-19T06:43:29.540140Z,2,3,A,Thursday,4,11:35,12:25,Biomedical Instrumentation,BM3301,Dr. R. Kumar,C138,Main Block,4,Lecture,,,All,
c3c47784-89da-44af-a261-98040a3e1058,BME,2021,2026-2027,1.2,2026-07-19T06:43:29.540140Z,2,3,A,Thursday,5,13:15,14:05,Biomedical Instrumentation Laboratory,BM3311,Dr. M. Sundaram,Lab-6,Main Block,2,Lab,Lab-6,,All,
af5e6980-cdc4-4c70-887b-f00a5065f70e,BME,2021,2026-2027,1.2,2026-07-19T06:43:29.540140Z,2,3,A,Thursday,6,14:05,14:55,Biomedical Instrumentation Laboratory,BM3311,Dr. M. Sundaram,Lab-6,Main Block,2,Lab,Lab-6,,All,
cf6a43b5-8915-4e7f-a95b-8a5c675e51e8,BME,2021,2026-2027,1.2,2026-07-19T06:43:29.540140Z,2,3,A,Thursday,7,14:55,15:45,Biomedical Instrumentation Laboratory,BM3311,Dr. M. Sundaram,Lab-6,Main Block,2,Lab,Lab-6,,All,
f5a51ea4-68f4-4c05-b39e-f03a6071d0d6,BME,2021,2026-2027,1.2,2026-07-19T06:43:29.540140Z,2,3,A,Friday,1,08:45,09:35,Biomedical Instrumentation,BM3301,Dr. R. Kumar,C236,Main Block,4,Lecture,,,All,
556b1b5b-aaea-45c4-8b8a-0fa122802fc4,BME,2021,2026-2027,1.2,2026-07-19T06:43:29.540140Z,2,3,A,Friday,2,09:35,10:25,Biochemistry,BM3302,Dr. P. Kumar,C200,Main Block,3,Lecture,,,All,
dff5e1b1-3549-42c0-aa74-245121834cff,BME,2021,2026-2027,1.2,2026-07-19T06:43:29.540140Z,2,3,A,Friday,3,10:45,11:35,Biochemistry,BM3302,Dr. P. Kumar,C201,Main Block,3,Lecture,,,All,
c0d1c0c2-2dd6-4a91-a7c8-ea4d6ae8d222,BME,2021,2026-2027,1.2,2026-07-19T06:43:29.540140Z,2,3,A,Friday,4,11:35,12:25,Anatomy and Human Physiology,BM3352,Prof. V. Balaji,C243,Main Block,3,Lecture,,,All,
b7ace318-0621-47ab-852e-bf79b8da23dd,BME,2021,2026-2027,1.2,2026-07-19T06:43:29.540140Z,2,3,A,Friday,5,13:15,14:05,Biochemistry,BM3302,Dr. P. Kumar,C120,Main Block,3,Lecture,,,All,
104ed16a-2e67-4fec-a652-878fe32c3b40,BME,2021,2026-2027,1.2,2026-07-19T06:43:29.540140Z,2,3,A,Friday,6,14:05,14:55,Biochemistry,BM3302,Dr. P. Kumar,C393,Main Block,3,Lecture,,,All,
8ec6eb43-fcc2-42af-8efa-eb8552908f3d,BME,2021,2026-2027,1.2,2026-07-19T06:43:29.540140Z,2,3,A,Friday,7,14:55,15:45,Signals and Systems,BM3351,Dr. K. Krishnan,C247,Main Block,4,Lecture,,,All,
339797f9-e0eb-4114-8594-f9b8c8f12a4a,BME,2021,2026-2027,1.2,2026-07-19T06:43:29.540140Z,2,3,A,Saturday,1,08:45,09:35,Biochemistry,BM3302,Dr. P. Kumar,C153,Main Block,3,Lecture,,,All,
d5a81b5b-8bc0-40de-a51b-7edb846a0664,BME,2021,2026-2027,1.2,2026-07-19T06:43:29.540140Z,2,3,A,Saturday,2,09:35,10:25,Biochemistry,BM3302,Dr. P. Kumar,C354,Main Block,3,Lecture,,,All,
9f51af15-d51d-43f8-b9d0-8b728c8e2ce0,BME,2021,2026-2027,1.2,2026-07-19T06:43:29.540140Z,2,3,A,Saturday,3,10:45,11:35,Signals and Systems,BM3351,Dr. K. Krishnan,C167,Main Block,4,Lecture,,,All,
76628e32-b332-4706-b26a-af3ee641b9de,BME,2021,2026-2027,1.2,2026-07-19T06:43:29.540140Z,2,3,A,Saturday,4,11:35,12:25,Biomedical Instrumentation,BM3301,Dr. R. Kumar,C250,Main Block,4,Lecture,,,All,
2b3b6f65-080e-4ca4-8d95-3e63f9bac743,BME,2021,2026-2027,1.2,2026-07-19T06:43:29.540140Z,2,3,A,Saturday,5,13:15,14:05,Biomedical Instrumentation Laboratory,BM3311,Dr. M. Sundaram,Lab-8,Main Block,2,Lab,Lab-8,,All,
625251f2-6577-40c1-91c3-077c1f9f9d1f,BME,2021,2026-2027,1.2,2026-07-19T06:43:29.540140Z,2,3,A,Saturday,6,14:05,14:55,Biomedical Instrumentation Laboratory,BM3311,Dr. M. Sundaram,Lab-8,Main Block,2,Lab,Lab-8,,All,
585cd9f7-c73c-4cb4-bdc9-bd2ba885e597,BME,2021,2026-2027,1.2,2026-07-19T06:43:29.540140Z,2,3,A,Saturday,7,14:55,15:45,Biomedical Instrumentation Laboratory,BM3311,Dr. M. Sundaram,Lab-8,Main Block,2,Lab,Lab-8,,All,
ab739bcf-9e59-4cfb-92be-a0521b3f4dee,BME,2021,2026-2027,1.2,2026-07-19T06:43:29.540140Z,2,3,B,Monday,1,08:45,09:35,Biochemistry,BM3302,Dr. K. Sundaram,C293,Main Block,3,Lecture,,,All,
1a85cfe0-5ee0-45a5-aa0f-f117b3a4f069,BME,2021,2026-2027,1.2,2026-07-19T06:43:29.540140Z,2,3,B,Monday,2,09:35,10:25,Anatomy and Human Physiology,BM3352,Dr. M. Rajan,C314,Main Block,3,Lecture,,,All,
32286c98-a735-4e62-83bd-0258e60e3227,BME,2021,2026-2027,1.2,2026-07-19T06:43:29.540140Z,2,3,B,Monday,3,10:45,11:35,Anatomy and Human Physiology,BM3352,Dr. M. Rajan,C127,Main Block,3,Lecture,,,All,
743dee0f-fdef-4344-8d49-fb17a363dee3,BME,2021,2026-2027,1.2,2026-07-19T06:43:29.540140Z,2,3,B,Monday,4,11:35,12:25,Biochemistry,BM3302,Dr. K. Sundaram,C369,Main Block,3,Lecture,,,All,
68ae1458-afee-42d4-9940-e9956e4c61fd,BME,2021,2026-2027,1.2,2026-07-19T06:43:29.540140Z,2,3,B,Monday,5,13:15,14:05,Biomedical Instrumentation,BM3301,Dr. K. Natarajan,C356,Main Block,4,Lecture,,,All,
26c5580c-0eb0-4781-a140-2dcb887c47e7,BME,2021,2026-2027,1.2,2026-07-19T06:43:29.540140Z,2,3,B,Monday,6,14:05,14:55,Signals and Systems,BM3351,Dr. P. Venkatesh,C149,Main Block,4,Lecture,,,All,
110e12d4-22f5-4e29-ba55-373e677ce725,BME,2021,2026-2027,1.2,2026-07-19T06:43:29.540140Z,2,3,B,Monday,7,14:55,15:45,Biochemistry,BM3302,Dr. K. Sundaram,C264,Main Block,3,Lecture,,,All,
c738d587-907a-4ad1-bff1-1a90551298e1,BME,2021,2026-2027,1.2,2026-07-19T06:43:29.540140Z,2,3,B,Tuesday,1,08:45,09:35,Signals and Systems,BM3351,Dr. P. Venkatesh,C110,Main Block,4,Lecture,,,All,
a5a5ff45-1d3e-4f35-bf95-e45e6fd1d8c0,BME,2021,2026-2027,1.2,2026-07-19T06:43:29.540140Z,2,3,B,Tuesday,2,09:35,10:25,Biochemistry,BM3302,Dr. K. Sundaram,C225,Main Block,3,Lecture,,,All,
9cc70840-842c-4ce8-bed8-96ff90fd5600,BME,2021,2026-2027,1.2,2026-07-19T06:43:29.540140Z,2,3,B,Tuesday,3,10:45,11:35,Anatomy and Human Physiology,BM3352,Dr. M. Rajan,C138,Main Block,3,Lecture,,,All,
316ed7f3-8dd5-43a1-8861-0e0e443789f9,BME,2021,2026-2027,1.2,2026-07-19T06:43:29.540140Z,2,3,B,Tuesday,4,11:35,12:25,Biomedical Instrumentation,BM3301,Dr. K. Natarajan,C150,Main Block,4,Lecture,,,All,
a43c03ec-d42c-4ea0-a470-cc32c7ef2da3,BME,2021,2026-2027,1.2,2026-07-19T06:43:29.540140Z,2,3,B,Tuesday,5,13:15,14:05,Biomedical Instrumentation Laboratory,BM3311,Prof. A. Venkatesh,Lab-10,Main Block,2,Lab,Lab-10,,All,
76c3e325-b088-431f-b491-cc54e971ddb3,BME,2021,2026-2027,1.2,2026-07-19T06:43:29.540140Z,2,3,B,Tuesday,6,14:05,14:55,Biomedical Instrumentation Laboratory,BM3311,Prof. A. Venkatesh,Lab-10,Main Block,2,Lab,Lab-10,,All,
d70b8ea1-e904-46a3-8970-f3d259d05764,BME,2021,2026-2027,1.2,2026-07-19T06:43:29.540140Z,2,3,B,Tuesday,7,14:55,15:45,Biomedical Instrumentation Laboratory,BM3311,Prof. A. Venkatesh,Lab-10,Main Block,2,Lab,Lab-10,,All,
b961db9c-dfa8-48cb-a463-06f6efdfa297,BME,2021,2026-2027,1.2,2026-07-19T06:43:29.540140Z,2,3,B,Wednesday,1,08:45,09:35,Biochemistry,BM3302,Dr. K. Sundaram,C340,Main Block,3,Lecture,,,All,
6e733978-b09d-44c4-9011-47d11c927483,BME,2021,2026-2027,1.2,2026-07-19T06:43:29.540140Z,2,3,B,Wednesday,2,09:35,10:25,Biochemistry,BM3302,Dr. K. Sundaram,C274,Main Block,3,Lecture,,,All,
cd07df1e-2779-4af6-9b9a-0ac7d6699f5b,BME,2021,2026-2027,1.2,2026-07-19T06:43:29.540140Z,2,3,B,Wednesday,3,10:45,11:35,Signals and Systems,BM3351,Dr. P. Venkatesh,C161,Main Block,4,Lecture,,,All,
1e1edbfb-6cbe-495b-9fe1-54216fa54969,BME,2021,2026-2027,1.2,2026-07-19T06:43:29.540140Z,2,3,B,Wednesday,4,11:35,12:25,Biochemistry,BM3302,Dr. K. Sundaram,C305,Main Block,3,Lecture,,,All,
e012b208-27fa-4e55-8cd7-44523f493aa4,BME,2021,2026-2027,1.2,2026-07-19T06:43:29.540140Z,2,3,B,Wednesday,5,13:15,14:05,Anatomy and Human Physiology,BM3352,Dr. M. Rajan,C295,Main Block,3,Lecture,,,All,
7beecfa1-ef58-455a-bf88-a3a759b064f1,BME,2021,2026-2027,1.2,2026-07-19T06:43:29.540140Z,2,3,B,Wednesday,6,14:05,14:55,Anatomy and Human Physiology,BM3352,Dr. M. Rajan,C246,Main Block,3,Lecture,,,All,
48a273c4-20d7-4faa-a30f-b4cb10badba6,BME,2021,2026-2027,1.2,2026-07-19T06:43:29.540140Z,2,3,B,Wednesday,7,14:55,15:45,Biomedical Instrumentation,BM3301,Dr. K. Natarajan,C257,Main Block,4,Lecture,,,All,
72d036bf-2b12-4cb5-82f9-711f2ac43154,BME,2021,2026-2027,1.2,2026-07-19T06:43:29.540140Z,2,3,B,Thursday,1,08:45,09:35,Anatomy and Human Physiology,BM3352,Dr. M. Rajan,C373,Main Block,3,Lecture,,,All,
9c41e1f5-91ea-453d-8ddf-d849733b0a6c,BME,2021,2026-2027,1.2,2026-07-19T06:43:29.540140Z,2,3,B,Thursday,2,09:35,10:25,Biochemistry,BM3302,Dr. K. Sundaram,C216,Main Block,3,Lecture,,,All,
5a5b8d3a-8060-4d85-88c7-2e1db80472a1,BME,2021,2026-2027,1.2,2026-07-19T06:43:29.540140Z,2,3,B,Thursday,3,10:45,11:35,Anatomy and Human Physiology,BM3352,Dr. M. Rajan,C379,Main Block,3,Lecture,,,All,
f98243ce-6406-46d2-8b40-83d38fc8ef5a,BME,2021,2026-2027,1.2,2026-07-19T06:43:29.540140Z,2,3,B,Thursday,4,11:35,12:25,Biomedical Instrumentation,BM3301,Dr. K. Natarajan,C248,Main Block,4,Lecture,,,All,
3f35b8d1-b753-497f-82f7-75612bebc351,BME,2021,2026-2027,1.2,2026-07-19T06:43:29.540140Z,2,3,B,Thursday,5,13:15,14:05,Biomedical Instrumentation Laboratory,BM3311,Prof. A. Venkatesh,Lab-1,Main Block,2,Lab,Lab-1,,All,
bf285775-c229-439b-9a55-ae7215b6307f,BME,2021,2026-2027,1.2,2026-07-19T06:43:29.540140Z,2,3,B,Thursday,6,14:05,14:55,Biomedical Instrumentation Laboratory,BM3311,Prof. A. Venkatesh,Lab-1,Main Block,2,Lab,Lab-1,,All,
a668504b-5f7c-43d9-8920-ec0147ddf0c5,BME,2021,2026-2027,1.2,2026-07-19T06:43:29.540140Z,2,3,B,Thursday,7,14:55,15:45,Biomedical Instrumentation Laboratory,BM3311,Prof. A. Venkatesh,Lab-1,Main Block,2,Lab,Lab-1,,All,
e2dcabcd-ae2c-4a43-ad8f-a25359058473,BME,2021,2026-2027,1.2,2026-07-19T06:43:29.540140Z,2,3,B,Friday,1,08:45,09:35,Biochemistry,BM3302,Dr. K. Sundaram,C288,Main Block,3,Lecture,,,All,
5c3edb60-8318-44db-9438-4017f605b493,BME,2021,2026-2027,1.2,2026-07-19T06:43:29.540140Z,2,3,B,Friday,2,09:35,10:25,Signals and Systems,BM3351,Dr. P. Venkatesh,C208,Main Block,4,Lecture,,,All,
d0757842-d0a0-4f20-b005-888530867b3f,BME,2021,2026-2027,1.2,2026-07-19T06:43:29.540140Z,2,3,B,Friday,3,10:45,11:35,Anatomy and Human Physiology,BM3352,Dr. M. Rajan,C208,Main Block,3,Lecture,,,All,
08877562-62af-446a-9339-fdc7e573c801,BME,2021,2026-2027,1.2,2026-07-19T06:43:29.540140Z,2,3,B,Friday,4,11:35,12:25,Biochemistry,BM3302,Dr. K. Sundaram,C329,Main Block,3,Lecture,,,All,
62c7ebe3-351c-4ea3-b9c7-c6796e0596d3,BME,2021,2026-2027,1.2,2026-07-19T06:43:29.540140Z,2,3,B,Friday,5,13:15,14:05,Signals and Systems,BM3351,Dr. P. Venkatesh,C137,Main Block,4,Lecture,,,All,
0711e932-a5a6-4a9d-bbd6-b1c638cc5de1,BME,2021,2026-2027,1.2,2026-07-19T06:43:29.540140Z,2,3,B,Friday,6,14:05,14:55,Biomedical Instrumentation,BM3301,Dr. K. Natarajan,C329,Main Block,4,Lecture,,,All,
f474318a-76f4-4f35-a688-989b56cb9917,BME,2021,2026-2027,1.2,2026-07-19T06:43:29.540140Z,2,3,B,Friday,7,14:55,15:45,Signals and Systems,BM3351,Dr. P. Venkatesh,C242,Main Block,4,Lecture,,,All,
f2652be4-debc-40ae-b3f3-515cdaa51440,BME,2021,2026-2027,1.2,2026-07-19T06:43:29.540140Z,2,3,B,Saturday,1,08:45,09:35,Anatomy and Human Physiology,BM3352,Dr. M. Rajan,C248,Main Block,3,Lecture,,,All,
3dcb4800-bace-4225-87f4-7a9cf996473e,BME,2021,2026-2027,1.2,2026-07-19T06:43:29.540140Z,2,3,B,Saturday,2,09:35,10:25,Biochemistry,BM3302,Dr. K. Sundaram,C298,Main Block,3,Lecture,,,All,
93fc2ca7-2f00-4978-92dc-0124f14f4b79,BME,2021,2026-2027,1.2,2026-07-19T06:43:29.540140Z,2,3,B,Saturday,3,10:45,11:35,Signals and Systems,BM3351,Dr. P. Venkatesh,C149,Main Block,4,Lecture,,,All,
d8785f87-3efa-4710-855b-5656b07c30c1,BME,2021,2026-2027,1.2,2026-07-19T06:43:29.540140Z,2,3,B,Saturday,4,11:35,12:25,Biomedical Instrumentation,BM3301,Dr. K. Natarajan,C272,Main Block,4,Lecture,,,All,
dd3fef9c-6ef2-4e28-a37c-ce2b38e0307a,BME,2021,2026-2027,1.2,2026-07-19T06:43:29.540140Z,2,3,B,Saturday,5,13:15,14:05,Biomedical Instrumentation Laboratory,BM3311,Prof. A. Venkatesh,Lab-8,Main Block,2,Lab,Lab-8,,All,
f466a88d-45ad-47b3-aa7b-0fc119ac2ff6,BME,2021,2026-2027,1.2,2026-07-19T06:43:29.540140Z,2,3,B,Saturday,6,14:05,14:55,Biomedical Instrumentation Laboratory,BM3311,Prof. A. Venkatesh,Lab-8,Main Block,2,Lab,Lab-8,,All,
3127ea0b-e22a-470c-95c2-3f214be4e039,BME,2021,2026-2027,1.2,2026-07-19T06:43:29.540140Z,2,3,B,Saturday,7,14:55,15:45,Biomedical Instrumentation Laboratory,BM3311,Prof. A. Venkatesh,Lab-8,Main Block,2,Lab,Lab-8,,All,
225681ff-1b5c-4309-a658-abb85de7988a,BME,2021,2026-2027,1.2,2026-07-19T06:43:29.540140Z,3,5,A,Monday,1,08:45,09:35,Medical Imaging Systems,BM3501,Prof. G. Krishnan,C248,Main Block,4,Lecture,,,All,
7bc55f18-7d18-46fc-a70c-488d2d4c3ad4,BME,2021,2026-2027,1.2,2026-07-19T06:43:29.540140Z,3,5,A,Monday,2,09:35,10:25,Rehabilitation Engineering,BM3551,Dr. P. Ramesh,C363,Main Block,3,Lecture,,,All,
b25adf0d-06af-4607-9ad9-867b8b53371f,BME,2021,2026-2027,1.2,2026-07-19T06:43:29.540140Z,3,5,A,Monday,3,10:45,11:35,Rehabilitation Engineering,BM3551,Dr. P. Ramesh,C232,Main Block,3,Lecture,,,All,
48ef8380-f169-4f30-b779-86b6723324ad,BME,2021,2026-2027,1.2,2026-07-19T06:43:29.540140Z,3,5,A,Monday,4,11:35,12:25,Biomaterials,BM3502,Prof. G. Krishnan,C241,Main Block,3,Lecture,,,All,
584030d8-2228-4faf-9d70-e66b73f2932c,BME,2021,2026-2027,1.2,2026-07-19T06:43:29.540140Z,3,5,A,Monday,5,13:15,14:05,Clinical Engineering,BM3503,Prof. G. Srinivasan,C248,Main Block,3,Lecture,,,All,
904b3f05-cb8d-4cfa-bae1-2f4e8ddd6328,BME,2021,2026-2027,1.2,2026-07-19T06:43:29.540140Z,3,5,A,Monday,6,14:05,14:55,Biomaterials,BM3502,Prof. G. Krishnan,C396,Main Block,3,Lecture,,,All,
74563f0e-394a-4ddb-b8cc-ed618502b7d0,BME,2021,2026-2027,1.2,2026-07-19T06:43:29.540140Z,3,5,A,Monday,7,14:55,15:45,Rehabilitation Engineering,BM3551,Dr. P. Ramesh,C369,Main Block,3,Lecture,,,All,
79495ca1-e965-4462-89a3-50a56eb952ca,BME,2021,2026-2027,1.2,2026-07-19T06:43:29.540140Z,3,5,A,Tuesday,1,08:45,09:35,Medical Imaging Systems,BM3501,Prof. G. Krishnan,C165,Main Block,4,Lecture,,,All,
0ad8c99f-3638-4bda-9580-dce522840ba0,BME,2021,2026-2027,1.2,2026-07-19T06:43:29.540140Z,3,5,A,Tuesday,2,09:35,10:25,Rehabilitation Engineering,BM3551,Dr. P. Ramesh,C113,Main Block,3,Lecture,,,All,
2c4b7b97-315d-4e86-96fd-7a94681a6716,BME,2021,2026-2027,1.2,2026-07-19T06:43:29.540140Z,3,5,A,Tuesday,3,10:45,11:35,Medical Imaging Systems,BM3501,Prof. G. Krishnan,C130,Main Block,4,Lecture,,,All,
8e5de166-20e6-4e14-8ab9-92e14261101d,BME,2021,2026-2027,1.2,2026-07-19T06:43:29.540140Z,3,5,A,Tuesday,4,11:35,12:25,Medical Imaging Systems,BM3501,Prof. G. Krishnan,C183,Main Block,4,Lecture,,,All,
e832e3bf-be1e-4720-a1fd-e5d6222c42df,BME,2021,2026-2027,1.2,2026-07-19T06:43:29.540140Z,3,5,A,Tuesday,5,13:15,14:05,Medical Imaging Laboratory,BM3511,Dr. P. Sundaram,Lab-9,Main Block,2,Lab,Lab-9,,All,
38a8cffb-ecb0-4bc4-b01d-a48cf824b8ec,BME,2021,2026-2027,1.2,2026-07-19T06:43:29.540140Z,3,5,A,Tuesday,6,14:05,14:55,Medical Imaging Laboratory,BM3511,Dr. P. Sundaram,Lab-9,Main Block,2,Lab,Lab-9,,All,
ccea5bf2-fce5-45f2-a352-f8894ab099e3,BME,2021,2026-2027,1.2,2026-07-19T06:43:29.540140Z,3,5,A,Tuesday,7,14:55,15:45,Medical Imaging Laboratory,BM3511,Dr. P. Sundaram,Lab-9,Main Block,2,Lab,Lab-9,,All,
1e541ade-8d93-41cb-88a4-caa91667b4cd,BME,2021,2026-2027,1.2,2026-07-19T06:43:29.540140Z,3,5,A,Wednesday,1,08:45,09:35,Clinical Engineering,BM3503,Prof. G. Srinivasan,C164,Main Block,3,Lecture,,,All,
a5a8e0ec-70e1-45fe-88db-d2f3f503220d,BME,2021,2026-2027,1.2,2026-07-19T06:43:29.540140Z,3,5,A,Wednesday,2,09:35,10:25,Medical Imaging Systems,BM3501,Prof. G. Krishnan,C202,Main Block,4,Lecture,,,All,
4d0d8ad3-cef4-4a6f-9330-43906e34a90b,BME,2021,2026-2027,1.2,2026-07-19T06:43:29.540140Z,3,5,A,Wednesday,3,10:45,11:35,Medical Imaging Systems,BM3501,Prof. G. Krishnan,C373,Main Block,4,Lecture,,,All,
000e3142-cbd2-4603-80be-4e601c00fb8f,BME,2021,2026-2027,1.2,2026-07-19T06:43:29.540140Z,3,5,A,Wednesday,4,11:35,12:25,Biomaterials,BM3502,Prof. G. Krishnan,C263,Main Block,3,Lecture,,,All,
69817a95-cdc8-42a9-9795-b4b69b8500b2,BME,2021,2026-2027,1.2,2026-07-19T06:43:29.540140Z,3,5,A,Wednesday,5,13:15,14:05,Rehabilitation Engineering,BM3551,Dr. P. Ramesh,C192,Main Block,3,Lecture,,,All,
b8fd29ad-6c8e-4025-b7b8-eb472715e8b3,BME,2021,2026-2027,1.2,2026-07-19T06:43:29.540140Z,3,5,A,Wednesday,6,14:05,14:55,Biomaterials,BM3502,Prof. G. Krishnan,C184,Main Block,3,Lecture,,,All,
850e312e-871f-4e85-ba0d-6fa56f408924,BME,2021,2026-2027,1.2,2026-07-19T06:43:29.540140Z,3,5,A,Wednesday,7,14:55,15:45,Rehabilitation Engineering,BM3551,Dr. P. Ramesh,C214,Main Block,3,Lecture,,,All,
973aba59-c66c-4ed5-a84f-b65f112b01d6,BME,2021,2026-2027,1.2,2026-07-19T06:43:29.540140Z,3,5,A,Thursday,1,08:45,09:35,Medical Imaging Systems,BM3501,Prof. G. Krishnan,C400,Main Block,4,Lecture,,,All,
8f18c1b2-5fa5-429a-8769-d60a9dc91f08,BME,2021,2026-2027,1.2,2026-07-19T06:43:29.540140Z,3,5,A,Thursday,2,09:35,10:25,Biomaterials,BM3502,Prof. G. Krishnan,C129,Main Block,3,Lecture,,,All,
ba69fac3-4a97-4b31-9f07-8e0e7fb11d90,BME,2021,2026-2027,1.2,2026-07-19T06:43:29.540140Z,3,5,A,Thursday,3,10:45,11:35,Medical Imaging Systems,BM3501,Prof. G. Krishnan,C344,Main Block,4,Lecture,,,All,
636e8a3a-b9ff-455c-8c40-14328aad58c3,BME,2021,2026-2027,1.2,2026-07-19T06:43:29.540140Z,3,5,A,Thursday,4,11:35,12:25,Medical Imaging Systems,BM3501,Prof. G. Krishnan,C399,Main Block,4,Lecture,,,All,
ab6b74d9-4abb-4950-8054-fe97c5e25fe5,BME,2021,2026-2027,1.2,2026-07-19T06:43:29.540140Z,3,5,A,Thursday,5,13:15,14:05,Medical Imaging Laboratory,BM3511,Dr. P. Sundaram,Lab-4,Main Block,2,Lab,Lab-4,,All,
e5e06c02-c03b-486b-93c7-09a89023c7bb,BME,2021,2026-2027,1.2,2026-07-19T06:43:29.540140Z,3,5,A,Thursday,6,14:05,14:55,Medical Imaging Laboratory,BM3511,Dr. P. Sundaram,Lab-4,Main Block,2,Lab,Lab-4,,All,
6aeb0751-8352-4619-9385-3f3685343097,BME,2021,2026-2027,1.2,2026-07-19T06:43:29.540140Z,3,5,A,Thursday,7,14:55,15:45,Medical Imaging Laboratory,BM3511,Dr. P. Sundaram,Lab-4,Main Block,2,Lab,Lab-4,,All,
30442b4e-1093-4b7a-a073-aeef1c626c53,BME,2021,2026-2027,1.2,2026-07-19T06:43:29.540140Z,3,5,A,Friday,1,08:45,09:35,Clinical Engineering,BM3503,Prof. G. Srinivasan,C226,Main Block,3,Lecture,,,All,
180221fb-c301-4d9a-a843-d5e198371a83,BME,2021,2026-2027,1.2,2026-07-19T06:43:29.540140Z,3,5,A,Friday,2,09:35,10:25,Clinical Engineering,BM3503,Prof. G. Srinivasan,C154,Main Block,3,Lecture,,,All,
b415e0b1-f04b-44df-b0f5-430d98b1a88c,BME,2021,2026-2027,1.2,2026-07-19T06:43:29.540140Z,3,5,A,Friday,3,10:45,11:35,Medical Imaging Systems,BM3501,Prof. G. Krishnan,C140,Main Block,4,Lecture,,,All,
cec55834-5eb4-4222-89a7-c36aff645ae4,BME,2021,2026-2027,1.2,2026-07-19T06:43:29.540140Z,3,5,A,Friday,4,11:35,12:25,Biomaterials,BM3502,Prof. G. Krishnan,C184,Main Block,3,Lecture,,,All,
5331c844-f036-48e9-ba0a-5041ab0b861f,BME,2021,2026-2027,1.2,2026-07-19T06:43:29.540140Z,3,5,A,Friday,5,13:15,14:05,Clinical Engineering,BM3503,Prof. G. Srinivasan,C105,Main Block,3,Lecture,,,All,
7fbb23f7-7cd5-4f95-9494-6b9631c84a35,BME,2021,2026-2027,1.2,2026-07-19T06:43:29.540140Z,3,5,A,Friday,6,14:05,14:55,Clinical Engineering,BM3503,Prof. G. Srinivasan,C330,Main Block,3,Lecture,,,All,
87b97ef1-9dfb-4aa7-9e84-13b08e723e92,BME,2021,2026-2027,1.2,2026-07-19T06:43:29.540140Z,3,5,A,Friday,7,14:55,15:45,Biomaterials,BM3502,Prof. G. Krishnan,C258,Main Block,3,Lecture,,,All,
632b15f2-bbe6-497c-adfd-7f8f9d3b2e21,BME,2021,2026-2027,1.2,2026-07-19T06:43:29.540140Z,3,5,A,Saturday,1,08:45,09:35,Clinical Engineering,BM3503,Prof. G. Srinivasan,C381,Main Block,3,Lecture,,,All,
b3e50748-e47f-4cfe-97c4-f0323a92c716,BME,2021,2026-2027,1.2,2026-07-19T06:43:29.540140Z,3,5,A,Saturday,2,09:35,10:25,Rehabilitation Engineering,BM3551,Dr. P. Ramesh,C290,Main Block,3,Lecture,,,All,
a6a3f829-a1aa-4ee4-98e0-ded2bc9874b8,BME,2021,2026-2027,1.2,2026-07-19T06:43:29.540140Z,3,5,A,Saturday,3,10:45,11:35,Clinical Engineering,BM3503,Prof. G. Srinivasan,C113,Main Block,3,Lecture,,,All,
bfb32da1-36ce-42be-b0a1-3066ce23172c,BME,2021,2026-2027,1.2,2026-07-19T06:43:29.540140Z,3,5,A,Saturday,4,11:35,12:25,Rehabilitation Engineering,BM3551,Dr. P. Ramesh,C237,Main Block,3,Lecture,,,All,
ff359d9f-0b5e-41f0-8746-f3cd6010b9c6,BME,2021,2026-2027,1.2,2026-07-19T06:43:29.540140Z,3,5,A,Saturday,5,13:15,14:05,Medical Imaging Laboratory,BM3511,Dr. P. Sundaram,Lab-7,Main Block,2,Lab,Lab-7,,All,
9f2966c7-9f25-4d88-835b-75c9f52b2cc8,BME,2021,2026-2027,1.2,2026-07-19T06:43:29.540140Z,3,5,A,Saturday,6,14:05,14:55,Medical Imaging Laboratory,BM3511,Dr. P. Sundaram,Lab-7,Main Block,2,Lab,Lab-7,,All,
abe4f751-36d3-4d50-908d-c75a17dc5ea6,BME,2021,2026-2027,1.2,2026-07-19T06:43:29.540140Z,3,5,A,Saturday,7,14:55,15:45,Medical Imaging Laboratory,BM3511,Dr. P. Sundaram,Lab-7,Main Block,2,Lab,Lab-7,,All,
b2b3d582-c4a1-41e3-a1cf-0dcdad1b789f,BME,2021,2026-2027,1.2,2026-07-19T06:43:29.540140Z,3,5,B,Monday,1,08:45,09:35,Medical Imaging Systems,BM3501,Dr. M. Rajan,C189,Main Block,4,Lecture,,,All,
935997c3-a6e6-4e6b-a198-fc21ea8c9477,BME,2021,2026-2027,1.2,2026-07-19T06:43:29.540140Z,3,5,B,Monday,2,09:35,10:25,Medical Imaging Systems,BM3501,Dr. M. Rajan,C249,Main Block,4,Lecture,,,All,
a2d9b8a3-96dc-49c5-a794-6b80378b28b0,BME,2021,2026-2027,1.2,2026-07-19T06:43:29.540140Z,3,5,B,Monday,3,10:45,11:35,Medical Imaging Systems,BM3501,Dr. M. Rajan,C184,Main Block,4,Lecture,,,All,
5e0e9b9f-71eb-47e1-854b-54985f324152,BME,2021,2026-2027,1.2,2026-07-19T06:43:29.540140Z,3,5,B,Monday,4,11:35,12:25,Clinical Engineering,BM3503,Dr. S. Sundaram,C225,Main Block,3,Lecture,,,All,
4375cf31-f88a-4ef5-b697-8908b58f98c7,BME,2021,2026-2027,1.2,2026-07-19T06:43:29.540140Z,3,5,B,Monday,5,13:15,14:05,Medical Imaging Systems,BM3501,Dr. M. Rajan,C335,Main Block,4,Lecture,,,All,
f329d86b-2473-4558-b4a2-146eefdddd3d,BME,2021,2026-2027,1.2,2026-07-19T06:43:29.540140Z,3,5,B,Monday,6,14:05,14:55,Medical Imaging Systems,BM3501,Dr. M. Rajan,C122,Main Block,4,Lecture,,,All,
d2601d07-8c62-481a-b5ba-fc467e6c8f7a,BME,2021,2026-2027,1.2,2026-07-19T06:43:29.540140Z,3,5,B,Monday,7,14:55,15:45,Medical Imaging Systems,BM3501,Dr. M. Rajan,C299,Main Block,4,Lecture,,,All,
41ed4ab9-a3be-479e-9a1e-29422b64d468,BME,2021,2026-2027,1.2,2026-07-19T06:43:29.540140Z,3,5,B,Tuesday,1,08:45,09:35,Rehabilitation Engineering,BM3551,Prof. V. Krishnan,C130,Main Block,3,Lecture,,,All,
aa53c42f-61eb-4ee4-9e67-1ee94f5db31e,BME,2021,2026-2027,1.2,2026-07-19T06:43:29.540140Z,3,5,B,Tuesday,2,09:35,10:25,Medical Imaging Systems,BM3501,Dr. M. Rajan,C304,Main Block,4,Lecture,,,All,
d632e1cf-71dd-45df-b2dc-cb6e4d2d78ac,BME,2021,2026-2027,1.2,2026-07-19T06:43:29.540140Z,3,5,B,Tuesday,3,10:45,11:35,Rehabilitation Engineering,BM3551,Prof. V. Krishnan,C152,Main Block,3,Lecture,,,All,
1187aa85-172c-4d6c-acbd-2a5a4b9a9a78,BME,2021,2026-2027,1.2,2026-07-19T06:43:29.540140Z,3,5,B,Tuesday,4,11:35,12:25,Medical Imaging Systems,BM3501,Dr. M. Rajan,C116,Main Block,4,Lecture,,,All,
20aa5d55-7f93-4f7f-8e16-de91ef269cc9,BME,2021,2026-2027,1.2,2026-07-19T06:43:29.540140Z,3,5,B,Tuesday,5,13:15,14:05,Medical Imaging Laboratory,BM3511,Prof. A. Sundaram,Lab-3,Main Block,2,Lab,Lab-3,,All,
95f1fe1c-368b-4115-9430-365b4964d37b,BME,2021,2026-2027,1.2,2026-07-19T06:43:29.540140Z,3,5,B,Tuesday,6,14:05,14:55,Medical Imaging Laboratory,BM3511,Prof. A. Sundaram,Lab-3,Main Block,2,Lab,Lab-3,,All,
3841330e-bf1d-4c90-9ebd-53d24852763e,BME,2021,2026-2027,1.2,2026-07-19T06:43:29.540140Z,3,5,B,Tuesday,7,14:55,15:45,Medical Imaging Laboratory,BM3511,Prof. A. Sundaram,Lab-3,Main Block,2,Lab,Lab-3,,All,
810ff41b-6c53-433d-96ba-e98bb4aa8dda,BME,2021,2026-2027,1.2,2026-07-19T06:43:29.540140Z,3,5,B,Wednesday,1,08:45,09:35,Clinical Engineering,BM3503,Dr. S. Sundaram,C222,Main Block,3,Lecture,,,All,
794cb837-bc79-4883-b194-a13057918add,BME,2021,2026-2027,1.2,2026-07-19T06:43:29.540140Z,3,5,B,Wednesday,2,09:35,10:25,Clinical Engineering,BM3503,Dr. S. Sundaram,C143,Main Block,3,Lecture,,,All,
41056a20-2b5c-437d-8078-33838d8d80b0,BME,2021,2026-2027,1.2,2026-07-19T06:43:29.540140Z,3,5,B,Wednesday,3,10:45,11:35,Medical Imaging Systems,BM3501,Dr. M. Rajan,C365,Main Block,4,Lecture,,,All,
767156bc-8aab-4230-a6f0-faa7adcfaaa1,BME,2021,2026-2027,1.2,2026-07-19T06:43:29.540140Z,3,5,B,Wednesday,4,11:35,12:25,Clinical Engineering,BM3503,Dr. S. Sundaram,C260,Main Block,3,Lecture,,,All,
1ea7f415-cdb2-4d45-be28-060f6e0084f8,BME,2021,2026-2027,1.2,2026-07-19T06:43:29.540140Z,3,5,B,Wednesday,5,13:15,14:05,Rehabilitation Engineering,BM3551,Prof. V. Krishnan,C371,Main Block,3,Lecture,,,All,
af75cd2e-8ba8-46c8-95ac-b97da224c2c7,BME,2021,2026-2027,1.2,2026-07-19T06:43:29.540140Z,3,5,B,Wednesday,6,14:05,14:55,Rehabilitation Engineering,BM3551,Prof. V. Krishnan,C129,Main Block,3,Lecture,,,All,
daeecead-09b9-4e40-963c-0bd7484bc773,BME,2021,2026-2027,1.2,2026-07-19T06:43:29.540140Z,3,5,B,Wednesday,7,14:55,15:45,Clinical Engineering,BM3503,Dr. S. Sundaram,C356,Main Block,3,Lecture,,,All,
c99d94af-4388-4ed0-b9c7-36af454c9cb8,BME,2021,2026-2027,1.2,2026-07-19T06:43:29.540140Z,3,5,B,Thursday,1,08:45,09:35,Medical Imaging Systems,BM3501,Dr. M. Rajan,C370,Main Block,4,Lecture,,,All,
9a2c6c32-99b5-45e8-8d96-8f92e2437c82,BME,2021,2026-2027,1.2,2026-07-19T06:43:29.540140Z,3,5,B,Thursday,2,09:35,10:25,Medical Imaging Systems,BM3501,Dr. M. Rajan,C250,Main Block,4,Lecture,,,All,
a5aa932b-bc26-40ca-b57f-7bd4856a6874,BME,2021,2026-2027,1.2,2026-07-19T06:43:29.540140Z,3,5,B,Thursday,3,10:45,11:35,Rehabilitation Engineering,BM3551,Prof. V. Krishnan,C124,Main Block,3,Lecture,,,All,
21107610-b4f2-4b5c-aac5-12dc8f648cdb,BME,2021,2026-2027,1.2,2026-07-19T06:43:29.540140Z,3,5,B,Thursday,4,11:35,12:25,Rehabilitation Engineering,BM3551,Prof. V. Krishnan,C364,Main Block,3,Lecture,,,All,
08bc2c20-820f-4b19-8a4a-879a85ca6e33,BME,2021,2026-2027,1.2,2026-07-19T06:43:29.540140Z,3,5,B,Thursday,5,13:15,14:05,Medical Imaging Laboratory,BM3511,Prof. A. Sundaram,Lab-6,Main Block,2,Lab,Lab-6,,All,
fb66fdd9-47be-4506-9eed-1581ab7021da,BME,2021,2026-2027,1.2,2026-07-19T06:43:29.540140Z,3,5,B,Thursday,6,14:05,14:55,Medical Imaging Laboratory,BM3511,Prof. A. Sundaram,Lab-6,Main Block,2,Lab,Lab-6,,All,
0ae03531-1dee-4ac4-bd23-927fb28500ed,BME,2021,2026-2027,1.2,2026-07-19T06:43:29.540140Z,3,5,B,Thursday,7,14:55,15:45,Medical Imaging Laboratory,BM3511,Prof. A. Sundaram,Lab-6,Main Block,2,Lab,Lab-6,,All,
29568060-2ee4-421c-98bf-0f68fbc7d895,BME,2021,2026-2027,1.2,2026-07-19T06:43:29.540140Z,3,5,B,Friday,1,08:45,09:35,Medical Imaging Systems,BM3501,Dr. M. Rajan,C350,Main Block,4,Lecture,,,All,
22f22be0-caf9-4a1c-8ba7-f31cd0ee5998,BME,2021,2026-2027,1.2,2026-07-19T06:43:29.540140Z,3,5,B,Friday,2,09:35,10:25,Biomaterials,BM3502,Dr. P. Venkatesh,C204,Main Block,3,Lecture,,,All,
62eb4b70-b114-4dcf-b33e-95e715696eae,BME,2021,2026-2027,1.2,2026-07-19T06:43:29.540140Z,3,5,B,Friday,3,10:45,11:35,Medical Imaging Systems,BM3501,Dr. M. Rajan,C371,Main Block,4,Lecture,,,All,
6ce115c2-437e-4b33-9c9f-a81bc3767a8e,BME,2021,2026-2027,1.2,2026-07-19T06:43:29.540140Z,3,5,B,Friday,4,11:35,12:25,Biomaterials,BM3502,Dr. P. Venkatesh,C135,Main Block,3,Lecture,,,All,
c14dd557-3e34-4666-9ddf-f6ac6517a17f,BME,2021,2026-2027,1.2,2026-07-19T06:43:29.540140Z,3,5,B,Friday,5,13:15,14:05,Rehabilitation Engineering,BM3551,Prof. V. Krishnan,C264,Main Block,3,Lecture,,,All,
c413226f-5805-43c6-87c4-4576474e392f,BME,2021,2026-2027,1.2,2026-07-19T06:43:29.540140Z,3,5,B,Friday,6,14:05,14:55,Clinical Engineering,BM3503,Dr. S. Sundaram,C222,Main Block,3,Lecture,,,All,
8b82a76d-f732-4059-a9e8-01bc5a6440e0,BME,2021,2026-2027,1.2,2026-07-19T06:43:29.540140Z,3,5,B,Friday,7,14:55,15:45,Biomaterials,BM3502,Dr. P. Venkatesh,C390,Main Block,3,Lecture,,,All,
6abfcf83-a7f8-461f-b2ae-852610044600,BME,2021,2026-2027,1.2,2026-07-19T06:43:29.540140Z,3,5,B,Saturday,1,08:45,09:35,Rehabilitation Engineering,BM3551,Prof. V. Krishnan,C143,Main Block,3,Lecture,,,All,
1b2f6362-b581-4031-aada-f02d8dc7c422,BME,2021,2026-2027,1.2,2026-07-19T06:43:29.540140Z,3,5,B,Saturday,2,09:35,10:25,Biomaterials,BM3502,Dr. P. Venkatesh,C245,Main Block,3,Lecture,,,All,
b5b3bc0a-c532-4d84-aec3-1aa7cb6eae95,BME,2021,2026-2027,1.2,2026-07-19T06:43:29.540140Z,3,5,B,Saturday,3,10:45,11:35,Rehabilitation Engineering,BM3551,Prof. V. Krishnan,C336,Main Block,3,Lecture,,,All,
6e9e9e03-76fc-48fe-89cf-088d05226ceb,BME,2021,2026-2027,1.2,2026-07-19T06:43:29.540140Z,3,5,B,Saturday,4,11:35,12:25,Biomaterials,BM3502,Dr. P. Venkatesh,C156,Main Block,3,Lecture,,,All,
0cbc1c13-817a-4b34-8af0-1fce39c3a215,BME,2021,2026-2027,1.2,2026-07-19T06:43:29.540140Z,3,5,B,Saturday,5,13:15,14:05,Medical Imaging Laboratory,BM3511,Prof. A. Sundaram,Lab-10,Main Block,2,Lab,Lab-10,,All,
d1161a61-6acf-4338-89d1-eddda93f98bb,BME,2021,2026-2027,1.2,2026-07-19T06:43:29.540140Z,3,5,B,Saturday,6,14:05,14:55,Medical Imaging Laboratory,BM3511,Prof. A. Sundaram,Lab-10,Main Block,2,Lab,Lab-10,,All,
147e6ad1-4ddb-4302-8556-a3c762639d2d,BME,2021,2026-2027,1.2,2026-07-19T06:43:29.540140Z,3,5,B,Saturday,7,14:55,15:45,Medical Imaging Laboratory,BM3511,Prof. A. Sundaram,Lab-10,Main Block,2,Lab,Lab-10,,All,
c01c7ae2-3afb-426c-a79d-8137d7a4b14b,BME,2021,2026-2027,1.2,2026-07-19T06:43:29.540140Z,4,7,A,Monday,1,08:45,09:35,Healthcare Ethics,BM3791,Dr. P. Krishnan,C164,Main Block,2,Lecture,,,All,
45007e4f-cd95-483e-9f3b-3b30b72fd2ea,BME,2021,2026-2027,1.2,2026-07-19T06:43:29.540140Z,4,7,A,Monday,2,09:35,10:25,Artificial Organs,BM3701,Prof. A. Srinivasan,C228,Main Block,3,Lecture,,,All,
3e2b6a58-6537-43d0-a0c9-c6f65af48469,BME,2021,2026-2027,1.2,2026-07-19T06:43:29.540140Z,4,7,A,Monday,3,10:45,11:35,Healthcare Ethics,BM3791,Dr. P. Krishnan,C374,Main Block,2,Lecture,,,All,
3fc7d91d-da8d-4f56-a322-3a4761c5395d,BME,2021,2026-2027,1.2,2026-07-19T06:43:29.540140Z,4,7,A,Monday,4,11:35,12:25,Biosensors,BM3702,Dr. K. Ramesh,C360,Main Block,3,Lecture,,,All,
a03a3a58-2d7a-422b-a586-70210cb7733e,BME,2021,2026-2027,1.2,2026-07-19T06:43:29.540140Z,4,7,A,Monday,5,13:15,14:05,Biosensors,BM3702,Dr. K. Ramesh,C298,Main Block,3,Lecture,,,All,
bc895195-7ffc-44fd-8588-d842eef285e6,BME,2021,2026-2027,1.2,2026-07-19T06:43:29.540140Z,4,7,A,Monday,6,14:05,14:55,Artificial Organs,BM3701,Prof. A. Srinivasan,C253,Main Block,3,Lecture,,,All,
2f1f6663-e446-4ab0-9775-13c11fe9255c,BME,2021,2026-2027,1.2,2026-07-19T06:43:29.540140Z,4,7,A,Monday,7,14:55,15:45,Artificial Organs,BM3701,Prof. A. Srinivasan,C287,Main Block,3,Lecture,,,All,
7fb6a7dd-5413-459d-913a-78911feba2fc,BME,2021,2026-2027,1.2,2026-07-19T06:43:29.540140Z,4,7,A,Tuesday,1,08:45,09:35,Artificial Organs,BM3701,Prof. A. Srinivasan,C112,Main Block,3,Lecture,,,All,
cfba5863-e156-462c-b209-ee4fc75b7088,BME,2021,2026-2027,1.2,2026-07-19T06:43:29.540140Z,4,7,A,Tuesday,2,09:35,10:25,Healthcare Ethics,BM3791,Dr. P. Krishnan,C391,Main Block,2,Lecture,,,All,
392b363b-9b07-400b-9310-053a5487a887,BME,2021,2026-2027,1.2,2026-07-19T06:43:29.540140Z,4,7,A,Tuesday,3,10:45,11:35,Artificial Organs,BM3701,Prof. A. Srinivasan,C166,Main Block,3,Lecture,,,All,
e86d4585-2b38-4d44-935a-8f749080212a,BME,2021,2026-2027,1.2,2026-07-19T06:43:29.540140Z,4,7,A,Tuesday,4,11:35,12:25,Project Work,BM3711,Dr. S. Sundaram,C277,Main Block,2,Mini Project,,,All,
51b7821b-90d2-4fa9-9499-1585e87cb586,BME,2021,2026-2027,1.2,2026-07-19T06:43:29.540140Z,4,7,A,Tuesday,5,13:15,14:05,Biomedical Signal Processing Laboratory,BM3712,Dr. K. Srinivasan,Lab-7,Main Block,2,Lab,Lab-7,,All,
6b39269f-c820-4443-8c59-b364cab0862c,BME,2021,2026-2027,1.2,2026-07-19T06:43:29.540140Z,4,7,A,Tuesday,6,14:05,14:55,Biomedical Signal Processing Laboratory,BM3712,Dr. K. Srinivasan,Lab-7,Main Block,2,Lab,Lab-7,,All,
3ac4f50a-ed94-4a50-b7d4-fe742e6964ef,BME,2021,2026-2027,1.2,2026-07-19T06:43:29.540140Z,4,7,A,Tuesday,7,14:55,15:45,Biomedical Signal Processing Laboratory,BM3712,Dr. K. Srinivasan,Lab-7,Main Block,2,Lab,Lab-7,,All,
a9e447e1-bf25-44f6-9c5c-a63c88f42687,BME,2021,2026-2027,1.2,2026-07-19T06:43:29.540140Z,4,7,A,Wednesday,1,08:45,09:35,Artificial Organs,BM3701,Prof. A. Srinivasan,C128,Main Block,3,Lecture,,,All,
748599ec-146a-47c0-acc0-08d307d63527,BME,2021,2026-2027,1.2,2026-07-19T06:43:29.540140Z,4,7,A,Wednesday,2,09:35,10:25,Biosensors,BM3702,Dr. K. Ramesh,C301,Main Block,3,Lecture,,,All,
5aa285d4-3344-469e-925b-127ef92df728,BME,2021,2026-2027,1.2,2026-07-19T06:43:29.540140Z,4,7,A,Wednesday,3,10:45,11:35,Project Work,BM3711,Dr. S. Sundaram,C300,Main Block,2,Mini Project,,,All,
b2ba7ecb-0b03-490c-a471-1374b0dfd66c,BME,2021,2026-2027,1.2,2026-07-19T06:43:29.540140Z,4,7,A,Wednesday,4,11:35,12:25,Biosensors,BM3702,Dr. K. Ramesh,C192,Main Block,3,Lecture,,,All,
ec9aa9fa-8648-4f54-bfa1-4ef94a7e76eb,BME,2021,2026-2027,1.2,2026-07-19T06:43:29.540140Z,4,7,A,Wednesday,5,13:15,14:05,Artificial Organs,BM3701,Prof. A. Srinivasan,C388,Main Block,3,Lecture,,,All,
cd72dc37-d833-467e-9894-b8a686293f90,BME,2021,2026-2027,1.2,2026-07-19T06:43:29.540140Z,4,7,A,Wednesday,6,14:05,14:55,Project Work,BM3711,Dr. S. Sundaram,C191,Main Block,2,Mini Project,,,All,
ffbeea3b-baa0-4c19-9a48-f7d4073a9ec1,BME,2021,2026-2027,1.2,2026-07-19T06:43:29.540140Z,4,7,A,Wednesday,7,14:55,15:45,Biosensors,BM3702,Dr. K. Ramesh,C158,Main Block,3,Lecture,,,All,
022f7b2b-74f3-42e0-af6a-84d75c6e1bf3,BME,2021,2026-2027,1.2,2026-07-19T06:43:29.540140Z,4,7,A,Thursday,1,08:45,09:35,Biosensors,BM3702,Dr. K. Ramesh,C312,Main Block,3,Lecture,,,All,
7e386d92-ea6b-48ba-adfb-293f8af4c1ba,BME,2021,2026-2027,1.2,2026-07-19T06:43:29.540140Z,4,7,A,Thursday,2,09:35,10:25,Biosensors,BM3702,Dr. K. Ramesh,C218,Main Block,3,Lecture,,,All,
dceb25b9-0a2e-4165-b989-c78eef191baf,BME,2021,2026-2027,1.2,2026-07-19T06:43:29.540140Z,4,7,A,Thursday,3,10:45,11:35,Artificial Organs,BM3701,Prof. A. Srinivasan,C283,Main Block,3,Lecture,,,All,
5ab1cc56-c5ea-4fc0-90a4-afa4879cbc68,BME,2021,2026-2027,1.2,2026-07-19T06:43:29.540140Z,4,7,A,Thursday,4,11:35,12:25,Artificial Organs,BM3701,Prof. A. Srinivasan,C262,Main Block,3,Lecture,,,All,
811f41b6-aaa0-4081-a544-493c3dbf9864,BME,2021,2026-2027,1.2,2026-07-19T06:43:29.540140Z,4,7,A,Thursday,5,13:15,14:05,Biomedical Signal Processing Laboratory,BM3712,Dr. K. Srinivasan,Lab-6,Main Block,2,Lab,Lab-6,,All,
68b78afb-cf4f-46b2-9074-146b0873b07b,BME,2021,2026-2027,1.2,2026-07-19T06:43:29.540140Z,4,7,A,Thursday,6,14:05,14:55,Biomedical Signal Processing Laboratory,BM3712,Dr. K. Srinivasan,Lab-6,Main Block,2,Lab,Lab-6,,All,
3e3a9a4b-de83-477b-b99f-ce87c82bea2e,BME,2021,2026-2027,1.2,2026-07-19T06:43:29.540140Z,4,7,A,Thursday,7,14:55,15:45,Biomedical Signal Processing Laboratory,BM3712,Dr. K. Srinivasan,Lab-6,Main Block,2,Lab,Lab-6,,All,
df08f2b8-7559-43a3-8343-9bf8eb5e2630,BME,2021,2026-2027,1.2,2026-07-19T06:43:29.540140Z,4,7,A,Friday,1,08:45,09:35,Healthcare Ethics,BM3791,Dr. P. Krishnan,C130,Main Block,2,Lecture,,,All,
73f5cadd-1e43-42f6-b160-844e53ed52e6,BME,2021,2026-2027,1.2,2026-07-19T06:43:29.540140Z,4,7,A,Friday,2,09:35,10:25,Biosensors,BM3702,Dr. K. Ramesh,C118,Main Block,3,Lecture,,,All,
8f2ed6e1-99cb-441c-8ceb-22fe19761339,BME,2021,2026-2027,1.2,2026-07-19T06:43:29.540140Z,4,7,A,Friday,3,10:45,11:35,Artificial Organs,BM3701,Prof. A. Srinivasan,C191,Main Block,3,Lecture,,,All,
5ebc1469-2438-4d98-9729-dea358ea92c4,BME,2021,2026-2027,1.2,2026-07-19T06:43:29.540140Z,4,7,A,Friday,4,11:35,12:25,Healthcare Ethics,BM3791,Dr. P. Krishnan,C163,Main Block,2,Lecture,,,All,
95f88605-4ed8-42b5-b7fb-964c3c2c59fe,BME,2021,2026-2027,1.2,2026-07-19T06:43:29.540140Z,4,7,A,Friday,5,13:15,14:05,Biosensors,BM3702,Dr. K. Ramesh,C391,Main Block,3,Lecture,,,All,
e49950b0-4aff-4953-a4d1-fab27a4e1a18,BME,2021,2026-2027,1.2,2026-07-19T06:43:29.540140Z,4,7,A,Friday,6,14:05,14:55,Project Work,BM3711,Dr. S. Sundaram,C168,Main Block,2,Mini Project,,,All,
e32aaf02-f9bd-4e1e-bce4-c452078c5289,BME,2021,2026-2027,1.2,2026-07-19T06:43:29.540140Z,4,7,A,Friday,7,14:55,15:45,Artificial Organs,BM3701,Prof. A. Srinivasan,C186,Main Block,3,Lecture,,,All,
87334571-b692-4b60-8b71-e36b59c85a87,BME,2021,2026-2027,1.2,2026-07-19T06:43:29.540140Z,4,7,A,Saturday,1,08:45,09:35,Artificial Organs,BM3701,Prof. A. Srinivasan,C167,Main Block,3,Lecture,,,All,
4b6641ee-75ff-407d-b40e-4ebbc3239e16,BME,2021,2026-2027,1.2,2026-07-19T06:43:29.540140Z,4,7,A,Saturday,2,09:35,10:25,Biosensors,BM3702,Dr. K. Ramesh,C116,Main Block,3,Lecture,,,All,
ae50cd98-6d66-4d3c-8286-02dce21258a7,BME,2021,2026-2027,1.2,2026-07-19T06:43:29.540140Z,4,7,A,Saturday,3,10:45,11:35,Biosensors,BM3702,Dr. K. Ramesh,C216,Main Block,3,Lecture,,,All,
f3db0c82-a9ed-4057-8660-639e7ac07804,BME,2021,2026-2027,1.2,2026-07-19T06:43:29.540140Z,4,7,A,Saturday,4,11:35,12:25,Artificial Organs,BM3701,Prof. A. Srinivasan,C246,Main Block,3,Lecture,,,All,
1058a988-4e8c-4622-9b97-3b9a3e95efd2,BME,2021,2026-2027,1.2,2026-07-19T06:43:29.540140Z,4,7,A,Saturday,5,13:15,14:05,Biomedical Signal Processing Laboratory,BM3712,Dr. K. Srinivasan,Lab-10,Main Block,2,Lab,Lab-10,,All,
02d3fb2c-8de2-4d1f-a6c2-33aba651560d,BME,2021,2026-2027,1.2,2026-07-19T06:43:29.540140Z,4,7,A,Saturday,6,14:05,14:55,Biomedical Signal Processing Laboratory,BM3712,Dr. K. Srinivasan,Lab-10,Main Block,2,Lab,Lab-10,,All,
6e10a214-7676-4ada-92cb-da5eb9ce93f3,BME,2021,2026-2027,1.2,2026-07-19T06:43:29.540140Z,4,7,A,Saturday,7,14:55,15:45,Biomedical Signal Processing Laboratory,BM3712,Dr. K. Srinivasan,Lab-10,Main Block,2,Lab,Lab-10,,All,
72e4b5da-72a3-42ad-96a6-7fed666e7efc,BME,2021,2026-2027,1.2,2026-07-19T06:43:29.540140Z,4,7,B,Monday,1,08:45,09:35,Healthcare Ethics,BM3791,Dr. R. Natarajan,C371,Main Block,2,Lecture,,,All,
e1a94733-8f8f-4873-a9e6-6366b81f1092,BME,2021,2026-2027,1.2,2026-07-19T06:43:29.540140Z,4,7,B,Monday,2,09:35,10:25,Healthcare Ethics,BM3791,Dr. R. Natarajan,C254,Main Block,2,Lecture,,,All,
5ef48477-a450-431f-bfb0-2fd808c53e09,BME,2021,2026-2027,1.2,2026-07-19T06:43:29.540140Z,4,7,B,Monday,3,10:45,11:35,Artificial Organs,BM3701,Dr. M. Balaji,C233,Main Block,3,Lecture,,,All,
35360fea-d580-406e-85d5-308041eb19b2,BME,2021,2026-2027,1.2,2026-07-19T06:43:29.540140Z,4,7,B,Monday,4,11:35,12:25,Biosensors,BM3702,Dr. M. Natarajan,C177,Main Block,3,Lecture,,,All,
c1ab2945-585f-4245-9b5e-09bdd3b64cc4,BME,2021,2026-2027,1.2,2026-07-19T06:43:29.540140Z,4,7,B,Monday,5,13:15,14:05,Artificial Organs,BM3701,Dr. M. Balaji,C265,Main Block,3,Lecture,,,All,
8b2d457d-4595-4130-9841-b51c85943b39,BME,2021,2026-2027,1.2,2026-07-19T06:43:29.540140Z,4,7,B,Monday,6,14:05,14:55,Healthcare Ethics,BM3791,Dr. R. Natarajan,C169,Main Block,2,Lecture,,,All,
040870df-5f92-41fc-bb3e-464e31ab0f15,BME,2021,2026-2027,1.2,2026-07-19T06:43:29.540140Z,4,7,B,Monday,7,14:55,15:45,Artificial Organs,BM3701,Dr. M. Balaji,C156,Main Block,3,Lecture,,,All,
7ce8a04f-1e46-45b1-8d89-7ed275893a32,BME,2021,2026-2027,1.2,2026-07-19T06:43:29.540140Z,4,7,B,Tuesday,1,08:45,09:35,Artificial Organs,BM3701,Dr. M. Balaji,C245,Main Block,3,Lecture,,,All,
3d19bfa6-c36b-4207-839c-89b91feec968,BME,2021,2026-2027,1.2,2026-07-19T06:43:29.540140Z,4,7,B,Tuesday,2,09:35,10:25,Healthcare Ethics,BM3791,Dr. R. Natarajan,C201,Main Block,2,Lecture,,,All,
a0be46de-8aa7-46a8-b6b5-16ef35c4eddd,BME,2021,2026-2027,1.2,2026-07-19T06:43:29.540140Z,4,7,B,Tuesday,3,10:45,11:35,Healthcare Ethics,BM3791,Dr. R. Natarajan,C279,Main Block,2,Lecture,,,All,
4a6efc9f-cc53-4ccc-8905-01b9e82663fe,BME,2021,2026-2027,1.2,2026-07-19T06:43:29.540140Z,4,7,B,Tuesday,4,11:35,12:25,Artificial Organs,BM3701,Dr. M. Balaji,C204,Main Block,3,Lecture,,,All,
cda66bb7-fe9c-4bb5-ae71-97f24510da49,BME,2021,2026-2027,1.2,2026-07-19T06:43:29.540140Z,4,7,B,Tuesday,5,13:15,14:05,Biomedical Signal Processing Laboratory,BM3712,Dr. K. Kumar,Lab-8,Main Block,2,Lab,Lab-8,,All,
e7e5267d-bf1d-40fe-b4e3-a32a608143e7,BME,2021,2026-2027,1.2,2026-07-19T06:43:29.540140Z,4,7,B,Tuesday,6,14:05,14:55,Biomedical Signal Processing Laboratory,BM3712,Dr. K. Kumar,Lab-8,Main Block,2,Lab,Lab-8,,All,
a492947c-e450-4a15-b1cd-b81316702ad8,BME,2021,2026-2027,1.2,2026-07-19T06:43:29.540140Z,4,7,B,Tuesday,7,14:55,15:45,Biomedical Signal Processing Laboratory,BM3712,Dr. K. Kumar,Lab-8,Main Block,2,Lab,Lab-8,,All,
9c25a3b1-88ed-4699-99fa-81176491c4a0,BME,2021,2026-2027,1.2,2026-07-19T06:43:29.540140Z,4,7,B,Wednesday,1,08:45,09:35,Healthcare Ethics,BM3791,Dr. R. Natarajan,C154,Main Block,2,Lecture,,,All,
9f924349-c1dc-4f2c-b568-f4728bea4121,BME,2021,2026-2027,1.2,2026-07-19T06:43:29.540140Z,4,7,B,Wednesday,2,09:35,10:25,Biosensors,BM3702,Dr. M. Natarajan,C232,Main Block,3,Lecture,,,All,
c46b2394-53b4-47eb-b7a6-32ba1761dc64,BME,2021,2026-2027,1.2,2026-07-19T06:43:29.540140Z,4,7,B,Wednesday,3,10:45,11:35,Biosensors,BM3702,Dr. M. Natarajan,C313,Main Block,3,Lecture,,,All,
5d19c875-d300-49b1-af2a-dd06f2009df2,BME,2021,2026-2027,1.2,2026-07-19T06:43:29.540140Z,4,7,B,Wednesday,4,11:35,12:25,Biosensors,BM3702,Dr. M. Natarajan,C364,Main Block,3,Lecture,,,All,
53783669-296e-4ab3-966f-ad4032610305,BME,2021,2026-2027,1.2,2026-07-19T06:43:29.540140Z,4,7,B,Wednesday,5,13:15,14:05,Biosensors,BM3702,Dr. M. Natarajan,C163,Main Block,3,Lecture,,,All,
dba14616-8947-4f08-bb85-de7869e13cb4,BME,2021,2026-2027,1.2,2026-07-19T06:43:29.540140Z,4,7,B,Wednesday,6,14:05,14:55,Project Work,BM3711,Dr. R. Balaji,C283,Main Block,2,Mini Project,,,All,
f328a0b1-f41b-45e5-a0d0-c95eacb772ad,BME,2021,2026-2027,1.2,2026-07-19T06:43:29.540140Z,4,7,B,Wednesday,7,14:55,15:45,Healthcare Ethics,BM3791,Dr. R. Natarajan,C180,Main Block,2,Lecture,,,All,
df36b8ad-e7ce-4429-bd71-d4b8e47e4bc4,BME,2021,2026-2027,1.2,2026-07-19T06:43:29.540140Z,4,7,B,Thursday,1,08:45,09:35,Biosensors,BM3702,Dr. M. Natarajan,C216,Main Block,3,Lecture,,,All,
ae5ae410-651c-4c4c-b2b9-9a731b56ea05,BME,2021,2026-2027,1.2,2026-07-19T06:43:29.540140Z,4,7,B,Thursday,2,09:35,10:25,Biosensors,BM3702,Dr. M. Natarajan,C289,Main Block,3,Lecture,,,All,
47b96c47-4c2f-4b52-ba00-da3217ab67f9,BME,2021,2026-2027,1.2,2026-07-19T06:43:29.540140Z,4,7,B,Thursday,3,10:45,11:35,Healthcare Ethics,BM3791,Dr. R. Natarajan,C138,Main Block,2,Lecture,,,All,
4d70ee3e-c759-468f-b227-85dfdff98e3f,BME,2021,2026-2027,1.2,2026-07-19T06:43:29.540140Z,4,7,B,Thursday,4,11:35,12:25,Healthcare Ethics,BM3791,Dr. R. Natarajan,C403,Main Block,2,Lecture,,,All,
68d4edf5-ef8c-4db6-9458-25cccb8de05b,BME,2021,2026-2027,1.2,2026-07-19T06:43:29.540140Z,4,7,B,Thursday,5,13:15,14:05,Biomedical Signal Processing Laboratory,BM3712,Dr. K. Kumar,Lab-9,Main Block,2,Lab,Lab-9,,All,
77701365-22cf-453b-abb8-722dabdd1889,BME,2021,2026-2027,1.2,2026-07-19T06:43:29.540140Z,4,7,B,Thursday,6,14:05,14:55,Biomedical Signal Processing Laboratory,BM3712,Dr. K. Kumar,Lab-9,Main Block,2,Lab,Lab-9,,All,
e1735f94-4aef-40f8-af4c-bbd7c19a2501,BME,2021,2026-2027,1.2,2026-07-19T06:43:29.540140Z,4,7,B,Thursday,7,14:55,15:45,Biomedical Signal Processing Laboratory,BM3712,Dr. K. Kumar,Lab-9,Main Block,2,Lab,Lab-9,,All,
40dcb2b1-b86e-49a2-95da-010a699cfae9,BME,2021,2026-2027,1.2,2026-07-19T06:43:29.540140Z,4,7,B,Friday,1,08:45,09:35,Project Work,BM3711,Dr. R. Balaji,C186,Main Block,2,Mini Project,,,All,
a0a16bb9-09f7-4d74-b296-d97c2c57fb19,BME,2021,2026-2027,1.2,2026-07-19T06:43:29.540140Z,4,7,B,Friday,2,09:35,10:25,Healthcare Ethics,BM3791,Dr. R. Natarajan,C287,Main Block,2,Lecture,,,All,
310ba0ec-9513-4844-bf75-0f06cbd7428a,BME,2021,2026-2027,1.2,2026-07-19T06:43:29.540140Z,4,7,B,Friday,3,10:45,11:35,Biosensors,BM3702,Dr. M. Natarajan,C266,Main Block,3,Lecture,,,All,
ae001a9c-9904-4384-b04c-6688e39aa8da,BME,2021,2026-2027,1.2,2026-07-19T06:43:29.540140Z,4,7,B,Friday,4,11:35,12:25,Artificial Organs,BM3701,Dr. M. Balaji,C358,Main Block,3,Lecture,,,All,
8d2d4002-29bf-444d-ada9-07db0d16629e,BME,2021,2026-2027,1.2,2026-07-19T06:43:29.540140Z,4,7,B,Friday,5,13:15,14:05,Project Work,BM3711,Dr. R. Balaji,C390,Main Block,2,Mini Project,,,All,
5b5d076b-f8bd-4db7-908d-ffed6e4e5127,BME,2021,2026-2027,1.2,2026-07-19T06:43:29.540140Z,4,7,B,Friday,6,14:05,14:55,Project Work,BM3711,Dr. R. Balaji,C152,Main Block,2,Mini Project,,,All,
470cb15c-9dc9-4ed4-a5d8-3d503cdd278f,BME,2021,2026-2027,1.2,2026-07-19T06:43:29.540140Z,4,7,B,Friday,7,14:55,15:45,Project Work,BM3711,Dr. R. Balaji,C141,Main Block,2,Mini Project,,,All,
68f195f5-75ed-4249-8ef9-3df494f3aa7f,BME,2021,2026-2027,1.2,2026-07-19T06:43:29.540140Z,4,7,B,Saturday,1,08:45,09:35,Healthcare Ethics,BM3791,Dr. R. Natarajan,C385,Main Block,2,Lecture,,,All,
d4ff7ec4-f0f1-4342-9c37-390a4e4e4d04,BME,2021,2026-2027,1.2,2026-07-19T06:43:29.540140Z,4,7,B,Saturday,2,09:35,10:25,Artificial Organs,BM3701,Dr. M. Balaji,C333,Main Block,3,Lecture,,,All,
154c0f17-855a-488f-bc88-c077e0578c33,BME,2021,2026-2027,1.2,2026-07-19T06:43:29.540140Z,4,7,B,Saturday,3,10:45,11:35,Project Work,BM3711,Dr. R. Balaji,C350,Main Block,2,Mini Project,,,All,
dc3226ca-61dd-4ac6-9530-3c8cbdb224c0,BME,2021,2026-2027,1.2,2026-07-19T06:43:29.540140Z,4,7,B,Saturday,4,11:35,12:25,Healthcare Ethics,BM3791,Dr. R. Natarajan,C111,Main Block,2,Lecture,,,All,
273f1d3c-0d4f-41a1-aeeb-dbd49bdca536,BME,2021,2026-2027,1.2,2026-07-19T06:43:29.540140Z,4,7,B,Saturday,5,13:15,14:05,Biomedical Signal Processing Laboratory,BM3712,Dr. K. Kumar,Lab-1,Main Block,2,Lab,Lab-1,,All,
db5f81c5-517b-45f4-aafe-2120ef779559,BME,2021,2026-2027,1.2,2026-07-19T06:43:29.540140Z,4,7,B,Saturday,6,14:05,14:55,Biomedical Signal Processing Laboratory,BM3712,Dr. K. Kumar,Lab-1,Main Block,2,Lab,Lab-1,,All,
d9c5f202-22d3-4166-854e-1168a0ce2cc2,BME,2021,2026-2027,1.2,2026-07-19T06:43:29.540140Z,4,7,B,Saturday,7,14:55,15:45,Biomedical Signal Processing Laboratory,BM3712,Dr. K. Kumar,Lab-1,Main Block,2,Lab,Lab-1,,All,
